2024-10-31 11:33:37 INFO log.py:21: Yasb
2024-10-31 11:33:37 INFO config.py:59: Created default config file at C:\Users\jojat\.config\yasb\config.yaml
2024-10-31 11:33:37 INFO config.py:73: Created default stylesheet at C:\Users\jojat\.config\yasb\styles.css
2024-10-31 11:33:37 DEBUG win32.py:58: Looking up time zone info from registry
2024-10-31 11:33:39 INFO weather.py:156: Fetched new weather data at 2024-10-31 11:33:39.978165
2024-10-31 11:33:40 DEBUG __init__.py:143: CoInitializeEx(None, 2)
2024-10-31 11:33:41 INFO weather.py:156: Fetched new weather data at 2024-10-31 11:33:41.024901
2024-10-31 11:33:41 INFO event_listener.py:52: Created named pipe yasb-c71748db-971f-11ef-bcb1-e848b8c82000
2024-10-31 11:33:41 INFO event_listener.py:106: Waiting for Komorebi to subscribe to named pipe yasb-c71748db-971f-11ef-bcb1-e848b8c82000
2024-10-31 11:33:41 INFO watcher.py:39: Created file watcher for path C:\Users\jojat\.config\yasb
2024-10-31 11:33:41 DEBUG _windows.py:213: Starting (proactor: <_IocpProactor overlapped#=0 result#=0>)...
2024-10-31 11:33:41 DEBUG _windows.py:192: Thread started
2024-10-31 11:33:41 INFO event_listener.py:118: Komorebi connected to named pipe: yasb-c71748db-971f-11ef-bcb1-e848b8c82000
2024-10-31 11:35:48 INFO log.py:21: Yasb
2024-10-31 11:35:49 DEBUG win32.py:58: Looking up time zone info from registry
2024-10-31 11:35:49 INFO weather.py:156: Fetched new weather data at 2024-10-31 11:35:49.239235
2024-10-31 11:35:49 DEBUG __init__.py:143: CoInitializeEx(None, 2)
2024-10-31 11:35:49 INFO weather.py:156: Fetched new weather data at 2024-10-31 11:35:49.848557
2024-10-31 11:35:50 INFO event_listener.py:52: Created named pipe yasb-13d3365f-9720-11ef-affc-e848b8c82000
2024-10-31 11:35:50 INFO event_listener.py:106: Waiting for Komorebi to subscribe to named pipe yasb-13d3365f-9720-11ef-affc-e848b8c82000
2024-10-31 11:35:50 INFO watcher.py:39: Created file watcher for path C:\Users\jojat\.config\yasb
2024-10-31 11:35:50 DEBUG _windows.py:213: Starting (proactor: <_IocpProactor overlapped#=0 result#=0>)...
2024-10-31 11:35:50 DEBUG _windows.py:192: Thread started
2024-10-31 11:35:50 INFO event_listener.py:118: Komorebi connected to named pipe: yasb-13d3365f-9720-11ef-affc-e848b8c82000
2024-10-31 11:36:07 INFO log.py:21: Yasb
2024-10-31 11:36:07 DEBUG win32.py:58: Looking up time zone info from registry
2024-10-31 11:36:07 INFO weather.py:156: Fetched new weather data at 2024-10-31 11:36:07.705658
2024-10-31 11:36:07 DEBUG __init__.py:143: CoInitializeEx(None, 2)
2024-10-31 11:36:08 INFO weather.py:156: Fetched new weather data at 2024-10-31 11:36:08.317696
2024-10-31 11:36:08 INFO event_listener.py:52: Created named pipe yasb-1edc03ca-9720-11ef-94b5-e848b8c82000
2024-10-31 11:36:08 INFO event_listener.py:106: Waiting for Komorebi to subscribe to named pipe yasb-1edc03ca-9720-11ef-94b5-e848b8c82000
2024-10-31 11:36:08 INFO watcher.py:39: Created file watcher for path C:\Users\jojat\.config\yasb
2024-10-31 11:36:08 DEBUG _windows.py:213: Starting (proactor: <_IocpProactor overlapped#=0 result#=0>)...
2024-10-31 11:36:08 DEBUG _windows.py:192: Thread started
2024-10-31 11:36:08 INFO event_listener.py:118: Komorebi connected to named pipe: yasb-1edc03ca-9720-11ef-94b5-e848b8c82000
2024-10-31 11:36:27 ERROR bar_manager.py:53: Error loading config: mapping values are not allowed here
  in "C:\Users\jojat\.config\yasb\config.yaml", line 30, column 22
2024-10-31 11:36:31 INFO log.py:21: Yasb
2024-10-31 11:36:31 DEBUG win32.py:58: Looking up time zone info from registry
2024-10-31 11:36:31 INFO weather.py:156: Fetched new weather data at 2024-10-31 11:36:31.794267
2024-10-31 11:36:32 DEBUG __init__.py:143: CoInitializeEx(None, 2)
2024-10-31 11:36:32 INFO weather.py:156: Fetched new weather data at 2024-10-31 11:36:32.408466
2024-10-31 11:36:32 INFO event_listener.py:52: Created named pipe yasb-2d3bbbc9-9720-11ef-a63f-e848b8c82000
2024-10-31 11:36:32 INFO event_listener.py:106: Waiting for Komorebi to subscribe to named pipe yasb-2d3bbbc9-9720-11ef-a63f-e848b8c82000
2024-10-31 11:36:32 INFO watcher.py:39: Created file watcher for path C:\Users\jojat\.config\yasb
2024-10-31 11:36:32 DEBUG _windows.py:213: Starting (proactor: <_IocpProactor overlapped#=0 result#=0>)...
2024-10-31 11:36:32 DEBUG _windows.py:192: Thread started
2024-10-31 11:36:32 INFO event_listener.py:118: Komorebi connected to named pipe: yasb-2d3bbbc9-9720-11ef-a63f-e848b8c82000
2024-10-31 11:36:41 ERROR bar_manager.py:53: Error loading config: while scanning a simple key
  in "C:\Users\jojat\.config\yasb\config.yaml", line 30, column 7
could not find expected ':'
  in "C:\Users\jojat\.config\yasb\config.yaml", line 31, column 5
2024-10-31 11:36:44 INFO log.py:21: Yasb
2024-10-31 11:36:45 DEBUG win32.py:58: Looking up time zone info from registry
2024-10-31 11:36:45 INFO weather.py:156: Fetched new weather data at 2024-10-31 11:36:45.448606
2024-10-31 11:36:45 DEBUG __init__.py:143: CoInitializeEx(None, 2)
2024-10-31 11:36:45 INFO weather.py:156: Fetched new weather data at 2024-10-31 11:36:45.958221
2024-10-31 11:36:46 INFO event_listener.py:52: Created named pipe yasb-353fbdf0-9720-11ef-870f-e848b8c82000
2024-10-31 11:36:46 INFO event_listener.py:106: Waiting for Komorebi to subscribe to named pipe yasb-353fbdf0-9720-11ef-870f-e848b8c82000
2024-10-31 11:36:46 INFO watcher.py:39: Created file watcher for path C:\Users\jojat\.config\yasb
2024-10-31 11:36:46 INFO event_listener.py:118: Komorebi connected to named pipe: yasb-353fbdf0-9720-11ef-870f-e848b8c82000
2024-10-31 11:36:46 DEBUG _windows.py:213: Starting (proactor: <_IocpProactor overlapped#=0 result#=0>)...
2024-10-31 11:36:46 DEBUG _windows.py:192: Thread started
2024-10-31 11:37:42 INFO log.py:21: Yasb
2024-10-31 11:37:42 DEBUG win32.py:58: Looking up time zone info from registry
2024-10-31 11:37:42 INFO weather.py:156: Fetched new weather data at 2024-10-31 11:37:42.601784
2024-10-31 11:37:42 DEBUG __init__.py:143: CoInitializeEx(None, 2)
2024-10-31 11:37:43 INFO weather.py:156: Fetched new weather data at 2024-10-31 11:37:43.231568
2024-10-31 11:37:43 INFO event_listener.py:52: Created named pipe yasb-577a9ed6-9720-11ef-88de-e848b8c82000
2024-10-31 11:37:43 INFO event_listener.py:106: Waiting for Komorebi to subscribe to named pipe yasb-577a9ed6-9720-11ef-88de-e848b8c82000
2024-10-31 11:37:43 INFO watcher.py:39: Created file watcher for path C:\Users\jojat\.config\yasb
2024-10-31 11:37:43 DEBUG _windows.py:213: Starting (proactor: <_IocpProactor overlapped#=0 result#=0>)...
2024-10-31 11:37:43 DEBUG _windows.py:192: Thread started
2024-10-31 11:37:43 INFO event_listener.py:118: Komorebi connected to named pipe: yasb-577a9ed6-9720-11ef-88de-e848b8c82000
2024-10-31 11:37:51 INFO log.py:21: Yasb
2024-10-31 11:37:51 DEBUG win32.py:58: Looking up time zone info from registry
2024-10-31 11:37:51 INFO weather.py:156: Fetched new weather data at 2024-10-31 11:37:51.477253
2024-10-31 11:37:51 DEBUG __init__.py:143: CoInitializeEx(None, 2)
2024-10-31 11:37:51 INFO weather.py:156: Fetched new weather data at 2024-10-31 11:37:51.967543
2024-10-31 11:37:52 INFO event_listener.py:52: Created named pipe yasb-5c981e2f-9720-11ef-9c43-e848b8c82000
2024-10-31 11:37:52 INFO event_listener.py:106: Waiting for Komorebi to subscribe to named pipe yasb-5c981e2f-9720-11ef-9c43-e848b8c82000
2024-10-31 11:37:52 INFO watcher.py:39: Created file watcher for path C:\Users\jojat\.config\yasb
2024-10-31 11:37:52 DEBUG _windows.py:213: Starting (proactor: <_IocpProactor overlapped#=0 result#=0>)...
2024-10-31 11:37:52 DEBUG _windows.py:192: Thread started
2024-10-31 11:37:52 INFO event_listener.py:118: Komorebi connected to named pipe: yasb-5c981e2f-9720-11ef-9c43-e848b8c82000
2024-10-31 11:37:57 INFO log.py:21: Yasb
2024-10-31 11:37:57 DEBUG win32.py:58: Looking up time zone info from registry
2024-10-31 11:37:57 INFO weather.py:156: Fetched new weather data at 2024-10-31 11:37:57.721283
2024-10-31 11:37:57 DEBUG __init__.py:143: CoInitializeEx(None, 2)
2024-10-31 11:37:58 INFO weather.py:156: Fetched new weather data at 2024-10-31 11:37:58.344006
2024-10-31 11:37:58 INFO event_listener.py:52: Created named pipe yasb-607eb93c-9720-11ef-a766-e848b8c82000
2024-10-31 11:37:58 INFO event_listener.py:106: Waiting for Komorebi to subscribe to named pipe yasb-607eb93c-9720-11ef-a766-e848b8c82000
2024-10-31 11:37:58 INFO watcher.py:39: Created file watcher for path C:\Users\jojat\.config\yasb
2024-10-31 11:37:58 DEBUG _windows.py:213: Starting (proactor: <_IocpProactor overlapped#=0 result#=0>)...
2024-10-31 11:37:58 DEBUG _windows.py:192: Thread started
2024-10-31 11:37:58 INFO event_listener.py:118: Komorebi connected to named pipe: yasb-607eb93c-9720-11ef-a766-e848b8c82000
2024-10-31 11:41:55 INFO log.py:21: Yasb
2024-10-31 11:41:55 DEBUG win32.py:58: Looking up time zone info from registry
2024-10-31 11:41:55 INFO weather.py:156: Fetched new weather data at 2024-10-31 11:41:55.810624
2024-10-31 11:41:56 DEBUG __init__.py:143: CoInitializeEx(None, 2)
2024-10-31 11:41:56 INFO weather.py:156: Fetched new weather data at 2024-10-31 11:41:56.447959
2024-10-31 11:41:56 INFO event_listener.py:52: Created named pipe yasb-ee626c8a-9720-11ef-b22d-e848b8c82000
2024-10-31 11:41:56 INFO event_listener.py:106: Waiting for Komorebi to subscribe to named pipe yasb-ee626c8a-9720-11ef-b22d-e848b8c82000
2024-10-31 11:41:56 INFO watcher.py:39: Created file watcher for path C:\Users\jojat\.config\yasb
2024-10-31 11:41:56 DEBUG _windows.py:213: Starting (proactor: <_IocpProactor overlapped#=0 result#=0>)...
2024-10-31 11:41:56 DEBUG _windows.py:192: Thread started
2024-10-31 11:41:56 INFO event_listener.py:118: Komorebi connected to named pipe: yasb-ee626c8a-9720-11ef-b22d-e848b8c82000
2024-10-31 11:43:05 INFO log.py:21: Yasb
2024-10-31 11:43:05 DEBUG win32.py:58: Looking up time zone info from registry
2024-10-31 11:43:05 INFO weather.py:156: Fetched new weather data at 2024-10-31 11:43:05.664351
2024-10-31 11:43:05 DEBUG __init__.py:143: CoInitializeEx(None, 2)
2024-10-31 11:43:06 INFO weather.py:156: Fetched new weather data at 2024-10-31 11:43:06.295057
2024-10-31 11:43:06 INFO event_listener.py:52: Created named pipe yasb-17ffbfd1-9721-11ef-b813-e848b8c82000
2024-10-31 11:43:06 INFO event_listener.py:106: Waiting for Komorebi to subscribe to named pipe yasb-17ffbfd1-9721-11ef-b813-e848b8c82000
2024-10-31 11:43:06 INFO watcher.py:39: Created file watcher for path C:\Users\jojat\.config\yasb
2024-10-31 11:43:06 DEBUG _windows.py:213: Starting (proactor: <_IocpProactor overlapped#=0 result#=0>)...
2024-10-31 11:43:06 DEBUG _windows.py:192: Thread started
2024-10-31 11:43:06 INFO event_listener.py:118: Komorebi connected to named pipe: yasb-17ffbfd1-9721-11ef-b813-e848b8c82000
2024-10-31 11:43:13 INFO log.py:21: Yasb
2024-10-31 11:43:14 DEBUG win32.py:58: Looking up time zone info from registry
2024-10-31 11:43:14 INFO weather.py:156: Fetched new weather data at 2024-10-31 11:43:14.375041
2024-10-31 11:43:14 DEBUG __init__.py:143: CoInitializeEx(None, 2)
2024-10-31 11:43:14 INFO weather.py:156: Fetched new weather data at 2024-10-31 11:43:14.983101
2024-10-31 11:43:15 INFO event_listener.py:52: Created named pipe yasb-1d2dd385-9721-11ef-94ff-e848b8c82000
2024-10-31 11:43:15 INFO event_listener.py:106: Waiting for Komorebi to subscribe to named pipe yasb-1d2dd385-9721-11ef-94ff-e848b8c82000
2024-10-31 11:43:15 INFO watcher.py:39: Created file watcher for path C:\Users\jojat\.config\yasb
2024-10-31 11:43:15 DEBUG _windows.py:213: Starting (proactor: <_IocpProactor overlapped#=0 result#=0>)...
2024-10-31 11:43:15 DEBUG _windows.py:192: Thread started
2024-10-31 11:43:15 INFO event_listener.py:118: Komorebi connected to named pipe: yasb-1d2dd385-9721-11ef-94ff-e848b8c82000
2024-10-31 11:44:22 INFO log.py:21: Yasb
2024-10-31 11:44:22 DEBUG win32.py:58: Looking up time zone info from registry
2024-10-31 11:44:22 INFO weather.py:156: Fetched new weather data at 2024-10-31 11:44:22.451393
2024-10-31 11:44:22 DEBUG __init__.py:143: CoInitializeEx(None, 2)
2024-10-31 11:44:23 WARNING widget_builder.py:35: Ignoring construction of invalid widget 'komorebi_workspaces'
2024-10-31 11:44:23 INFO weather.py:156: Fetched new weather data at 2024-10-31 11:44:23.082615
2024-10-31 11:44:23 INFO event_listener.py:52: Created named pipe yasb-45c49733-9721-11ef-a641-e848b8c82000
2024-10-31 11:44:23 INFO event_listener.py:106: Waiting for Komorebi to subscribe to named pipe yasb-45c49733-9721-11ef-a641-e848b8c82000
2024-10-31 11:44:23 INFO event_listener.py:118: Komorebi connected to named pipe: yasb-45c49733-9721-11ef-a641-e848b8c82000
2024-10-31 11:44:43 INFO log.py:21: Yasb
2024-10-31 11:44:43 DEBUG win32.py:58: Looking up time zone info from registry
2024-10-31 11:44:43 INFO weather.py:156: Fetched new weather data at 2024-10-31 11:44:43.772812
2024-10-31 11:44:43 DEBUG __init__.py:143: CoInitializeEx(None, 2)
2024-10-31 11:44:44 INFO weather.py:156: Fetched new weather data at 2024-10-31 11:44:44.388446
2024-10-31 11:44:44 INFO event_listener.py:52: Created named pipe yasb-5285f1e5-9721-11ef-b201-e848b8c82000
2024-10-31 11:44:44 INFO event_listener.py:106: Waiting for Komorebi to subscribe to named pipe yasb-5285f1e5-9721-11ef-b201-e848b8c82000
2024-10-31 11:44:44 INFO watcher.py:39: Created file watcher for path C:\Users\jojat\.config\yasb
2024-10-31 11:44:44 DEBUG _windows.py:213: Starting (proactor: <_IocpProactor overlapped#=0 result#=0>)...
2024-10-31 11:44:44 DEBUG _windows.py:192: Thread started
2024-10-31 11:44:44 INFO event_listener.py:118: Komorebi connected to named pipe: yasb-5285f1e5-9721-11ef-b201-e848b8c82000
2024-10-31 11:44:55 INFO log.py:21: Yasb
2024-10-31 11:44:56 DEBUG win32.py:58: Looking up time zone info from registry
2024-10-31 11:44:56 INFO weather.py:156: Fetched new weather data at 2024-10-31 11:44:56.333956
2024-10-31 11:44:56 DEBUG __init__.py:143: CoInitializeEx(None, 2)
2024-10-31 11:44:56 INFO weather.py:156: Fetched new weather data at 2024-10-31 11:44:56.966267
2024-10-31 11:44:57 INFO event_listener.py:52: Created named pipe yasb-59f9be0c-9721-11ef-90b4-e848b8c82000
2024-10-31 11:44:57 INFO event_listener.py:106: Waiting for Komorebi to subscribe to named pipe yasb-59f9be0c-9721-11ef-90b4-e848b8c82000
2024-10-31 11:44:57 INFO watcher.py:39: Created file watcher for path C:\Users\jojat\.config\yasb
2024-10-31 11:44:57 DEBUG _windows.py:213: Starting (proactor: <_IocpProactor overlapped#=0 result#=0>)...
2024-10-31 11:44:57 DEBUG _windows.py:192: Thread started
2024-10-31 11:44:57 INFO event_listener.py:118: Komorebi connected to named pipe: yasb-59f9be0c-9721-11ef-90b4-e848b8c82000
2024-10-31 11:45:12 INFO log.py:21: Yasb
2024-10-31 11:45:12 DEBUG win32.py:58: Looking up time zone info from registry
2024-10-31 11:45:12 INFO weather.py:156: Fetched new weather data at 2024-10-31 11:45:12.605807
2024-10-31 11:45:12 DEBUG __init__.py:143: CoInitializeEx(None, 2)
2024-10-31 11:45:13 INFO weather.py:156: Fetched new weather data at 2024-10-31 11:45:13.216267
2024-10-31 11:45:13 INFO event_listener.py:52: Created named pipe yasb-63a6eae7-9721-11ef-8886-e848b8c82000
2024-10-31 11:45:13 INFO event_listener.py:106: Waiting for Komorebi to subscribe to named pipe yasb-63a6eae7-9721-11ef-8886-e848b8c82000
2024-10-31 11:45:13 INFO watcher.py:39: Created file watcher for path C:\Users\jojat\.config\yasb
2024-10-31 11:45:13 DEBUG _windows.py:213: Starting (proactor: <_IocpProactor overlapped#=0 result#=0>)...
2024-10-31 11:45:13 DEBUG _windows.py:192: Thread started
2024-10-31 11:45:13 INFO event_listener.py:118: Komorebi connected to named pipe: yasb-63a6eae7-9721-11ef-8886-e848b8c82000
2024-10-31 11:47:40 INFO log.py:21: Yasb
2024-10-31 11:47:40 DEBUG win32.py:58: Looking up time zone info from registry
2024-10-31 11:47:40 INFO weather.py:156: Fetched new weather data at 2024-10-31 11:47:40.390441
2024-10-31 11:47:40 DEBUG __init__.py:143: CoInitializeEx(None, 2)
2024-10-31 11:47:41 INFO weather.py:156: Fetched new weather data at 2024-10-31 11:47:41.032918
2024-10-31 11:47:41 INFO event_listener.py:52: Created named pipe yasb-bbc2c991-9721-11ef-a6ae-e848b8c82000
2024-10-31 11:47:41 INFO event_listener.py:106: Waiting for Komorebi to subscribe to named pipe yasb-bbc2c991-9721-11ef-a6ae-e848b8c82000
2024-10-31 11:47:41 INFO watcher.py:39: Created file watcher for path C:\Users\jojat\.config\yasb
2024-10-31 11:47:41 DEBUG _windows.py:213: Starting (proactor: <_IocpProactor overlapped#=0 result#=0>)...
2024-10-31 11:47:41 DEBUG _windows.py:192: Thread started
2024-10-31 11:47:41 INFO event_listener.py:118: Komorebi connected to named pipe: yasb-bbc2c991-9721-11ef-a6ae-e848b8c82000
2024-10-31 11:48:07 INFO log.py:21: Yasb
2024-10-31 11:48:08 DEBUG win32.py:58: Looking up time zone info from registry
2024-10-31 11:48:08 INFO weather.py:156: Fetched new weather data at 2024-10-31 11:48:08.285175
2024-10-31 11:48:08 DEBUG __init__.py:143: CoInitializeEx(None, 2)
2024-10-31 11:48:08 INFO weather.py:156: Fetched new weather data at 2024-10-31 11:48:08.895706
2024-10-31 11:48:09 INFO event_listener.py:52: Created named pipe yasb-cc631351-9721-11ef-bd96-e848b8c82000
2024-10-31 11:48:09 INFO event_listener.py:106: Waiting for Komorebi to subscribe to named pipe yasb-cc631351-9721-11ef-bd96-e848b8c82000
2024-10-31 11:48:09 INFO watcher.py:39: Created file watcher for path C:\Users\jojat\.config\yasb
2024-10-31 11:48:09 DEBUG _windows.py:213: Starting (proactor: <_IocpProactor overlapped#=0 result#=0>)...
2024-10-31 11:48:09 DEBUG _windows.py:192: Thread started
2024-10-31 11:48:09 INFO event_listener.py:118: Komorebi connected to named pipe: yasb-cc631351-9721-11ef-bd96-e848b8c82000
2024-10-31 11:48:34 ERROR config.py:90: The config file 'C:\Users\jojat\.config\yasb\config.yaml' contains validation errors. Please fix:
widgets:
- animation:
  - must be of ['string', 'dict'] type
  bottom:
  - must be of ['string', 'dict'] type
  callbacks:
  - null value not allowed
  container_padding:
  - null value not allowed
  github:
  - null value not allowed
  hide_empty_workspaces:
  - must be of ['string', 'dict'] type
  hide_if_offline:
  - must be of ['string', 'dict'] type
  label_zero_index:
  - must be of ['string', 'dict'] type
  left:
  - must be of ['string', 'dict'] type
  max_field_size:
  - must be of ['string', 'dict'] type
  max_notification:
  - must be of ['string', 'dict'] type
  menu_height:
  - must be of ['string', 'dict'] type
  menu_offset:
  - must be of ['string', 'dict'] type
  menu_width:
  - must be of ['string', 'dict'] type
  only_unread:
  - must be of ['string', 'dict'] type
  options:
  - null value not allowed
  right:
  - must be of ['string', 'dict'] type
  top:
  - must be of ['string', 'dict'] type
  update_interval:
  - must be of ['string', 'dict'] type

2024-10-31 11:48:34 ERROR config.py:90: The config file 'C:\Users\jojat\.config\yasb\config.yaml' contains validation errors. Please fix:
widgets:
- animation:
  - must be of ['string', 'dict'] type
  bottom:
  - must be of ['string', 'dict'] type
  callbacks:
  - null value not allowed
  container_padding:
  - null value not allowed
  github:
  - null value not allowed
  hide_empty_workspaces:
  - must be of ['string', 'dict'] type
  hide_if_offline:
  - must be of ['string', 'dict'] type
  label_zero_index:
  - must be of ['string', 'dict'] type
  left:
  - must be of ['string', 'dict'] type
  max_field_size:
  - must be of ['string', 'dict'] type
  max_notification:
  - must be of ['string', 'dict'] type
  menu_height:
  - must be of ['string', 'dict'] type
  menu_offset:
  - must be of ['string', 'dict'] type
  menu_width:
  - must be of ['string', 'dict'] type
  only_unread:
  - must be of ['string', 'dict'] type
  options:
  - null value not allowed
  right:
  - must be of ['string', 'dict'] type
  top:
  - must be of ['string', 'dict'] type
  update_interval:
  - must be of ['string', 'dict'] type

2024-10-31 11:48:39 ERROR config.py:90: The config file 'C:\Users\jojat\.config\yasb\config.yaml' contains validation errors. Please fix:
widgets:
- animation:
  - must be of ['string', 'dict'] type
  bottom:
  - must be of ['string', 'dict'] type
  callbacks:
  - null value not allowed
  container_padding:
  - null value not allowed
  github:
  - null value not allowed
  hide_empty_workspaces:
  - must be of ['string', 'dict'] type
  hide_if_offline:
  - must be of ['string', 'dict'] type
  label_zero_index:
  - must be of ['string', 'dict'] type
  left:
  - must be of ['string', 'dict'] type
  max_field_size:
  - must be of ['string', 'dict'] type
  max_notification:
  - must be of ['string', 'dict'] type
  menu_height:
  - must be of ['string', 'dict'] type
  menu_offset:
  - must be of ['string', 'dict'] type
  menu_width:
  - must be of ['string', 'dict'] type
  only_unread:
  - must be of ['string', 'dict'] type
  options:
  - null value not allowed
  right:
  - must be of ['string', 'dict'] type
  top:
  - must be of ['string', 'dict'] type
  update_interval:
  - must be of ['string', 'dict'] type

2024-10-31 11:48:39 ERROR config.py:90: The config file 'C:\Users\jojat\.config\yasb\config.yaml' contains validation errors. Please fix:
widgets:
- animation:
  - must be of ['string', 'dict'] type
  bottom:
  - must be of ['string', 'dict'] type
  callbacks:
  - null value not allowed
  container_padding:
  - null value not allowed
  github:
  - null value not allowed
  hide_empty_workspaces:
  - must be of ['string', 'dict'] type
  hide_if_offline:
  - must be of ['string', 'dict'] type
  label_zero_index:
  - must be of ['string', 'dict'] type
  left:
  - must be of ['string', 'dict'] type
  max_field_size:
  - must be of ['string', 'dict'] type
  max_notification:
  - must be of ['string', 'dict'] type
  menu_height:
  - must be of ['string', 'dict'] type
  menu_offset:
  - must be of ['string', 'dict'] type
  menu_width:
  - must be of ['string', 'dict'] type
  only_unread:
  - must be of ['string', 'dict'] type
  options:
  - null value not allowed
  right:
  - must be of ['string', 'dict'] type
  top:
  - must be of ['string', 'dict'] type
  update_interval:
  - must be of ['string', 'dict'] type

2024-10-31 11:51:37 INFO log.py:21: Yasb
2024-10-31 11:51:37 DEBUG win32.py:58: Looking up time zone info from registry
2024-10-31 11:51:37 INFO weather.py:156: Fetched new weather data at 2024-10-31 11:51:37.965214
2024-10-31 11:51:38 DEBUG __init__.py:143: CoInitializeEx(None, 2)
2024-10-31 11:51:38 INFO weather.py:156: Fetched new weather data at 2024-10-31 11:51:38.591258
2024-10-31 11:51:38 INFO event_listener.py:52: Created named pipe yasb-495a03c4-9722-11ef-9a55-e848b8c82000
2024-10-31 11:51:38 INFO event_listener.py:106: Waiting for Komorebi to subscribe to named pipe yasb-495a03c4-9722-11ef-9a55-e848b8c82000
2024-10-31 11:51:38 INFO watcher.py:39: Created file watcher for path C:\Users\jojat\.config\yasb
2024-10-31 11:51:38 DEBUG _windows.py:213: Starting (proactor: <_IocpProactor overlapped#=0 result#=0>)...
2024-10-31 11:51:38 DEBUG _windows.py:192: Thread started
2024-10-31 11:51:38 INFO event_listener.py:118: Komorebi connected to named pipe: yasb-495a03c4-9722-11ef-9a55-e848b8c82000
2024-10-31 11:52:19 INFO log.py:21: Yasb
2024-10-31 11:52:19 DEBUG win32.py:58: Looking up time zone info from registry
2024-10-31 11:52:19 INFO weather.py:156: Fetched new weather data at 2024-10-31 11:52:19.901068
2024-10-31 11:52:20 DEBUG __init__.py:143: CoInitializeEx(None, 2)
2024-10-31 11:52:20 INFO weather.py:156: Fetched new weather data at 2024-10-31 11:52:20.554570
2024-10-31 11:52:20 INFO event_listener.py:52: Created named pipe yasb-625d6a41-9722-11ef-9212-e848b8c82000
2024-10-31 11:52:20 INFO event_listener.py:106: Waiting for Komorebi to subscribe to named pipe yasb-625d6a41-9722-11ef-9212-e848b8c82000
2024-10-31 11:52:20 INFO watcher.py:39: Created file watcher for path C:\Users\jojat\.config\yasb
2024-10-31 11:52:20 DEBUG _windows.py:213: Starting (proactor: <_IocpProactor overlapped#=0 result#=0>)...
2024-10-31 11:52:20 DEBUG _windows.py:192: Thread started
2024-10-31 11:52:20 INFO event_listener.py:118: Komorebi connected to named pipe: yasb-625d6a41-9722-11ef-9212-e848b8c82000
2024-10-31 11:55:16 INFO log.py:21: Yasb
2024-10-31 11:55:16 DEBUG win32.py:58: Looking up time zone info from registry
2024-10-31 11:55:16 INFO weather.py:156: Fetched new weather data at 2024-10-31 11:55:16.550144
2024-10-31 11:55:16 DEBUG __init__.py:143: CoInitializeEx(None, 2)
2024-10-31 11:55:17 INFO weather.py:156: Fetched new weather data at 2024-10-31 11:55:17.168563
2024-10-31 11:55:17 INFO event_listener.py:52: Created named pipe yasb-cba3f1c9-9722-11ef-9a4f-e848b8c82000
2024-10-31 11:55:17 INFO event_listener.py:106: Waiting for Komorebi to subscribe to named pipe yasb-cba3f1c9-9722-11ef-9a4f-e848b8c82000
2024-10-31 11:55:17 INFO watcher.py:39: Created file watcher for path C:\Users\jojat\.config\yasb
2024-10-31 11:55:17 DEBUG _windows.py:213: Starting (proactor: <_IocpProactor overlapped#=0 result#=0>)...
2024-10-31 11:55:17 DEBUG _windows.py:192: Thread started
2024-10-31 11:55:17 INFO event_listener.py:118: Komorebi connected to named pipe: yasb-cba3f1c9-9722-11ef-9a4f-e848b8c82000
2024-10-31 11:55:42 INFO log.py:21: Yasb
2024-10-31 11:55:42 DEBUG win32.py:58: Looking up time zone info from registry
2024-10-31 11:55:43 INFO weather.py:156: Fetched new weather data at 2024-10-31 11:55:43.084456
2024-10-31 11:55:43 DEBUG __init__.py:143: CoInitializeEx(None, 2)
2024-10-31 11:55:43 INFO weather.py:156: Fetched new weather data at 2024-10-31 11:55:43.710003
2024-10-31 11:55:43 INFO event_listener.py:52: Created named pipe yasb-db788e50-9722-11ef-81df-e848b8c82000
2024-10-31 11:55:43 INFO event_listener.py:106: Waiting for Komorebi to subscribe to named pipe yasb-db788e50-9722-11ef-81df-e848b8c82000
2024-10-31 11:55:43 INFO watcher.py:39: Created file watcher for path C:\Users\jojat\.config\yasb
2024-10-31 11:55:43 DEBUG _windows.py:213: Starting (proactor: <_IocpProactor overlapped#=0 result#=0>)...
2024-10-31 11:55:43 DEBUG _windows.py:192: Thread started
2024-10-31 11:55:44 INFO event_listener.py:118: Komorebi connected to named pipe: yasb-db788e50-9722-11ef-81df-e848b8c82000
2024-10-31 11:57:09 INFO log.py:21: Yasb
2024-10-31 11:57:09 DEBUG win32.py:58: Looking up time zone info from registry
2024-10-31 11:57:09 INFO weather.py:156: Fetched new weather data at 2024-10-31 11:57:09.667280
2024-10-31 11:57:09 DEBUG __init__.py:143: CoInitializeEx(None, 2)
2024-10-31 11:57:10 INFO weather.py:156: Fetched new weather data at 2024-10-31 11:57:10.082514
2024-10-31 11:57:10 INFO event_listener.py:52: Created named pipe yasb-0eee3661-9723-11ef-a29b-e848b8c82000
2024-10-31 11:57:10 INFO event_listener.py:106: Waiting for Komorebi to subscribe to named pipe yasb-0eee3661-9723-11ef-a29b-e848b8c82000
2024-10-31 11:57:10 INFO watcher.py:39: Created file watcher for path C:\Users\jojat\.config\yasb
2024-10-31 11:57:10 DEBUG _windows.py:213: Starting (proactor: <_IocpProactor overlapped#=0 result#=0>)...
2024-10-31 11:57:10 DEBUG _windows.py:192: Thread started
2024-10-31 11:57:10 INFO event_listener.py:118: Komorebi connected to named pipe: yasb-0eee3661-9723-11ef-a29b-e848b8c82000
2024-10-31 11:57:22 INFO log.py:21: Yasb
2024-10-31 11:57:22 DEBUG win32.py:58: Looking up time zone info from registry
2024-10-31 11:57:23 INFO weather.py:156: Fetched new weather data at 2024-10-31 11:57:23.518381
2024-10-31 11:57:23 DEBUG __init__.py:143: CoInitializeEx(None, 2)
2024-10-31 11:57:24 INFO weather.py:156: Fetched new weather data at 2024-10-31 11:57:24.286400
2024-10-31 11:57:24 INFO event_listener.py:52: Created named pipe yasb-1762b54f-9723-11ef-beb7-e848b8c82000
2024-10-31 11:57:24 INFO event_listener.py:106: Waiting for Komorebi to subscribe to named pipe yasb-1762b54f-9723-11ef-beb7-e848b8c82000
2024-10-31 11:57:24 INFO watcher.py:39: Created file watcher for path C:\Users\jojat\.config\yasb
2024-10-31 11:57:24 DEBUG _windows.py:213: Starting (proactor: <_IocpProactor overlapped#=0 result#=0>)...
2024-10-31 11:57:24 DEBUG _windows.py:192: Thread started
2024-10-31 11:57:24 INFO event_listener.py:118: Komorebi connected to named pipe: yasb-1762b54f-9723-11ef-beb7-e848b8c82000
2024-10-31 12:01:17 INFO log.py:21: Yasb
2024-10-31 12:01:17 DEBUG win32.py:58: Looking up time zone info from registry
2024-10-31 12:01:18 WARNING widget_builder.py:38: No widget config could be found for widget 'wallpapers
2024-10-31 12:01:18 INFO weather.py:156: Fetched new weather data at 2024-10-31 12:01:18.123145
2024-10-31 12:01:18 DEBUG __init__.py:143: CoInitializeEx(None, 2)
2024-10-31 12:01:18 WARNING widget_builder.py:35: Ignoring construction of invalid widget 'wallpapers'
2024-10-31 12:01:18 INFO weather.py:156: Fetched new weather data at 2024-10-31 12:01:18.552125
2024-10-31 12:01:18 INFO event_listener.py:52: Created named pipe yasb-a30483e1-9723-11ef-82b2-e848b8c82000
2024-10-31 12:01:18 INFO event_listener.py:106: Waiting for Komorebi to subscribe to named pipe yasb-a30483e1-9723-11ef-82b2-e848b8c82000
2024-10-31 12:01:18 INFO event_listener.py:118: Komorebi connected to named pipe: yasb-a30483e1-9723-11ef-82b2-e848b8c82000
2024-10-31 12:01:50 INFO log.py:21: Yasb
2024-10-31 12:01:51 DEBUG win32.py:58: Looking up time zone info from registry
2024-10-31 12:01:51 WARNING widget_builder.py:38: No widget config could be found for widget 'wallpapers
2024-10-31 12:01:51 INFO weather.py:156: Fetched new weather data at 2024-10-31 12:01:51.432758
2024-10-31 12:01:51 DEBUG __init__.py:143: CoInitializeEx(None, 2)
2024-10-31 12:01:51 WARNING widget_builder.py:35: Ignoring construction of invalid widget 'wallpapers'
2024-10-31 12:01:51 INFO weather.py:156: Fetched new weather data at 2024-10-31 12:01:51.881136
2024-10-31 12:01:52 INFO event_listener.py:52: Created named pipe yasb-b6fbdb45-9723-11ef-8949-e848b8c82000
2024-10-31 12:01:52 INFO event_listener.py:106: Waiting for Komorebi to subscribe to named pipe yasb-b6fbdb45-9723-11ef-8949-e848b8c82000
2024-10-31 12:01:52 INFO event_listener.py:118: Komorebi connected to named pipe: yasb-b6fbdb45-9723-11ef-8949-e848b8c82000
2024-10-31 12:02:20 INFO log.py:21: Yasb
2024-10-31 12:02:20 DEBUG win32.py:58: Looking up time zone info from registry
2024-10-31 12:02:20 WARNING widget_builder.py:38: No widget config could be found for widget 'wallpapers
2024-10-31 12:02:20 INFO weather.py:156: Fetched new weather data at 2024-10-31 12:02:20.891896
2024-10-31 12:02:20 DEBUG __init__.py:143: CoInitializeEx(None, 2)
2024-10-31 12:02:21 WARNING widget_builder.py:35: Ignoring construction of invalid widget 'wallpapers'
2024-10-31 12:02:21 INFO weather.py:156: Fetched new weather data at 2024-10-31 12:02:21.330680
2024-10-31 12:02:21 INFO event_listener.py:52: Created named pipe yasb-c87e85a1-9723-11ef-8290-e848b8c82000
2024-10-31 12:02:21 INFO event_listener.py:106: Waiting for Komorebi to subscribe to named pipe yasb-c87e85a1-9723-11ef-8290-e848b8c82000
2024-10-31 12:02:21 INFO event_listener.py:118: Komorebi connected to named pipe: yasb-c87e85a1-9723-11ef-8290-e848b8c82000
2024-10-31 12:02:51 INFO log.py:21: Yasb
2024-10-31 12:02:51 DEBUG win32.py:58: Looking up time zone info from registry
2024-10-31 12:02:52 INFO weather.py:156: Fetched new weather data at 2024-10-31 12:02:52.269760
2024-10-31 12:02:52 DEBUG __init__.py:143: CoInitializeEx(None, 2)
2024-10-31 12:02:52 INFO weather.py:156: Fetched new weather data at 2024-10-31 12:02:52.731633
2024-10-31 12:02:53 INFO event_listener.py:52: Created named pipe yasb-db4041ef-9723-11ef-856b-e848b8c82000
2024-10-31 12:02:53 INFO event_listener.py:106: Waiting for Komorebi to subscribe to named pipe yasb-db4041ef-9723-11ef-856b-e848b8c82000
2024-10-31 12:02:53 INFO watcher.py:39: Created file watcher for path C:\Users\jojat\.config\yasb
2024-10-31 12:02:53 INFO event_listener.py:118: Komorebi connected to named pipe: yasb-db4041ef-9723-11ef-856b-e848b8c82000
2024-10-31 12:02:53 DEBUG _windows.py:213: Starting (proactor: <_IocpProactor overlapped#=0 result#=0>)...
2024-10-31 12:02:53 DEBUG _windows.py:192: Thread started
2024-10-31 12:02:55 ERROR main.py:62: Unhandled exception
Traceback (most recent call last):
  File "D:\a\yasb\yasb\src\core\widgets\yasb\wallpapers.py", line 205, in handle_mouse_events
TypeError: 'NoneType' object is not subscriptable
2024-10-31 12:03:02 INFO log.py:21: Yasb
2024-10-31 12:03:02 DEBUG win32.py:58: Looking up time zone info from registry
2024-10-31 12:03:02 INFO weather.py:156: Fetched new weather data at 2024-10-31 12:03:02.983023
2024-10-31 12:03:03 DEBUG __init__.py:143: CoInitializeEx(None, 2)
2024-10-31 12:03:03 INFO weather.py:156: Fetched new weather data at 2024-10-31 12:03:03.435999
2024-10-31 12:03:03 INFO event_listener.py:52: Created named pipe yasb-e1a1e382-9723-11ef-9048-e848b8c82000
2024-10-31 12:03:03 INFO event_listener.py:106: Waiting for Komorebi to subscribe to named pipe yasb-e1a1e382-9723-11ef-9048-e848b8c82000
2024-10-31 12:03:03 INFO watcher.py:39: Created file watcher for path C:\Users\jojat\.config\yasb
2024-10-31 12:03:03 DEBUG _windows.py:213: Starting (proactor: <_IocpProactor overlapped#=0 result#=0>)...
2024-10-31 12:03:03 DEBUG _windows.py:192: Thread started
2024-10-31 12:03:03 INFO event_listener.py:118: Komorebi connected to named pipe: yasb-e1a1e382-9723-11ef-9048-e848b8c82000
2024-10-31 12:03:50 ERROR config.py:99: The file 'C:\Users\jojat\.config\yasb\config.yaml' contains Parser Error(s). Please fix:
while parsing a block mapping
  in "C:\Users\jojat\.config\yasb\config.yaml", line 284, column 7
expected <block end>, but found '<block mapping start>'
  in "C:\Users\jojat\.config\yasb\config.yaml", line 288, column 11
2024-10-31 12:03:50 ERROR config.py:99: The file 'C:\Users\jojat\.config\yasb\config.yaml' contains Parser Error(s). Please fix:
while parsing a block mapping
  in "C:\Users\jojat\.config\yasb\config.yaml", line 284, column 7
expected <block end>, but found '<block mapping start>'
  in "C:\Users\jojat\.config\yasb\config.yaml", line 288, column 11
2024-10-31 12:03:50 ERROR config.py:99: The file 'C:\Users\jojat\.config\yasb\config.yaml' contains Parser Error(s). Please fix:
while parsing a block mapping
  in "C:\Users\jojat\.config\yasb\config.yaml", line 284, column 7
expected <block end>, but found '<block mapping start>'
  in "C:\Users\jojat\.config\yasb\config.yaml", line 288, column 11
2024-10-31 12:03:57 INFO log.py:21: Yasb
2024-10-31 12:03:57 DEBUG win32.py:58: Looking up time zone info from registry
2024-10-31 12:03:58 INFO weather.py:156: Fetched new weather data at 2024-10-31 12:03:58.365878
2024-10-31 12:03:58 DEBUG __init__.py:143: CoInitializeEx(None, 2)
2024-10-31 12:03:58 INFO weather.py:156: Fetched new weather data at 2024-10-31 12:03:58.797521
2024-10-31 12:03:59 INFO event_listener.py:52: Created named pipe yasb-028d5e5d-9724-11ef-b29c-e848b8c82000
2024-10-31 12:03:59 INFO event_listener.py:106: Waiting for Komorebi to subscribe to named pipe yasb-028d5e5d-9724-11ef-b29c-e848b8c82000
2024-10-31 12:03:59 INFO watcher.py:39: Created file watcher for path C:\Users\jojat\.config\yasb
2024-10-31 12:03:59 DEBUG _windows.py:213: Starting (proactor: <_IocpProactor overlapped#=0 result#=0>)...
2024-10-31 12:03:59 DEBUG _windows.py:192: Thread started
2024-10-31 12:03:59 INFO event_listener.py:118: Komorebi connected to named pipe: yasb-028d5e5d-9724-11ef-b29c-e848b8c82000
2024-10-31 12:04:36 INFO log.py:21: Yasb
2024-10-31 12:04:36 DEBUG win32.py:58: Looking up time zone info from registry
2024-10-31 12:04:36 INFO weather.py:156: Fetched new weather data at 2024-10-31 12:04:36.724970
2024-10-31 12:04:36 DEBUG __init__.py:143: CoInitializeEx(None, 2)
2024-10-31 12:04:37 INFO weather.py:156: Fetched new weather data at 2024-10-31 12:04:37.141454
2024-10-31 12:04:37 INFO event_listener.py:52: Created named pipe yasb-195dfef1-9724-11ef-8bb4-e848b8c82000
2024-10-31 12:04:37 INFO event_listener.py:106: Waiting for Komorebi to subscribe to named pipe yasb-195dfef1-9724-11ef-8bb4-e848b8c82000
2024-10-31 12:04:37 INFO watcher.py:39: Created file watcher for path C:\Users\jojat\.config\yasb
2024-10-31 12:04:37 DEBUG _windows.py:213: Starting (proactor: <_IocpProactor overlapped#=0 result#=0>)...
2024-10-31 12:04:37 DEBUG _windows.py:192: Thread started
2024-10-31 12:04:37 INFO event_listener.py:118: Komorebi connected to named pipe: yasb-195dfef1-9724-11ef-8bb4-e848b8c82000
2024-10-31 12:04:50 INFO log.py:21: Yasb
2024-10-31 12:04:50 DEBUG win32.py:58: Looking up time zone info from registry
2024-10-31 12:04:50 INFO weather.py:156: Fetched new weather data at 2024-10-31 12:04:50.767728
2024-10-31 12:04:50 DEBUG __init__.py:143: CoInitializeEx(None, 2)
2024-10-31 12:04:51 INFO weather.py:156: Fetched new weather data at 2024-10-31 12:04:51.201349
2024-10-31 12:04:51 INFO event_listener.py:52: Created named pipe yasb-21c4abc2-9724-11ef-8560-e848b8c82000
2024-10-31 12:04:51 INFO event_listener.py:106: Waiting for Komorebi to subscribe to named pipe yasb-21c4abc2-9724-11ef-8560-e848b8c82000
2024-10-31 12:04:51 INFO watcher.py:39: Created file watcher for path C:\Users\jojat\.config\yasb
2024-10-31 12:04:51 DEBUG _windows.py:213: Starting (proactor: <_IocpProactor overlapped#=0 result#=0>)...
2024-10-31 12:04:51 DEBUG _windows.py:192: Thread started
2024-10-31 12:04:51 INFO event_listener.py:118: Komorebi connected to named pipe: yasb-21c4abc2-9724-11ef-8560-e848b8c82000
2024-10-31 12:04:53 ERROR bar_manager.py:53: Error loading config: while scanning a simple key
  in "C:\Users\jojat\.config\yasb\config.yaml", line 293, column 9
could not find expected ':'
  in "C:\Users\jojat\.config\yasb\config.yaml", line 294, column 9
2024-10-31 12:04:53 ERROR bar_manager.py:53: Error loading config: while scanning a simple key
  in "C:\Users\jojat\.config\yasb\config.yaml", line 293, column 9
could not find expected ':'
  in "C:\Users\jojat\.config\yasb\config.yaml", line 294, column 9
2024-10-31 12:04:53 ERROR bar_manager.py:53: Error loading config: while scanning a simple key
  in "C:\Users\jojat\.config\yasb\config.yaml", line 293, column 9
could not find expected ':'
  in "C:\Users\jojat\.config\yasb\config.yaml", line 294, column 9
2024-10-31 12:04:54 ERROR bar_manager.py:53: Error loading config: while scanning a simple key
  in "C:\Users\jojat\.config\yasb\config.yaml", line 293, column 9
could not find expected ':'
  in "C:\Users\jojat\.config\yasb\config.yaml", line 294, column 9
2024-10-31 12:04:54 ERROR bar_manager.py:53: Error loading config: while scanning a simple key
  in "C:\Users\jojat\.config\yasb\config.yaml", line 293, column 9
could not find expected ':'
  in "C:\Users\jojat\.config\yasb\config.yaml", line 294, column 9
2024-10-31 12:05:22 INFO log.py:21: Yasb
2024-10-31 12:05:22 DEBUG win32.py:58: Looking up time zone info from registry
2024-10-31 12:05:22 INFO weather.py:156: Fetched new weather data at 2024-10-31 12:05:22.961173
2024-10-31 12:05:22 DEBUG __init__.py:143: CoInitializeEx(None, 2)
2024-10-31 12:05:23 INFO weather.py:156: Fetched new weather data at 2024-10-31 12:05:23.411652
2024-10-31 12:05:23 INFO event_listener.py:52: Created named pipe yasb-34f81daf-9724-11ef-9424-e848b8c82000
2024-10-31 12:05:23 INFO event_listener.py:106: Waiting for Komorebi to subscribe to named pipe yasb-34f81daf-9724-11ef-9424-e848b8c82000
2024-10-31 12:05:23 INFO watcher.py:39: Created file watcher for path C:\Users\jojat\.config\yasb
2024-10-31 12:05:23 DEBUG _windows.py:213: Starting (proactor: <_IocpProactor overlapped#=0 result#=0>)...
2024-10-31 12:05:23 DEBUG _windows.py:192: Thread started
2024-10-31 12:05:23 INFO event_listener.py:118: Komorebi connected to named pipe: yasb-34f81daf-9724-11ef-9424-e848b8c82000
2024-10-31 12:07:18 ERROR config.py:99: The file 'C:\Users\jojat\.config\yasb\config.yaml' contains Parser Error(s). Please fix:
while parsing a block collection
  in "C:\Users\jojat\.config\yasb\config.yaml", line 159, column 9
expected <block end>, but found '?'
  in "C:\Users\jojat\.config\yasb\config.yaml", line 167, column 9
2024-10-31 12:07:18 ERROR config.py:99: The file 'C:\Users\jojat\.config\yasb\config.yaml' contains Parser Error(s). Please fix:
while parsing a block collection
  in "C:\Users\jojat\.config\yasb\config.yaml", line 159, column 9
expected <block end>, but found '?'
  in "C:\Users\jojat\.config\yasb\config.yaml", line 167, column 9
2024-10-31 12:07:49 ERROR config.py:99: The file 'C:\Users\jojat\.config\yasb\config.yaml' contains Parser Error(s). Please fix:
while parsing a block collection
  in "C:\Users\jojat\.config\yasb\config.yaml", line 159, column 9
expected <block end>, but found '?'
  in "C:\Users\jojat\.config\yasb\config.yaml", line 167, column 9
2024-10-31 12:07:49 ERROR config.py:99: The file 'C:\Users\jojat\.config\yasb\config.yaml' contains Parser Error(s). Please fix:
while parsing a block collection
  in "C:\Users\jojat\.config\yasb\config.yaml", line 159, column 9
expected <block end>, but found '?'
  in "C:\Users\jojat\.config\yasb\config.yaml", line 167, column 9
2024-10-31 12:07:50 ERROR config.py:99: The file 'C:\Users\jojat\.config\yasb\config.yaml' contains Parser Error(s). Please fix:
while parsing a block collection
  in "C:\Users\jojat\.config\yasb\config.yaml", line 159, column 9
expected <block end>, but found '?'
  in "C:\Users\jojat\.config\yasb\config.yaml", line 167, column 9
2024-10-31 12:07:50 ERROR config.py:99: The file 'C:\Users\jojat\.config\yasb\config.yaml' contains Parser Error(s). Please fix:
while parsing a block collection
  in "C:\Users\jojat\.config\yasb\config.yaml", line 159, column 9
expected <block end>, but found '?'
  in "C:\Users\jojat\.config\yasb\config.yaml", line 167, column 9
2024-10-31 12:08:06 ERROR config.py:99: The file 'C:\Users\jojat\.config\yasb\config.yaml' contains Parser Error(s). Please fix:
while parsing a block collection
  in "C:\Users\jojat\.config\yasb\config.yaml", line 159, column 9
expected <block end>, but found '?'
  in "C:\Users\jojat\.config\yasb\config.yaml", line 167, column 9
2024-10-31 12:08:06 ERROR config.py:99: The file 'C:\Users\jojat\.config\yasb\config.yaml' contains Parser Error(s). Please fix:
while parsing a block collection
  in "C:\Users\jojat\.config\yasb\config.yaml", line 159, column 9
expected <block end>, but found '?'
  in "C:\Users\jojat\.config\yasb\config.yaml", line 167, column 9
2024-10-31 12:08:43 ERROR config.py:99: The file 'C:\Users\jojat\.config\yasb\config.yaml' contains Parser Error(s). Please fix:
while parsing a block collection
  in "C:\Users\jojat\.config\yasb\config.yaml", line 159, column 9
expected <block end>, but found '?'
  in "C:\Users\jojat\.config\yasb\config.yaml", line 167, column 9
2024-10-31 12:08:43 ERROR config.py:99: The file 'C:\Users\jojat\.config\yasb\config.yaml' contains Parser Error(s). Please fix:
while parsing a block collection
  in "C:\Users\jojat\.config\yasb\config.yaml", line 159, column 9
expected <block end>, but found '?'
  in "C:\Users\jojat\.config\yasb\config.yaml", line 167, column 9
2024-10-31 12:08:44 ERROR config.py:99: The file 'C:\Users\jojat\.config\yasb\config.yaml' contains Parser Error(s). Please fix:
while parsing a block collection
  in "C:\Users\jojat\.config\yasb\config.yaml", line 159, column 9
expected <block end>, but found '?'
  in "C:\Users\jojat\.config\yasb\config.yaml", line 167, column 9
2024-10-31 12:08:44 ERROR config.py:99: The file 'C:\Users\jojat\.config\yasb\config.yaml' contains Parser Error(s). Please fix:
while parsing a block collection
  in "C:\Users\jojat\.config\yasb\config.yaml", line 159, column 9
expected <block end>, but found '?'
  in "C:\Users\jojat\.config\yasb\config.yaml", line 167, column 9
2024-10-31 12:08:44 ERROR config.py:99: The file 'C:\Users\jojat\.config\yasb\config.yaml' contains Parser Error(s). Please fix:
while parsing a block collection
  in "C:\Users\jojat\.config\yasb\config.yaml", line 159, column 9
expected <block end>, but found '?'
  in "C:\Users\jojat\.config\yasb\config.yaml", line 167, column 9
2024-10-31 12:10:36 ERROR config.py:99: The file 'C:\Users\jojat\.config\yasb\config.yaml' contains Parser Error(s). Please fix:
while parsing a block collection
  in "C:\Users\jojat\.config\yasb\config.yaml", line 112, column 9
expected <block end>, but found '?'
  in "C:\Users\jojat\.config\yasb\config.yaml", line 120, column 9
2024-10-31 12:10:36 ERROR config.py:99: The file 'C:\Users\jojat\.config\yasb\config.yaml' contains Parser Error(s). Please fix:
while parsing a block collection
  in "C:\Users\jojat\.config\yasb\config.yaml", line 112, column 9
expected <block end>, but found '?'
  in "C:\Users\jojat\.config\yasb\config.yaml", line 120, column 9
2024-10-31 12:10:39 ERROR config.py:99: The file 'C:\Users\jojat\.config\yasb\config.yaml' contains Parser Error(s). Please fix:
while parsing a block collection
  in "C:\Users\jojat\.config\yasb\config.yaml", line 112, column 9
expected <block end>, but found '?'
  in "C:\Users\jojat\.config\yasb\config.yaml", line 120, column 9
2024-10-31 12:11:01 ERROR config.py:99: The file 'C:\Users\jojat\.config\yasb\config.yaml' contains Parser Error(s). Please fix:
while parsing a block collection
  in "C:\Users\jojat\.config\yasb\config.yaml", line 112, column 9
expected <block end>, but found '?'
  in "C:\Users\jojat\.config\yasb\config.yaml", line 120, column 9
2024-10-31 12:15:22 INFO weather.py:156: Fetched new weather data at 2024-10-31 12:15:22.957235
2024-10-31 12:15:23 INFO weather.py:156: Fetched new weather data at 2024-10-31 12:15:23.410157
2024-10-31 12:21:48 ERROR config.py:99: The file 'C:\Users\jojat\.config\yasb\config.yaml' contains Parser Error(s). Please fix:
while parsing a block collection
  in "C:\Users\jojat\.config\yasb\config.yaml", line 112, column 9
expected <block end>, but found '?'
  in "C:\Users\jojat\.config\yasb\config.yaml", line 120, column 9
2024-10-31 12:21:48 ERROR config.py:99: The file 'C:\Users\jojat\.config\yasb\config.yaml' contains Parser Error(s). Please fix:
while parsing a block collection
  in "C:\Users\jojat\.config\yasb\config.yaml", line 112, column 9
expected <block end>, but found '?'
  in "C:\Users\jojat\.config\yasb\config.yaml", line 120, column 9
2024-10-31 12:21:49 ERROR config.py:99: The file 'C:\Users\jojat\.config\yasb\config.yaml' contains Parser Error(s). Please fix:
while parsing a block collection
  in "C:\Users\jojat\.config\yasb\config.yaml", line 112, column 9
expected <block end>, but found '?'
  in "C:\Users\jojat\.config\yasb\config.yaml", line 120, column 9
2024-10-31 12:21:49 ERROR config.py:99: The file 'C:\Users\jojat\.config\yasb\config.yaml' contains Parser Error(s). Please fix:
while parsing a block collection
  in "C:\Users\jojat\.config\yasb\config.yaml", line 112, column 9
expected <block end>, but found '?'
  in "C:\Users\jojat\.config\yasb\config.yaml", line 120, column 9
2024-10-31 12:22:42 ERROR config.py:99: The file 'C:\Users\jojat\.config\yasb\config.yaml' contains Parser Error(s). Please fix:
while parsing a block collection
  in "C:\Users\jojat\.config\yasb\config.yaml", line 112, column 9
expected <block end>, but found '?'
  in "C:\Users\jojat\.config\yasb\config.yaml", line 120, column 9
2024-10-31 12:22:43 ERROR config.py:99: The file 'C:\Users\jojat\.config\yasb\config.yaml' contains Parser Error(s). Please fix:
while parsing a block collection
  in "C:\Users\jojat\.config\yasb\config.yaml", line 112, column 9
expected <block end>, but found '?'
  in "C:\Users\jojat\.config\yasb\config.yaml", line 120, column 9
2024-10-31 12:22:57 ERROR config.py:99: The file 'C:\Users\jojat\.config\yasb\config.yaml' contains Parser Error(s). Please fix:
while parsing a block collection
  in "C:\Users\jojat\.config\yasb\config.yaml", line 112, column 9
expected <block end>, but found '?'
  in "C:\Users\jojat\.config\yasb\config.yaml", line 120, column 9
2024-10-31 12:22:58 ERROR config.py:99: The file 'C:\Users\jojat\.config\yasb\config.yaml' contains Parser Error(s). Please fix:
while parsing a block collection
  in "C:\Users\jojat\.config\yasb\config.yaml", line 112, column 9
expected <block end>, but found '?'
  in "C:\Users\jojat\.config\yasb\config.yaml", line 120, column 9
2024-10-31 12:23:07 ERROR config.py:99: The file 'C:\Users\jojat\.config\yasb\config.yaml' contains Parser Error(s). Please fix:
while parsing a block collection
  in "C:\Users\jojat\.config\yasb\config.yaml", line 112, column 9
expected <block end>, but found '?'
  in "C:\Users\jojat\.config\yasb\config.yaml", line 120, column 9
2024-10-31 12:23:07 ERROR config.py:99: The file 'C:\Users\jojat\.config\yasb\config.yaml' contains Parser Error(s). Please fix:
while parsing a block collection
  in "C:\Users\jojat\.config\yasb\config.yaml", line 112, column 9
expected <block end>, but found '?'
  in "C:\Users\jojat\.config\yasb\config.yaml", line 120, column 9
2024-10-31 12:23:08 ERROR config.py:99: The file 'C:\Users\jojat\.config\yasb\config.yaml' contains Parser Error(s). Please fix:
while parsing a block collection
  in "C:\Users\jojat\.config\yasb\config.yaml", line 112, column 9
expected <block end>, but found '?'
  in "C:\Users\jojat\.config\yasb\config.yaml", line 120, column 9
2024-10-31 12:24:53 ERROR config.py:99: The file 'C:\Users\jojat\.config\yasb\config.yaml' contains Parser Error(s). Please fix:
while parsing a block collection
  in "C:\Users\jojat\.config\yasb\config.yaml", line 112, column 9
expected <block end>, but found '?'
  in "C:\Users\jojat\.config\yasb\config.yaml", line 120, column 9
2024-10-31 12:24:53 ERROR config.py:99: The file 'C:\Users\jojat\.config\yasb\config.yaml' contains Parser Error(s). Please fix:
while parsing a block collection
  in "C:\Users\jojat\.config\yasb\config.yaml", line 112, column 9
expected <block end>, but found '?'
  in "C:\Users\jojat\.config\yasb\config.yaml", line 120, column 9
2024-10-31 12:24:54 ERROR config.py:99: The file 'C:\Users\jojat\.config\yasb\config.yaml' contains Parser Error(s). Please fix:
while parsing a block collection
  in "C:\Users\jojat\.config\yasb\config.yaml", line 112, column 9
expected <block end>, but found '?'
  in "C:\Users\jojat\.config\yasb\config.yaml", line 120, column 9
2024-10-31 12:25:22 INFO weather.py:156: Fetched new weather data at 2024-10-31 12:25:22.956478
2024-10-31 12:25:23 INFO weather.py:156: Fetched new weather data at 2024-10-31 12:25:23.408224
2024-10-31 12:25:58 INFO log.py:21: Yasb
2024-10-31 12:25:58 DEBUG win32.py:58: Looking up time zone info from registry
2024-10-31 12:25:58 INFO weather.py:156: Fetched new weather data at 2024-10-31 12:25:58.740883
2024-10-31 12:25:58 DEBUG __init__.py:143: CoInitializeEx(None, 2)
2024-10-31 12:25:59 INFO event_listener.py:52: Created named pipe yasb-157c6b10-9727-11ef-b58b-e848b8c82000
2024-10-31 12:25:59 INFO event_listener.py:106: Waiting for Komorebi to subscribe to named pipe yasb-157c6b10-9727-11ef-b58b-e848b8c82000
2024-10-31 12:25:59 INFO watcher.py:39: Created file watcher for path C:\Users\jojat\.config\yasb
2024-10-31 12:25:59 DEBUG _windows.py:213: Starting (proactor: <_IocpProactor overlapped#=0 result#=0>)...
2024-10-31 12:25:59 DEBUG _windows.py:192: Thread started
2024-10-31 12:25:59 INFO event_listener.py:118: Komorebi connected to named pipe: yasb-157c6b10-9727-11ef-b58b-e848b8c82000
2024-10-31 12:27:57 INFO log.py:21: Yasb
2024-10-31 12:27:57 DEBUG win32.py:58: Looking up time zone info from registry
2024-10-31 12:27:57 INFO weather.py:156: Fetched new weather data at 2024-10-31 12:27:57.874942
2024-10-31 12:27:57 DEBUG __init__.py:143: CoInitializeEx(None, 2)
2024-10-31 12:27:58 INFO event_listener.py:52: Created named pipe yasb-5c869785-9727-11ef-bfde-e848b8c82000
2024-10-31 12:27:58 INFO event_listener.py:106: Waiting for Komorebi to subscribe to named pipe yasb-5c869785-9727-11ef-bfde-e848b8c82000
2024-10-31 12:27:58 INFO watcher.py:39: Created file watcher for path C:\Users\jojat\.config\yasb
2024-10-31 12:27:58 DEBUG _windows.py:213: Starting (proactor: <_IocpProactor overlapped#=0 result#=0>)...
2024-10-31 12:27:58 DEBUG _windows.py:192: Thread started
2024-10-31 12:27:58 INFO event_listener.py:118: Komorebi connected to named pipe: yasb-5c869785-9727-11ef-bfde-e848b8c82000
2024-10-31 12:28:28 INFO log.py:21: Yasb
2024-10-31 12:28:28 DEBUG win32.py:58: Looking up time zone info from registry
2024-10-31 12:28:29 INFO weather.py:156: Fetched new weather data at 2024-10-31 12:28:29.213827
2024-10-31 12:28:29 DEBUG __init__.py:143: CoInitializeEx(None, 2)
2024-10-31 12:28:29 INFO event_listener.py:52: Created named pipe yasb-6f287d84-9727-11ef-b3c6-e848b8c82000
2024-10-31 12:28:29 INFO event_listener.py:106: Waiting for Komorebi to subscribe to named pipe yasb-6f287d84-9727-11ef-b3c6-e848b8c82000
2024-10-31 12:28:29 INFO watcher.py:39: Created file watcher for path C:\Users\jojat\.config\yasb
2024-10-31 12:28:29 DEBUG _windows.py:213: Starting (proactor: <_IocpProactor overlapped#=0 result#=0>)...
2024-10-31 12:28:29 DEBUG _windows.py:192: Thread started
2024-10-31 12:28:29 INFO event_listener.py:118: Komorebi connected to named pipe: yasb-6f287d84-9727-11ef-b3c6-e848b8c82000
2024-10-31 12:30:01 INFO log.py:21: Yasb
2024-10-31 12:30:01 DEBUG win32.py:58: Looking up time zone info from registry
2024-10-31 12:30:02 INFO weather.py:156: Fetched new weather data at 2024-10-31 12:30:02.708906
2024-10-31 12:30:02 DEBUG __init__.py:143: CoInitializeEx(None, 2)
2024-10-31 12:30:03 INFO event_listener.py:52: Created named pipe yasb-a6e2fb7a-9727-11ef-8173-e848b8c82000
2024-10-31 12:30:03 INFO event_listener.py:106: Waiting for Komorebi to subscribe to named pipe yasb-a6e2fb7a-9727-11ef-8173-e848b8c82000
2024-10-31 12:30:03 INFO watcher.py:39: Created file watcher for path C:\Users\jojat\.config\yasb
2024-10-31 12:30:03 DEBUG _windows.py:213: Starting (proactor: <_IocpProactor overlapped#=0 result#=0>)...
2024-10-31 12:30:03 DEBUG _windows.py:192: Thread started
2024-10-31 12:30:03 INFO event_listener.py:118: Komorebi connected to named pipe: yasb-a6e2fb7a-9727-11ef-8173-e848b8c82000
2024-10-31 12:30:19 INFO log.py:21: Yasb
2024-10-31 12:30:19 DEBUG win32.py:58: Looking up time zone info from registry
2024-10-31 12:30:19 INFO weather.py:156: Fetched new weather data at 2024-10-31 12:30:19.987837
2024-10-31 12:30:20 DEBUG __init__.py:143: CoInitializeEx(None, 2)
2024-10-31 12:30:20 INFO event_listener.py:52: Created named pipe yasb-b13bdb07-9727-11ef-bc7e-e848b8c82000
2024-10-31 12:30:20 INFO event_listener.py:106: Waiting for Komorebi to subscribe to named pipe yasb-b13bdb07-9727-11ef-bc7e-e848b8c82000
2024-10-31 12:30:20 INFO watcher.py:39: Created file watcher for path C:\Users\jojat\.config\yasb
2024-10-31 12:30:20 DEBUG _windows.py:213: Starting (proactor: <_IocpProactor overlapped#=0 result#=0>)...
2024-10-31 12:30:20 DEBUG _windows.py:192: Thread started
2024-10-31 12:30:20 INFO event_listener.py:118: Komorebi connected to named pipe: yasb-b13bdb07-9727-11ef-bc7e-e848b8c82000
2024-10-31 12:30:25 INFO log.py:21: Yasb
2024-10-31 12:30:25 DEBUG win32.py:58: Looking up time zone info from registry
2024-10-31 12:30:26 INFO weather.py:156: Fetched new weather data at 2024-10-31 12:30:26.666062
2024-10-31 12:30:26 DEBUG __init__.py:143: CoInitializeEx(None, 2)
2024-10-31 12:30:27 INFO event_listener.py:52: Created named pipe yasb-b52edeb0-9727-11ef-aced-e848b8c82000
2024-10-31 12:30:27 INFO event_listener.py:106: Waiting for Komorebi to subscribe to named pipe yasb-b52edeb0-9727-11ef-aced-e848b8c82000
2024-10-31 12:30:27 INFO watcher.py:39: Created file watcher for path C:\Users\jojat\.config\yasb
2024-10-31 12:30:27 DEBUG _windows.py:213: Starting (proactor: <_IocpProactor overlapped#=0 result#=0>)...
2024-10-31 12:30:27 DEBUG _windows.py:192: Thread started
2024-10-31 12:30:27 INFO event_listener.py:118: Komorebi connected to named pipe: yasb-b52edeb0-9727-11ef-aced-e848b8c82000
2024-10-31 12:31:27 INFO log.py:21: Yasb
2024-10-31 12:31:27 DEBUG win32.py:58: Looking up time zone info from registry
2024-10-31 12:31:28 INFO weather.py:156: Fetched new weather data at 2024-10-31 12:31:28.528039
2024-10-31 12:31:28 DEBUG __init__.py:143: CoInitializeEx(None, 2)
2024-10-31 12:31:29 INFO weather.py:156: Fetched new weather data at 2024-10-31 12:31:29.291030
2024-10-31 12:31:29 INFO event_listener.py:52: Created named pipe yasb-da4f3093-9727-11ef-8ba3-e848b8c82000
2024-10-31 12:31:29 INFO event_listener.py:106: Waiting for Komorebi to subscribe to named pipe yasb-da4f3093-9727-11ef-8ba3-e848b8c82000
2024-10-31 12:31:29 INFO watcher.py:39: Created file watcher for path C:\Users\jojat\.config\yasb
2024-10-31 12:31:29 DEBUG _windows.py:213: Starting (proactor: <_IocpProactor overlapped#=0 result#=0>)...
2024-10-31 12:31:29 DEBUG _windows.py:192: Thread started
2024-10-31 12:31:29 INFO event_listener.py:118: Komorebi connected to named pipe: yasb-da4f3093-9727-11ef-8ba3-e848b8c82000
2024-10-31 12:32:18 INFO log.py:21: Yasb
2024-10-31 12:32:19 DEBUG win32.py:58: Looking up time zone info from registry
2024-10-31 12:32:19 INFO weather.py:156: Fetched new weather data at 2024-10-31 12:32:19.839316
2024-10-31 12:32:19 DEBUG __init__.py:143: CoInitializeEx(None, 2)
2024-10-31 12:32:20 INFO weather.py:156: Fetched new weather data at 2024-10-31 12:32:20.663997
2024-10-31 12:32:20 INFO event_listener.py:52: Created named pipe yasb-f8edbf50-9727-11ef-93fb-e848b8c82000
2024-10-31 12:32:20 INFO event_listener.py:106: Waiting for Komorebi to subscribe to named pipe yasb-f8edbf50-9727-11ef-93fb-e848b8c82000
2024-10-31 12:32:20 INFO watcher.py:39: Created file watcher for path C:\Users\jojat\.config\yasb
2024-10-31 12:32:20 DEBUG _windows.py:213: Starting (proactor: <_IocpProactor overlapped#=0 result#=0>)...
2024-10-31 12:32:20 DEBUG _windows.py:192: Thread started
2024-10-31 12:32:21 INFO event_listener.py:118: Komorebi connected to named pipe: yasb-f8edbf50-9727-11ef-93fb-e848b8c82000
2024-10-31 12:32:43 INFO log.py:21: Yasb
2024-10-31 12:32:43 ERROR main.py:73: Another instance of the YASB is already running.
2024-10-31 12:34:45 INFO bar_manager.py:46: Successfully loaded updated stylesheet and applied to all bars.
2024-10-31 12:34:52 INFO log.py:21: Yasb
2024-10-31 12:34:52 ERROR main.py:73: Another instance of the YASB is already running.
2024-10-31 12:35:12 INFO bar_manager.py:46: Successfully loaded updated stylesheet and applied to all bars.
2024-10-31 12:35:29 INFO bar_manager.py:46: Successfully loaded updated stylesheet and applied to all bars.
2024-10-31 12:35:44 INFO bar_manager.py:46: Successfully loaded updated stylesheet and applied to all bars.
2024-10-31 12:36:28 INFO bar_manager.py:46: Successfully loaded updated stylesheet and applied to all bars.
2024-10-31 12:36:36 INFO bar_manager.py:46: Successfully loaded updated stylesheet and applied to all bars.
2024-10-31 12:36:46 INFO bar_manager.py:46: Successfully loaded updated stylesheet and applied to all bars.
2024-10-31 12:36:53 INFO bar_manager.py:46: Successfully loaded updated stylesheet and applied to all bars.
2024-10-31 12:36:59 INFO bar_manager.py:46: Successfully loaded updated stylesheet and applied to all bars.
2024-10-31 12:37:07 INFO bar_manager.py:46: Successfully loaded updated stylesheet and applied to all bars.
2024-10-31 12:37:14 INFO bar_manager.py:46: Successfully loaded updated stylesheet and applied to all bars.
2024-10-31 12:37:20 INFO bar_manager.py:46: Successfully loaded updated stylesheet and applied to all bars.
2024-10-31 12:37:27 INFO bar_manager.py:46: Successfully loaded updated stylesheet and applied to all bars.
2024-10-31 12:37:38 INFO bar_manager.py:46: Successfully loaded updated stylesheet and applied to all bars.
2024-10-31 12:37:44 INFO bar_manager.py:46: Successfully loaded updated stylesheet and applied to all bars.
2024-10-31 12:37:49 ERROR errorhandler.py:105: Property: Invalid value for "CSS Fonts Module Level 3 @font-face properties/CSS Level 2.1" property: 550 [5:5: font-weight]
2024-10-31 12:37:49 INFO bar_manager.py:46: Successfully loaded updated stylesheet and applied to all bars.
2024-10-31 12:37:57 INFO bar_manager.py:46: Successfully loaded updated stylesheet and applied to all bars.
2024-10-31 12:42:19 INFO weather.py:156: Fetched new weather data at 2024-10-31 12:42:19.830244
2024-10-31 12:42:20 INFO weather.py:156: Fetched new weather data at 2024-10-31 12:42:20.661025
2024-10-31 12:52:19 INFO weather.py:156: Fetched new weather data at 2024-10-31 12:52:19.835963
2024-10-31 12:52:20 INFO weather.py:156: Fetched new weather data at 2024-10-31 12:52:20.659244
2024-10-31 13:02:19 INFO weather.py:156: Fetched new weather data at 2024-10-31 13:02:19.832478
2024-10-31 13:02:20 INFO weather.py:156: Fetched new weather data at 2024-10-31 13:02:20.667236
2024-10-31 13:04:47 INFO bar_manager.py:46: Successfully loaded updated stylesheet and applied to all bars.
2024-10-31 13:04:53 INFO bar_manager.py:46: Successfully loaded updated stylesheet and applied to all bars.
2024-10-31 13:05:00 INFO bar_manager.py:46: Successfully loaded updated stylesheet and applied to all bars.
2024-10-31 13:05:22 ERROR errorhandler.py:105: Property: Invalid value for "CSS Level 2.1" property: -var(theme-background) [6:5: color]
2024-10-31 13:05:22 INFO bar_manager.py:46: Successfully loaded updated stylesheet and applied to all bars.
2024-10-31 13:05:51 ERROR errorhandler.py:105: Property: Invalid value for "CSS Level 2.1" property: -var(theme-background) [6:5: color]
2024-10-31 13:05:51 INFO bar_manager.py:46: Successfully loaded updated stylesheet and applied to all bars.
2024-10-31 13:06:41 ERROR config.py:116: The file 'C:\Users\jojat\.config\yasb\styles.css' contains Syntax Error(s). Please fix:
PropertyValue: Missing token for production Choice(ColorValue, Dimension, URIValue, Value, variable, MSValue, CSSCalc, function): ('CHAR', '-', 6, 12)
2024-10-31 13:06:51 ERROR errorhandler.py:105: Property: Invalid value for "CSS Level 2.1" property: "#272822" [6:5: color]
2024-10-31 13:06:51 INFO bar_manager.py:46: Successfully loaded updated stylesheet and applied to all bars.
2024-10-31 13:07:03 ERROR errorhandler.py:105: Property: Invalid value for "CSS Level 2.1" property: "#f8f8f2" [6:5: color]
2024-10-31 13:07:03 INFO bar_manager.py:46: Successfully loaded updated stylesheet and applied to all bars.
2024-10-31 13:07:03 ERROR errorhandler.py:105: Property: Invalid value for "CSS Level 2.1" property: "#f8f8f2" [6:5: color]
2024-10-31 13:07:23 ERROR errorhandler.py:105: Property: Invalid value for "CSS Level 2.1" property: "#f8f8f2" [6:5: color]
2024-10-31 13:07:23 ERROR errorhandler.py:105: Property: Invalid value for "CSS Level 2.1" property: "#272822" [7:5: background-color]
2024-10-31 13:07:24 INFO bar_manager.py:46: Successfully loaded updated stylesheet and applied to all bars.
2024-10-31 13:07:25 ERROR errorhandler.py:105: Property: Invalid value for "CSS Level 2.1" property: "#f8f8f2" [6:5: color]
2024-10-31 13:07:25 ERROR errorhandler.py:105: Property: Invalid value for "CSS Level 2.1" property: "#272822" [7:5: background-color]
2024-10-31 13:07:46 ERROR errorhandler.py:105: Property: Invalid value for "CSS Level 2.1" property: "#f8f8f2" [6:5: color]
2024-10-31 13:07:46 ERROR errorhandler.py:105: Property: Invalid value for "CSS Level 2.1" property: "#272822" [7:5: background-color]
2024-10-31 13:07:46 INFO bar_manager.py:46: Successfully loaded updated stylesheet and applied to all bars.
2024-10-31 13:09:19 ERROR errorhandler.py:105: Property: Invalid value for "CSS Level 2.1" property: "#f8f8f2" [6:5: color]
2024-10-31 13:09:19 INFO bar_manager.py:46: Successfully loaded updated stylesheet and applied to all bars.
2024-10-31 13:09:24 ERROR errorhandler.py:105: Property: Invalid value for "CSS Level 2.1" property: "#f8f8f2" [6:5: color]
2024-10-31 13:09:24 INFO bar_manager.py:46: Successfully loaded updated stylesheet and applied to all bars.
2024-10-31 13:09:35 ERROR errorhandler.py:105: Property: Invalid value for "CSS Level 2.1" property: "#f8f8f2" [6:5: color]
2024-10-31 13:09:35 INFO bar_manager.py:46: Successfully loaded updated stylesheet and applied to all bars.
2024-10-31 13:09:35 ERROR errorhandler.py:105: Property: Invalid value for "CSS Level 2.1" property: "#f8f8f2" [6:5: color]
2024-10-31 13:09:39 ERROR errorhandler.py:105: Property: Invalid value for "CSS Level 2.1" property: "#f8f8f2" [6:5: color]
2024-10-31 13:09:39 INFO bar_manager.py:46: Successfully loaded updated stylesheet and applied to all bars.
2024-10-31 13:09:40 ERROR errorhandler.py:105: Property: Invalid value for "CSS Level 2.1" property: "#f8f8f2" [6:5: color]
2024-10-31 13:09:42 ERROR errorhandler.py:105: Property: Invalid value for "CSS Level 2.1" property: "#f8f8f2" [6:5: color]
2024-10-31 13:09:42 INFO bar_manager.py:46: Successfully loaded updated stylesheet and applied to all bars.
2024-10-31 13:09:48 ERROR errorhandler.py:105: Property: Invalid value for "CSS Level 2.1" property: "#f8f8f2" [6:5: color]
2024-10-31 13:09:48 INFO bar_manager.py:46: Successfully loaded updated stylesheet and applied to all bars.
2024-10-31 13:09:55 ERROR errorhandler.py:105: Property: Invalid value for "CSS Level 2.1" property: "#f8f8f2" [6:5: color]
2024-10-31 13:09:55 INFO bar_manager.py:46: Successfully loaded updated stylesheet and applied to all bars.
2024-10-31 13:10:49 ERROR errorhandler.py:105: Property: Invalid value for "CSS Level 2.1" property: "#f8f8f2" [6:5: color]
2024-10-31 13:10:49 INFO bar_manager.py:46: Successfully loaded updated stylesheet and applied to all bars.
2024-10-31 13:10:51 ERROR errorhandler.py:105: Property: Invalid value for "CSS Level 2.1" property: "#f8f8f2" [6:5: color]
2024-10-31 13:11:00 ERROR errorhandler.py:105: Property: Invalid value for "CSS Level 2.1" property: "#f8f8f2" [6:5: color]
2024-10-31 13:11:00 INFO bar_manager.py:46: Successfully loaded updated stylesheet and applied to all bars.
2024-10-31 13:11:01 ERROR errorhandler.py:105: Property: Invalid value for "CSS Level 2.1" property: "#f8f8f2" [6:5: color]
2024-10-31 13:11:17 ERROR errorhandler.py:105: Property: Invalid value for "CSS Level 2.1" property: "#f8f8f2" [6:5: color]
2024-10-31 13:11:17 INFO bar_manager.py:46: Successfully loaded updated stylesheet and applied to all bars.
2024-10-31 13:11:26 ERROR errorhandler.py:105: Property: Invalid value for "CSS Level 2.1" property: "#f8f8f2" [6:5: color]
2024-10-31 13:11:26 INFO bar_manager.py:46: Successfully loaded updated stylesheet and applied to all bars.
2024-10-31 13:11:32 ERROR errorhandler.py:105: Property: Invalid value for "CSS Level 2.1" property: "#f8f8f2" [6:5: color]
2024-10-31 13:11:32 INFO bar_manager.py:46: Successfully loaded updated stylesheet and applied to all bars.
2024-10-31 13:11:48 ERROR errorhandler.py:105: Property: Invalid value for "CSS Level 2.1" property: "#f8f8f2" [6:5: color]
2024-10-31 13:11:48 INFO bar_manager.py:46: Successfully loaded updated stylesheet and applied to all bars.
2024-10-31 13:11:52 ERROR errorhandler.py:105: Property: Invalid value for "CSS Level 2.1" property: "#f8f8f2" [6:5: color]
2024-10-31 13:12:00 ERROR errorhandler.py:105: Property: Invalid value for "CSS Level 2.1" property: "#f8f8f2" [6:5: color]
2024-10-31 13:12:00 INFO bar_manager.py:46: Successfully loaded updated stylesheet and applied to all bars.
2024-10-31 13:12:10 ERROR errorhandler.py:105: Property: Invalid value for "CSS Level 2.1" property: "#f8f8f2" [6:5: color]
2024-10-31 13:12:10 INFO bar_manager.py:46: Successfully loaded updated stylesheet and applied to all bars.
2024-10-31 13:12:19 INFO weather.py:156: Fetched new weather data at 2024-10-31 13:12:19.831002
2024-10-31 13:12:20 INFO weather.py:156: Fetched new weather data at 2024-10-31 13:12:20.660444
2024-10-31 13:12:23 ERROR errorhandler.py:105: Property: Invalid value for "CSS Level 2.1" property: "#f8f8f2" [6:5: color]
2024-10-31 13:12:23 INFO bar_manager.py:46: Successfully loaded updated stylesheet and applied to all bars.
2024-10-31 13:12:24 ERROR errorhandler.py:105: Property: Invalid value for "CSS Level 2.1" property: "#f8f8f2" [6:5: color]
2024-10-31 13:13:08 ERROR errorhandler.py:105: Property: Invalid value for "CSS Level 2.1" property: "#f8f8f2" [6:5: color]
2024-10-31 13:13:08 INFO bar_manager.py:46: Successfully loaded updated stylesheet and applied to all bars.
2024-10-31 13:14:49 ERROR errorhandler.py:105: Property: Invalid value for "CSS Level 2.1" property: "#f8f8f2" [6:5: color]
2024-10-31 13:14:49 INFO bar_manager.py:46: Successfully loaded updated stylesheet and applied to all bars.
2024-10-31 13:14:51 ERROR errorhandler.py:105: Property: Invalid value for "CSS Level 2.1" property: "#f8f8f2" [6:5: color]
2024-10-31 13:15:08 ERROR errorhandler.py:105: Property: Invalid value for "CSS Level 2.1" property: "#f8f8f2" [6:5: color]
2024-10-31 13:15:08 INFO bar_manager.py:46: Successfully loaded updated stylesheet and applied to all bars.
2024-10-31 13:15:10 ERROR errorhandler.py:105: Property: Invalid value for "CSS Level 2.1" property: "#f8f8f2" [6:5: color]
2024-10-31 13:15:13 ERROR errorhandler.py:105: Property: Invalid value for "CSS Level 2.1" property: "#f8f8f2" [6:5: color]
2024-10-31 13:15:13 INFO bar_manager.py:46: Successfully loaded updated stylesheet and applied to all bars.
2024-10-31 13:15:13 ERROR errorhandler.py:105: Property: Invalid value for "CSS Level 2.1" property: "#f8f8f2" [6:5: color]
2024-10-31 13:15:14 ERROR errorhandler.py:105: Property: Invalid value for "CSS Level 2.1" property: "#f8f8f2" [6:5: color]
2024-10-31 13:15:44 ERROR errorhandler.py:105: Property: Invalid value for "CSS Level 2.1" property: "#f8f8f2" [6:5: color]
2024-10-31 13:15:44 ERROR config.py:116: The file 'C:\Users\jojat\.config\yasb\styles.css' contains Syntax Error(s). Please fix:
PropertyValue: Missing token for production Choice(ColorValue, Dimension, URIValue, Value, variable, MSValue, CSSCalc, function): ('CHAR', '-', 62, 12)
2024-10-31 13:15:45 ERROR errorhandler.py:105: Property: Invalid value for "CSS Level 2.1" property: "#f8f8f2" [6:5: color]
2024-10-31 13:15:45 ERROR config.py:116: The file 'C:\Users\jojat\.config\yasb\styles.css' contains Syntax Error(s). Please fix:
PropertyValue: Missing token for production Choice(ColorValue, Dimension, URIValue, Value, variable, MSValue, CSSCalc, function): ('CHAR', '-', 62, 12)
2024-10-31 13:15:54 ERROR errorhandler.py:105: Property: Invalid value for "CSS Level 2.1" property: "#f8f8f2" [6:5: color]
2024-10-31 13:15:54 ERROR errorhandler.py:105: Property: Invalid value for "CSS Level 2.1" property: "#f8f8f2" [62:5: color]
2024-10-31 13:15:54 INFO bar_manager.py:46: Successfully loaded updated stylesheet and applied to all bars.
2024-10-31 13:17:00 ERROR errorhandler.py:105: Property: Invalid value for "CSS Level 2.1" property: "#f8f8f2" [6:5: color]
2024-10-31 13:17:00 ERROR errorhandler.py:105: Property: Invalid value for "CSS Level 2.1" property: "#f8f8f2" [62:5: color]
2024-10-31 13:17:00 ERROR errorhandler.py:105: Property: Invalid value for "CSS Level 2.1" property: "#f8f8f2" [66:5: color]
2024-10-31 13:17:00 ERROR errorhandler.py:105: Property: Invalid value for "CSS Level 2.1" property: "#f8f8f2" [71:5: color]
2024-10-31 13:17:00 INFO bar_manager.py:46: Successfully loaded updated stylesheet and applied to all bars.
2024-10-31 13:17:28 ERROR errorhandler.py:105: Property: Invalid value for "CSS Level 2.1" property: "#f8f8f2" [6:5: color]
2024-10-31 13:17:28 ERROR errorhandler.py:105: Property: Invalid value for "CSS Level 2.1" property: "#f8f8f2" [62:5: color]
2024-10-31 13:17:28 ERROR errorhandler.py:105: Property: Invalid value for "CSS Level 2.1" property: "#f8f8f2" [66:5: color]
2024-10-31 13:17:28 ERROR errorhandler.py:105: Property: Invalid value for "CSS Level 2.1" property: "#f8f8f2" [71:5: color]
2024-10-31 13:17:28 INFO bar_manager.py:46: Successfully loaded updated stylesheet and applied to all bars.
2024-10-31 13:17:29 ERROR errorhandler.py:105: Property: Invalid value for "CSS Level 2.1" property: "#f8f8f2" [6:5: color]
2024-10-31 13:17:29 ERROR errorhandler.py:105: Property: Invalid value for "CSS Level 2.1" property: "#f8f8f2" [62:5: color]
2024-10-31 13:17:29 ERROR errorhandler.py:105: Property: Invalid value for "CSS Level 2.1" property: "#f8f8f2" [66:5: color]
2024-10-31 13:17:29 ERROR errorhandler.py:105: Property: Invalid value for "CSS Level 2.1" property: "#f8f8f2" [71:5: color]
2024-10-31 13:17:52 ERROR errorhandler.py:105: Property: Invalid value for "CSS Level 2.1" property: "#f8f8f2" [6:5: color]
2024-10-31 13:17:52 ERROR errorhandler.py:105: Property: Invalid value for "CSS Level 2.1" property: "#f8f8f2" [62:5: color]
2024-10-31 13:17:52 ERROR errorhandler.py:105: Property: Invalid value for "CSS Level 2.1" property: "#f8f8f2" [66:5: color]
2024-10-31 13:17:52 ERROR errorhandler.py:105: Property: Invalid value for "CSS Level 2.1" property: "#f8f8f2" [71:5: color]
2024-10-31 13:17:52 INFO bar_manager.py:46: Successfully loaded updated stylesheet and applied to all bars.
2024-10-31 13:18:04 ERROR errorhandler.py:105: Property: Invalid value for "CSS Level 2.1" property: "#f8f8f2" [6:5: color]
2024-10-31 13:18:04 ERROR errorhandler.py:105: Property: Invalid value for "CSS Level 2.1" property: "#f8f8f2" [62:5: color]
2024-10-31 13:18:04 ERROR errorhandler.py:105: Property: Invalid value for "CSS Level 2.1" property: "#f8f8f2" [66:5: color]
2024-10-31 13:18:04 ERROR errorhandler.py:105: Property: Invalid value for "CSS Level 2.1" property: "#f8f8f2" [71:5: color]
2024-10-31 13:18:04 INFO bar_manager.py:46: Successfully loaded updated stylesheet and applied to all bars.
2024-10-31 13:18:40 ERROR errorhandler.py:105: Property: Invalid value for "CSS Level 2.1" property: "#f8f8f2" [6:5: color]
2024-10-31 13:18:40 ERROR errorhandler.py:105: Property: Invalid value for "CSS Level 2.1" property: "#f8f8f2" [62:5: color]
2024-10-31 13:18:40 ERROR errorhandler.py:105: Property: Invalid value for "CSS Level 2.1" property: "#f8f8f2" [66:5: color]
2024-10-31 13:18:40 ERROR errorhandler.py:105: Property: Invalid value for "CSS Level 2.1" property: "#f8f8f2" [71:5: color]
2024-10-31 13:18:40 INFO bar_manager.py:46: Successfully loaded updated stylesheet and applied to all bars.
2024-10-31 13:19:12 ERROR errorhandler.py:105: Property: Invalid value for "CSS Level 2.1" property: "#f8f8f2" [6:5: color]
2024-10-31 13:19:12 ERROR errorhandler.py:105: Property: Invalid value for "CSS Level 2.1" property: "#f8f8f2" [62:5: color]
2024-10-31 13:19:12 ERROR errorhandler.py:105: Property: Invalid value for "CSS Level 2.1" property: "#f8f8f2" [66:5: color]
2024-10-31 13:19:12 ERROR errorhandler.py:105: Property: Invalid value for "CSS Level 2.1" property: "#f8f8f2" [71:5: color]
2024-10-31 13:19:12 INFO bar_manager.py:46: Successfully loaded updated stylesheet and applied to all bars.
2024-10-31 13:19:39 ERROR errorhandler.py:105: Property: Invalid value for "CSS Level 2.1" property: "#f8f8f2" [6:5: color]
2024-10-31 13:19:39 ERROR errorhandler.py:105: Property: Invalid value for "CSS Level 2.1" property: "#f8f8f2" [62:5: color]
2024-10-31 13:19:39 ERROR errorhandler.py:105: Property: Invalid value for "CSS Level 2.1" property: "#f8f8f2" [66:5: color]
2024-10-31 13:19:39 ERROR errorhandler.py:105: Property: Invalid value for "CSS Level 2.1" property: "#f8f8f2" [71:5: color]
2024-10-31 13:19:39 INFO bar_manager.py:46: Successfully loaded updated stylesheet and applied to all bars.
2024-10-31 13:20:06 ERROR errorhandler.py:105: Property: Invalid value for "CSS Level 2.1" property: "#f8f8f2" [6:5: color]
2024-10-31 13:20:06 ERROR errorhandler.py:105: Property: Invalid value for "CSS Level 2.1" property: "#f8f8f2" [62:5: color]
2024-10-31 13:20:06 ERROR errorhandler.py:105: Property: Invalid value for "CSS Level 2.1" property: "#f8f8f2" [66:5: color]
2024-10-31 13:20:06 ERROR errorhandler.py:105: Property: Invalid value for "CSS Level 2.1" property: "#f8f8f2" [71:5: color]
2024-10-31 13:20:06 INFO bar_manager.py:46: Successfully loaded updated stylesheet and applied to all bars.
2024-10-31 13:20:07 ERROR errorhandler.py:105: Property: Invalid value for "CSS Level 2.1" property: "#f8f8f2" [6:5: color]
2024-10-31 13:20:07 ERROR errorhandler.py:105: Property: Invalid value for "CSS Level 2.1" property: "#f8f8f2" [62:5: color]
2024-10-31 13:20:07 ERROR errorhandler.py:105: Property: Invalid value for "CSS Level 2.1" property: "#f8f8f2" [66:5: color]
2024-10-31 13:20:07 ERROR errorhandler.py:105: Property: Invalid value for "CSS Level 2.1" property: "#f8f8f2" [71:5: color]
2024-10-31 13:20:26 ERROR errorhandler.py:105: Property: Invalid value for "CSS Level 2.1" property: "#f8f8f2" [6:5: color]
2024-10-31 13:20:26 ERROR errorhandler.py:105: Property: Invalid value for "CSS Level 2.1" property: "#f8f8f2" [62:5: color]
2024-10-31 13:20:26 ERROR errorhandler.py:105: Property: Invalid value for "CSS Level 2.1" property: "#f8f8f2" [66:5: color]
2024-10-31 13:20:26 ERROR errorhandler.py:105: Property: Invalid value for "CSS Level 2.1" property: "#f8f8f2" [71:5: color]
2024-10-31 13:20:26 INFO bar_manager.py:46: Successfully loaded updated stylesheet and applied to all bars.
2024-10-31 13:20:27 ERROR errorhandler.py:105: Property: Invalid value for "CSS Level 2.1" property: "#f8f8f2" [6:5: color]
2024-10-31 13:20:27 ERROR errorhandler.py:105: Property: Invalid value for "CSS Level 2.1" property: "#f8f8f2" [62:5: color]
2024-10-31 13:20:27 ERROR errorhandler.py:105: Property: Invalid value for "CSS Level 2.1" property: "#f8f8f2" [66:5: color]
2024-10-31 13:20:27 ERROR errorhandler.py:105: Property: Invalid value for "CSS Level 2.1" property: "#f8f8f2" [71:5: color]
2024-10-31 13:20:30 ERROR errorhandler.py:105: Property: Invalid value for "CSS Level 2.1" property: "#f8f8f2" [6:5: color]
2024-10-31 13:20:30 ERROR errorhandler.py:105: Property: Invalid value for "CSS Level 2.1" property: "#f8f8f2" [62:5: color]
2024-10-31 13:20:30 ERROR errorhandler.py:105: Property: Invalid value for "CSS Level 2.1" property: "#f8f8f2" [66:5: color]
2024-10-31 13:20:30 ERROR errorhandler.py:105: Property: Invalid value for "CSS Level 2.1" property: "#f8f8f2" [71:5: color]
2024-10-31 13:20:30 INFO bar_manager.py:46: Successfully loaded updated stylesheet and applied to all bars.
2024-10-31 13:20:45 ERROR errorhandler.py:105: Property: Invalid value for "CSS Level 2.1" property: "#f8f8f2" [6:5: color]
2024-10-31 13:20:45 ERROR errorhandler.py:105: Property: Invalid value for "CSS Level 2.1" property: "#f8f8f2" [62:5: color]
2024-10-31 13:20:45 ERROR errorhandler.py:105: Property: Invalid value for "CSS Level 2.1" property: "#f8f8f2" [66:5: color]
2024-10-31 13:20:45 ERROR errorhandler.py:105: Property: Invalid value for "CSS Level 2.1" property: "#f8f8f2" [71:5: color]
2024-10-31 13:20:45 ERROR errorhandler.py:105: Property: Invalid value for "CSS Level 2.1" property: "#f8f8f2" [118:5: color]
2024-10-31 13:20:45 INFO bar_manager.py:46: Successfully loaded updated stylesheet and applied to all bars.
2024-10-31 13:20:45 ERROR errorhandler.py:105: Property: Invalid value for "CSS Level 2.1" property: "#f8f8f2" [6:5: color]
2024-10-31 13:20:45 ERROR errorhandler.py:105: Property: Invalid value for "CSS Level 2.1" property: "#f8f8f2" [62:5: color]
2024-10-31 13:20:45 ERROR errorhandler.py:105: Property: Invalid value for "CSS Level 2.1" property: "#f8f8f2" [66:5: color]
2024-10-31 13:20:45 ERROR errorhandler.py:105: Property: Invalid value for "CSS Level 2.1" property: "#f8f8f2" [71:5: color]
2024-10-31 13:20:45 ERROR errorhandler.py:105: Property: Invalid value for "CSS Level 2.1" property: "#f8f8f2" [118:5: color]
2024-10-31 13:21:45 ERROR errorhandler.py:105: Property: Invalid value for "CSS Level 2.1" property: "#f8f8f2" [6:5: color]
2024-10-31 13:21:45 ERROR errorhandler.py:105: Property: Invalid value for "CSS Level 2.1" property: "#f8f8f2" [62:5: color]
2024-10-31 13:21:45 ERROR errorhandler.py:105: Property: Invalid value for "CSS Level 2.1" property: "#f8f8f2" [66:5: color]
2024-10-31 13:21:45 ERROR errorhandler.py:105: Property: Invalid value for "CSS Level 2.1" property: "#f8f8f2" [71:5: color]
2024-10-31 13:21:45 ERROR errorhandler.py:105: Property: Invalid value for "CSS Level 2.1" property: "#f8f8f2" [118:5: color]
2024-10-31 13:21:45 INFO bar_manager.py:46: Successfully loaded updated stylesheet and applied to all bars.
2024-10-31 13:21:45 ERROR errorhandler.py:105: Property: Invalid value for "CSS Level 2.1" property: "#f8f8f2" [6:5: color]
2024-10-31 13:21:45 ERROR errorhandler.py:105: Property: Invalid value for "CSS Level 2.1" property: "#f8f8f2" [62:5: color]
2024-10-31 13:21:45 ERROR errorhandler.py:105: Property: Invalid value for "CSS Level 2.1" property: "#f8f8f2" [66:5: color]
2024-10-31 13:21:45 ERROR errorhandler.py:105: Property: Invalid value for "CSS Level 2.1" property: "#f8f8f2" [71:5: color]
2024-10-31 13:21:45 ERROR errorhandler.py:105: Property: Invalid value for "CSS Level 2.1" property: "#f8f8f2" [118:5: color]
2024-10-31 13:22:19 INFO weather.py:156: Fetched new weather data at 2024-10-31 13:22:19.830152
2024-10-31 13:22:20 INFO weather.py:156: Fetched new weather data at 2024-10-31 13:22:20.658236
2024-10-31 13:22:47 ERROR errorhandler.py:105: Property: Invalid value for "CSS Level 2.1" property: "#f8f8f2" [6:5: color]
2024-10-31 13:22:47 ERROR errorhandler.py:105: Property: Invalid value for "CSS Level 2.1" property: "#f8f8f2" [66:5: color]
2024-10-31 13:22:47 ERROR errorhandler.py:105: Property: Invalid value for "CSS Level 2.1" property: "#f8f8f2" [70:5: color]
2024-10-31 13:22:47 ERROR errorhandler.py:105: Property: Invalid value for "CSS Level 2.1" property: "#f8f8f2" [75:5: color]
2024-10-31 13:22:47 ERROR errorhandler.py:105: Property: Invalid value for "CSS Level 2.1" property: "#f8f8f2" [122:5: color]
2024-10-31 13:22:47 INFO bar_manager.py:46: Successfully loaded updated stylesheet and applied to all bars.
2024-10-31 13:22:48 ERROR errorhandler.py:105: Property: Invalid value for "CSS Level 2.1" property: "#f8f8f2" [6:5: color]
2024-10-31 13:22:48 ERROR errorhandler.py:105: Property: Invalid value for "CSS Level 2.1" property: "#f8f8f2" [66:5: color]
2024-10-31 13:22:48 ERROR errorhandler.py:105: Property: Invalid value for "CSS Level 2.1" property: "#f8f8f2" [70:5: color]
2024-10-31 13:22:48 ERROR errorhandler.py:105: Property: Invalid value for "CSS Level 2.1" property: "#f8f8f2" [75:5: color]
2024-10-31 13:22:48 ERROR errorhandler.py:105: Property: Invalid value for "CSS Level 2.1" property: "#f8f8f2" [122:5: color]
2024-10-31 13:23:12 ERROR errorhandler.py:105: Property: Invalid value for "CSS Level 2.1" property: "#f8f8f2" [6:5: color]
2024-10-31 13:23:12 ERROR errorhandler.py:105: Property: Invalid value for "CSS Level 2.1" property: "#f8f8f2" [66:5: color]
2024-10-31 13:23:12 ERROR errorhandler.py:105: Property: Invalid value for "CSS Level 2.1" property: "#f8f8f2" [70:5: color]
2024-10-31 13:23:12 ERROR errorhandler.py:105: Property: Invalid value for "CSS Level 2.1" property: "#f8f8f2" [75:5: color]
2024-10-31 13:23:12 ERROR errorhandler.py:105: Property: Invalid value for "CSS Level 2.1" property: "#f8f8f2" [122:5: color]
2024-10-31 13:23:12 INFO bar_manager.py:46: Successfully loaded updated stylesheet and applied to all bars.
2024-10-31 13:23:12 ERROR errorhandler.py:105: Property: Invalid value for "CSS Level 2.1" property: "#f8f8f2" [6:5: color]
2024-10-31 13:23:12 ERROR errorhandler.py:105: Property: Invalid value for "CSS Level 2.1" property: "#f8f8f2" [66:5: color]
2024-10-31 13:23:12 ERROR errorhandler.py:105: Property: Invalid value for "CSS Level 2.1" property: "#f8f8f2" [70:5: color]
2024-10-31 13:23:12 ERROR errorhandler.py:105: Property: Invalid value for "CSS Level 2.1" property: "#f8f8f2" [75:5: color]
2024-10-31 13:23:12 ERROR errorhandler.py:105: Property: Invalid value for "CSS Level 2.1" property: "#f8f8f2" [122:5: color]
2024-10-31 13:24:02 ERROR bar_manager.py:53: Error loading config: 'charmap' codec can't decode byte 0x8f in position 455: character maps to <undefined>
2024-10-31 13:24:02 ERROR bar_manager.py:53: Error loading config: 'charmap' codec can't decode byte 0x8f in position 455: character maps to <undefined>
2024-10-31 13:24:03 ERROR bar_manager.py:53: Error loading config: 'charmap' codec can't decode byte 0x8f in position 455: character maps to <undefined>
2024-10-31 13:24:03 ERROR bar_manager.py:53: Error loading config: 'charmap' codec can't decode byte 0x8f in position 455: character maps to <undefined>
2024-10-31 13:24:32 ERROR errorhandler.py:105: Property: Invalid value for "CSS Level 2.1" property: "#f8f8f2" [6:5: color]
2024-10-31 13:24:32 ERROR errorhandler.py:105: Property: Invalid value for "CSS Level 2.1" property: "#f8f8f2" [66:5: color]
2024-10-31 13:24:32 ERROR errorhandler.py:105: Property: Invalid value for "CSS Level 2.1" property: "#f8f8f2" [70:5: color]
2024-10-31 13:24:32 ERROR errorhandler.py:105: Property: Invalid value for "CSS Level 2.1" property: "#f8f8f2" [75:5: color]
2024-10-31 13:24:32 ERROR errorhandler.py:105: Property: Invalid value for "CSS Level 2.1" property: "#f8f8f2" [122:5: color]
2024-10-31 13:24:32 INFO bar_manager.py:46: Successfully loaded updated stylesheet and applied to all bars.
2024-10-31 13:24:40 ERROR errorhandler.py:105: Property: Invalid value for "CSS Level 2.1" property: "#f8f8f2" [6:5: color]
2024-10-31 13:24:40 ERROR errorhandler.py:105: Property: Invalid value for "CSS Level 2.1" property: "#f8f8f2" [66:5: color]
2024-10-31 13:24:40 ERROR errorhandler.py:105: Property: Invalid value for "CSS Level 2.1" property: "#f8f8f2" [70:5: color]
2024-10-31 13:24:40 ERROR errorhandler.py:105: Property: Invalid value for "CSS Level 2.1" property: "#f8f8f2" [75:5: color]
2024-10-31 13:24:40 ERROR errorhandler.py:105: Property: Invalid value for "CSS Level 2.1" property: "#f8f8f2" [122:5: color]
2024-10-31 13:24:40 INFO bar_manager.py:46: Successfully loaded updated stylesheet and applied to all bars.
2024-10-31 13:24:46 ERROR errorhandler.py:105: Property: Invalid value for "CSS Level 2.1" property: "#f8f8f2" [6:5: color]
2024-10-31 13:24:46 ERROR errorhandler.py:105: Property: Invalid value for "CSS Level 2.1" property: "#f8f8f2" [66:5: color]
2024-10-31 13:24:46 ERROR errorhandler.py:105: Property: Invalid value for "CSS Level 2.1" property: "#f8f8f2" [70:5: color]
2024-10-31 13:24:46 ERROR errorhandler.py:105: Property: Invalid value for "CSS Level 2.1" property: "#f8f8f2" [75:5: color]
2024-10-31 13:24:46 ERROR errorhandler.py:105: Property: Invalid value for "CSS Level 2.1" property: "#f8f8f2" [122:5: color]
2024-10-31 13:24:46 INFO bar_manager.py:46: Successfully loaded updated stylesheet and applied to all bars.
2024-10-31 13:24:46 ERROR errorhandler.py:105: Property: Invalid value for "CSS Level 2.1" property: "#f8f8f2" [6:5: color]
2024-10-31 13:24:46 ERROR errorhandler.py:105: Property: Invalid value for "CSS Level 2.1" property: "#f8f8f2" [66:5: color]
2024-10-31 13:24:46 ERROR errorhandler.py:105: Property: Invalid value for "CSS Level 2.1" property: "#f8f8f2" [70:5: color]
2024-10-31 13:24:46 ERROR errorhandler.py:105: Property: Invalid value for "CSS Level 2.1" property: "#f8f8f2" [75:5: color]
2024-10-31 13:24:46 ERROR errorhandler.py:105: Property: Invalid value for "CSS Level 2.1" property: "#f8f8f2" [122:5: color]
2024-10-31 13:25:22 INFO log.py:21: Yasb
2024-10-31 13:25:22 ERROR errorhandler.py:105: Property: Invalid value for "CSS Level 2.1" property: "#f8f8f2" [6:5: color]
2024-10-31 13:25:22 ERROR errorhandler.py:105: Property: Invalid value for "CSS Level 2.1" property: "#f8f8f2" [66:5: color]
2024-10-31 13:25:22 ERROR errorhandler.py:105: Property: Invalid value for "CSS Level 2.1" property: "#f8f8f2" [70:5: color]
2024-10-31 13:25:22 ERROR errorhandler.py:105: Property: Invalid value for "CSS Level 2.1" property: "#f8f8f2" [75:5: color]
2024-10-31 13:25:22 ERROR errorhandler.py:105: Property: Invalid value for "CSS Level 2.1" property: "#f8f8f2" [122:5: color]
2024-10-31 13:25:22 DEBUG win32.py:58: Looking up time zone info from registry
2024-10-31 13:25:23 INFO weather.py:156: Fetched new weather data at 2024-10-31 13:25:23.348288
2024-10-31 13:25:23 DEBUG __init__.py:143: CoInitializeEx(None, 2)
2024-10-31 13:25:24 INFO weather.py:156: Fetched new weather data at 2024-10-31 13:25:24.006508
2024-10-31 13:25:24 INFO event_listener.py:52: Created named pipe yasb-62578a5e-972f-11ef-984c-e848b8c82000
2024-10-31 13:25:24 INFO event_listener.py:106: Waiting for Komorebi to subscribe to named pipe yasb-62578a5e-972f-11ef-984c-e848b8c82000
2024-10-31 13:25:24 INFO watcher.py:39: Created file watcher for path C:\Users\jojat\.config\yasb
2024-10-31 13:25:24 DEBUG _windows.py:213: Starting (proactor: <_IocpProactor overlapped#=0 result#=0>)...
2024-10-31 13:25:24 DEBUG _windows.py:192: Thread started
2024-10-31 13:25:24 INFO event_listener.py:118: Komorebi connected to named pipe: yasb-62578a5e-972f-11ef-984c-e848b8c82000
2024-10-31 13:25:43 INFO log.py:21: Yasb
2024-10-31 13:25:43 ERROR errorhandler.py:105: Property: Invalid value for "CSS Level 2.1" property: "#f8f8f2" [6:5: color]
2024-10-31 13:25:43 ERROR errorhandler.py:105: Property: Invalid value for "CSS Level 2.1" property: "#f8f8f2" [66:5: color]
2024-10-31 13:25:43 ERROR errorhandler.py:105: Property: Invalid value for "CSS Level 2.1" property: "#f8f8f2" [70:5: color]
2024-10-31 13:25:43 ERROR errorhandler.py:105: Property: Invalid value for "CSS Level 2.1" property: "#f8f8f2" [75:5: color]
2024-10-31 13:25:43 ERROR errorhandler.py:105: Property: Invalid value for "CSS Level 2.1" property: "#f8f8f2" [122:5: color]
2024-10-31 13:25:43 DEBUG win32.py:58: Looking up time zone info from registry
2024-10-31 13:25:44 INFO weather.py:156: Fetched new weather data at 2024-10-31 13:25:44.503377
2024-10-31 13:25:44 DEBUG __init__.py:143: CoInitializeEx(None, 2)
2024-10-31 13:25:45 INFO weather.py:156: Fetched new weather data at 2024-10-31 13:25:45.149870
2024-10-31 13:25:45 INFO event_listener.py:52: Created named pipe yasb-6ef24889-972f-11ef-838d-e848b8c82000
2024-10-31 13:25:45 INFO event_listener.py:106: Waiting for Komorebi to subscribe to named pipe yasb-6ef24889-972f-11ef-838d-e848b8c82000
2024-10-31 13:25:45 INFO watcher.py:39: Created file watcher for path C:\Users\jojat\.config\yasb
2024-10-31 13:25:45 DEBUG _windows.py:213: Starting (proactor: <_IocpProactor overlapped#=0 result#=0>)...
2024-10-31 13:25:45 DEBUG _windows.py:192: Thread started
2024-10-31 13:25:45 INFO event_listener.py:118: Komorebi connected to named pipe: yasb-6ef24889-972f-11ef-838d-e848b8c82000
2024-10-31 13:26:04 ERROR errorhandler.py:105: Property: Invalid value for "CSS Level 2.1" property: "#f8f8f2" [6:5: color]
2024-10-31 13:26:04 ERROR errorhandler.py:105: Property: Invalid value for "CSS Level 2.1" property: "#f9f8f5" [52:5: color]
2024-10-31 13:26:04 ERROR errorhandler.py:105: Property: Invalid value for "CSS Level 2.1" property: "#f8f8f2" [67:5: color]
2024-10-31 13:26:04 ERROR errorhandler.py:105: Property: Invalid value for "CSS Level 2.1" property: "#f8f8f2" [71:5: color]
2024-10-31 13:26:04 ERROR errorhandler.py:105: Property: Invalid value for "CSS Level 2.1" property: "#f8f8f2" [76:5: color]
2024-10-31 13:26:04 ERROR errorhandler.py:105: Property: Invalid value for "CSS Level 2.1" property: "#f8f8f2" [123:5: color]
2024-10-31 13:26:04 INFO bar_manager.py:46: Successfully loaded updated stylesheet and applied to all bars.
2024-10-31 13:26:04 ERROR errorhandler.py:105: Property: Invalid value for "CSS Level 2.1" property: "#f8f8f2" [6:5: color]
2024-10-31 13:26:04 ERROR errorhandler.py:105: Property: Invalid value for "CSS Level 2.1" property: "#f9f8f5" [52:5: color]
2024-10-31 13:26:04 ERROR errorhandler.py:105: Property: Invalid value for "CSS Level 2.1" property: "#f8f8f2" [67:5: color]
2024-10-31 13:26:04 ERROR errorhandler.py:105: Property: Invalid value for "CSS Level 2.1" property: "#f8f8f2" [71:5: color]
2024-10-31 13:26:04 ERROR errorhandler.py:105: Property: Invalid value for "CSS Level 2.1" property: "#f8f8f2" [76:5: color]
2024-10-31 13:26:04 ERROR errorhandler.py:105: Property: Invalid value for "CSS Level 2.1" property: "#f8f8f2" [123:5: color]
2024-10-31 13:26:05 ERROR errorhandler.py:105: Property: Invalid value for "CSS Level 2.1" property: "#f8f8f2" [6:5: color]
2024-10-31 13:26:05 ERROR errorhandler.py:105: Property: Invalid value for "CSS Level 2.1" property: "#f9f8f5" [52:5: color]
2024-10-31 13:26:05 ERROR errorhandler.py:105: Property: Invalid value for "CSS Level 2.1" property: "#f8f8f2" [67:5: color]
2024-10-31 13:26:05 ERROR errorhandler.py:105: Property: Invalid value for "CSS Level 2.1" property: "#f8f8f2" [71:5: color]
2024-10-31 13:26:05 ERROR errorhandler.py:105: Property: Invalid value for "CSS Level 2.1" property: "#f8f8f2" [76:5: color]
2024-10-31 13:26:05 ERROR errorhandler.py:105: Property: Invalid value for "CSS Level 2.1" property: "#f8f8f2" [123:5: color]
2024-10-31 13:26:13 ERROR errorhandler.py:105: Property: Invalid value for "CSS Level 2.1" property: "#f8f8f2" [6:5: color]
2024-10-31 13:26:13 ERROR errorhandler.py:105: Property: Invalid value for "CSS Level 2.1" property: "#a1efe4" [52:5: color]
2024-10-31 13:26:13 ERROR errorhandler.py:105: Property: Invalid value for "CSS Level 2.1" property: "#f8f8f2" [67:5: color]
2024-10-31 13:26:13 ERROR errorhandler.py:105: Property: Invalid value for "CSS Level 2.1" property: "#f8f8f2" [71:5: color]
2024-10-31 13:26:13 ERROR errorhandler.py:105: Property: Invalid value for "CSS Level 2.1" property: "#f8f8f2" [76:5: color]
2024-10-31 13:26:13 ERROR errorhandler.py:105: Property: Invalid value for "CSS Level 2.1" property: "#f8f8f2" [123:5: color]
2024-10-31 13:26:13 INFO bar_manager.py:46: Successfully loaded updated stylesheet and applied to all bars.
2024-10-31 13:26:15 ERROR errorhandler.py:105: Property: Invalid value for "CSS Level 2.1" property: "#f8f8f2" [6:5: color]
2024-10-31 13:26:15 ERROR errorhandler.py:105: Property: Invalid value for "CSS Level 2.1" property: "#a1efe4" [52:5: color]
2024-10-31 13:26:15 ERROR errorhandler.py:105: Property: Invalid value for "CSS Level 2.1" property: "#f8f8f2" [67:5: color]
2024-10-31 13:26:15 ERROR errorhandler.py:105: Property: Invalid value for "CSS Level 2.1" property: "#f8f8f2" [71:5: color]
2024-10-31 13:26:15 ERROR errorhandler.py:105: Property: Invalid value for "CSS Level 2.1" property: "#f8f8f2" [76:5: color]
2024-10-31 13:26:15 ERROR errorhandler.py:105: Property: Invalid value for "CSS Level 2.1" property: "#f8f8f2" [123:5: color]
2024-10-31 13:26:38 ERROR errorhandler.py:105: Property: Invalid value for "CSS Level 2.1" property: "#f8f8f2" [6:5: color]
2024-10-31 13:26:38 ERROR errorhandler.py:105: Property: Invalid value for "CSS Level 2.1" property: "#a1efe4" [52:5: color]
2024-10-31 13:26:38 ERROR errorhandler.py:105: Property: Invalid value for "CSS Level 2.1" property: "#f8f8f2" [67:5: color]
2024-10-31 13:26:38 ERROR errorhandler.py:105: Property: Invalid value for "CSS Level 2.1" property: "#f8f8f2" [71:5: color]
2024-10-31 13:26:38 ERROR errorhandler.py:105: Property: Invalid value for "CSS Level 2.1" property: "#f8f8f2" [76:5: color]
2024-10-31 13:26:38 ERROR errorhandler.py:105: Property: Invalid value for "CSS Level 2.1" property: "#f8f8f2" [123:5: color]
2024-10-31 13:26:38 INFO bar_manager.py:46: Successfully loaded updated stylesheet and applied to all bars.
2024-10-31 13:26:38 ERROR errorhandler.py:105: Property: Invalid value for "CSS Level 2.1" property: "#f8f8f2" [6:5: color]
2024-10-31 13:26:38 ERROR errorhandler.py:105: Property: Invalid value for "CSS Level 2.1" property: "#a1efe4" [52:5: color]
2024-10-31 13:26:38 ERROR errorhandler.py:105: Property: Invalid value for "CSS Level 2.1" property: "#f8f8f2" [67:5: color]
2024-10-31 13:26:38 ERROR errorhandler.py:105: Property: Invalid value for "CSS Level 2.1" property: "#f8f8f2" [71:5: color]
2024-10-31 13:26:38 ERROR errorhandler.py:105: Property: Invalid value for "CSS Level 2.1" property: "#f8f8f2" [76:5: color]
2024-10-31 13:26:38 ERROR errorhandler.py:105: Property: Invalid value for "CSS Level 2.1" property: "#f8f8f2" [123:5: color]
2024-10-31 13:27:27 INFO log.py:21: Yasb
2024-10-31 13:27:27 ERROR errorhandler.py:105: Property: Invalid value for "CSS Level 2.1" property: "#f8f8f2" [6:5: color]
2024-10-31 13:27:27 ERROR errorhandler.py:105: Property: Invalid value for "CSS Level 2.1" property: "#a1efe4" [52:5: color]
2024-10-31 13:27:27 ERROR errorhandler.py:105: Property: Invalid value for "CSS Level 2.1" property: "#f8f8f2" [67:5: color]
2024-10-31 13:27:27 ERROR errorhandler.py:105: Property: Invalid value for "CSS Level 2.1" property: "#f8f8f2" [71:5: color]
2024-10-31 13:27:27 ERROR errorhandler.py:105: Property: Invalid value for "CSS Level 2.1" property: "#f8f8f2" [76:5: color]
2024-10-31 13:27:27 ERROR errorhandler.py:105: Property: Invalid value for "CSS Level 2.1" property: "#f8f8f2" [123:5: color]
2024-10-31 13:27:27 DEBUG win32.py:58: Looking up time zone info from registry
2024-10-31 13:27:28 INFO weather.py:156: Fetched new weather data at 2024-10-31 13:27:28.519669
2024-10-31 13:27:28 DEBUG __init__.py:143: CoInitializeEx(None, 2)
2024-10-31 13:27:29 INFO weather.py:156: Fetched new weather data at 2024-10-31 13:27:29.236726
2024-10-31 13:27:29 INFO event_listener.py:52: Created named pipe yasb-acfcd4c8-972f-11ef-8945-e848b8c82000
2024-10-31 13:27:29 INFO event_listener.py:106: Waiting for Komorebi to subscribe to named pipe yasb-acfcd4c8-972f-11ef-8945-e848b8c82000
2024-10-31 13:27:29 INFO watcher.py:39: Created file watcher for path C:\Users\jojat\.config\yasb
2024-10-31 13:27:29 DEBUG _windows.py:213: Starting (proactor: <_IocpProactor overlapped#=0 result#=0>)...
2024-10-31 13:27:29 DEBUG _windows.py:192: Thread started
2024-10-31 13:27:29 INFO event_listener.py:118: Komorebi connected to named pipe: yasb-acfcd4c8-972f-11ef-8945-e848b8c82000
2024-10-31 13:28:12 ERROR errorhandler.py:105: Property: Invalid value for "CSS Level 2.1" property: "#f8f8f2" [6:5: color]
2024-10-31 13:28:12 ERROR errorhandler.py:105: Property: Invalid value for "CSS Level 2.1" property: "#a1efe4" [53:5: color]
2024-10-31 13:28:12 ERROR errorhandler.py:105: Property: Invalid value for "CSS Level 2.1" property: "#f8f8f2" [68:5: color]
2024-10-31 13:28:12 ERROR errorhandler.py:105: Property: Invalid value for "CSS Level 2.1" property: "#f8f8f2" [72:5: color]
2024-10-31 13:28:12 ERROR errorhandler.py:105: Property: Invalid value for "CSS Level 2.1" property: "#f8f8f2" [77:5: color]
2024-10-31 13:28:12 ERROR errorhandler.py:105: Property: Invalid value for "CSS Level 2.1" property: "#f8f8f2" [124:5: color]
2024-10-31 13:28:12 INFO bar_manager.py:46: Successfully loaded updated stylesheet and applied to all bars.
2024-10-31 13:28:30 ERROR errorhandler.py:105: Property: Invalid value for "CSS Level 2.1" property: "#f8f8f2" [6:5: color]
2024-10-31 13:28:31 ERROR errorhandler.py:105: Property: Invalid value for "CSS Level 2.1" property: "#a1efe4" [53:5: color]
2024-10-31 13:28:31 INFO bar_manager.py:46: Successfully loaded updated stylesheet and applied to all bars.
2024-10-31 13:28:35 ERROR errorhandler.py:105: Property: Invalid value for "CSS Level 2.1" property: "#f8f8f2" [6:5: color]
2024-10-31 13:28:35 ERROR errorhandler.py:105: Property: Invalid value for "CSS Level 2.1" property: "#a1efe4" [53:5: color]
2024-10-31 13:28:35 ERROR errorhandler.py:105: Property: Invalid value for "CSS Level 2.1" property: "#f8f8f2" [68:5: color]
2024-10-31 13:28:35 ERROR errorhandler.py:105: Property: Invalid value for "CSS Level 2.1" property: "#f8f8f2" [72:5: color]
2024-10-31 13:28:35 ERROR errorhandler.py:105: Property: Invalid value for "CSS Level 2.1" property: "#f8f8f2" [77:5: color]
2024-10-31 13:28:35 ERROR errorhandler.py:105: Property: Invalid value for "CSS Level 2.1" property: "#f8f8f2" [124:5: color]
2024-10-31 13:28:35 INFO bar_manager.py:46: Successfully loaded updated stylesheet and applied to all bars.
2024-10-31 13:28:51 ERROR errorhandler.py:105: Property: Invalid value for "CSS Level 2.1" property: "#f8f8f2" [6:5: color]
2024-10-31 13:28:51 ERROR errorhandler.py:105: Property: Invalid value for "CSS Level 2.1" property: "#a1efe4" [53:5: color]
2024-10-31 13:28:51 ERROR errorhandler.py:105: Property: Invalid value for "CSS Level 2.1" property: "#f8f8f2" [68:5: color]
2024-10-31 13:28:51 ERROR errorhandler.py:105: Property: Invalid value for "CSS Level 2.1" property: "#f8f8f2" [72:5: color]
2024-10-31 13:28:51 ERROR errorhandler.py:105: Property: Invalid value for "CSS Level 2.1" property: "#f8f8f2" [77:5: color]
2024-10-31 13:28:51 ERROR errorhandler.py:105: Property: Invalid value for "CSS Level 2.1" property: "#f8f8f2" [124:5: color]
2024-10-31 13:28:51 INFO bar_manager.py:46: Successfully loaded updated stylesheet and applied to all bars.
2024-10-31 13:28:51 ERROR errorhandler.py:105: Property: Invalid value for "CSS Level 2.1" property: "#f8f8f2" [6:5: color]
2024-10-31 13:28:51 ERROR errorhandler.py:105: Property: Invalid value for "CSS Level 2.1" property: "#a1efe4" [53:5: color]
2024-10-31 13:28:51 ERROR errorhandler.py:105: Property: Invalid value for "CSS Level 2.1" property: "#f8f8f2" [68:5: color]
2024-10-31 13:28:51 ERROR errorhandler.py:105: Property: Invalid value for "CSS Level 2.1" property: "#f8f8f2" [72:5: color]
2024-10-31 13:28:51 ERROR errorhandler.py:105: Property: Invalid value for "CSS Level 2.1" property: "#f8f8f2" [77:5: color]
2024-10-31 13:28:51 ERROR errorhandler.py:105: Property: Invalid value for "CSS Level 2.1" property: "#f8f8f2" [124:5: color]
2024-10-31 13:29:42 ERROR errorhandler.py:105: Property: Invalid value for "CSS Level 2.1" property: "#f8f8f2" [6:5: color]
2024-10-31 13:29:42 ERROR errorhandler.py:105: Property: Invalid value for "CSS Level 2.1" property: "#a1efe4" [54:5: color]
2024-10-31 13:29:42 ERROR errorhandler.py:105: Property: Invalid value for "CSS Level 2.1" property: "#f8f8f2" [69:5: color]
2024-10-31 13:29:42 ERROR errorhandler.py:105: Property: Invalid value for "CSS Level 2.1" property: "#f8f8f2" [73:5: color]
2024-10-31 13:29:42 ERROR errorhandler.py:105: Property: Invalid value for "CSS Level 2.1" property: "#f8f8f2" [78:5: color]
2024-10-31 13:29:42 ERROR errorhandler.py:105: Property: Invalid value for "CSS Level 2.1" property: "#f8f8f2" [125:5: color]
2024-10-31 13:29:47 ERROR errorhandler.py:105: Property: Invalid value for "CSS Level 2.1" property: "#f8f8f2" [6:5: color]
2024-10-31 13:29:47 ERROR errorhandler.py:105: Property: Invalid value for "CSS Level 2.1" property: "#a1efe4" [55:5: color]
2024-10-31 13:29:47 ERROR errorhandler.py:105: Property: Invalid value for "CSS Level 2.1" property: "#f8f8f2" [70:5: color]
2024-10-31 13:29:47 ERROR errorhandler.py:105: Property: Invalid value for "CSS Level 2.1" property: "#f8f8f2" [74:5: color]
2024-10-31 13:29:47 ERROR errorhandler.py:105: Property: Invalid value for "CSS Level 2.1" property: "#f8f8f2" [79:5: color]
2024-10-31 13:29:47 ERROR errorhandler.py:105: Property: Invalid value for "CSS Level 2.1" property: "#f8f8f2" [126:5: color]
2024-10-31 13:29:47 INFO bar_manager.py:46: Successfully loaded updated stylesheet and applied to all bars.
2024-10-31 13:30:26 ERROR errorhandler.py:105: Property: Invalid value for "CSS Level 2.1" property: "#f8f8f2" [6:5: color]
2024-10-31 13:30:26 ERROR errorhandler.py:105: Property: Invalid value for "CSS Level 2.1" property: "#a1efe4" [54:5: color]
2024-10-31 13:30:26 ERROR errorhandler.py:105: Property: Invalid value for "CSS Level 2.1" property: "#f8f8f2" [69:5: color]
2024-10-31 13:30:26 ERROR errorhandler.py:105: Property: Invalid value for "CSS Level 2.1" property: "#f8f8f2" [73:5: color]
2024-10-31 13:30:26 ERROR errorhandler.py:105: Property: Invalid value for "CSS Level 2.1" property: "#f8f8f2" [78:5: color]
2024-10-31 13:30:26 ERROR errorhandler.py:105: Property: Invalid value for "CSS Level 2.1" property: "#f8f8f2" [125:5: color]
2024-10-31 13:30:26 INFO bar_manager.py:46: Successfully loaded updated stylesheet and applied to all bars.
2024-10-31 13:30:33 ERROR errorhandler.py:105: Property: Invalid value for "CSS Level 2.1" property: "#f8f8f2" [6:5: color]
2024-10-31 13:30:33 ERROR errorhandler.py:105: Property: Invalid value for "CSS Level 2.1" property: "#a1efe4" [55:5: color]
2024-10-31 13:30:33 ERROR errorhandler.py:105: Property: Invalid value for "CSS Level 2.1" property: "#f8f8f2" [70:5: color]
2024-10-31 13:30:33 ERROR errorhandler.py:105: Property: Invalid value for "CSS Level 2.1" property: "#f8f8f2" [74:5: color]
2024-10-31 13:30:33 ERROR errorhandler.py:105: Property: Invalid value for "CSS Level 2.1" property: "#f8f8f2" [79:5: color]
2024-10-31 13:30:33 ERROR errorhandler.py:105: Property: Invalid value for "CSS Level 2.1" property: "#f8f8f2" [126:5: color]
2024-10-31 13:30:33 INFO bar_manager.py:46: Successfully loaded updated stylesheet and applied to all bars.
2024-10-31 13:30:38 ERROR errorhandler.py:105: Property: Invalid value for "CSS Level 2.1" property: "#f8f8f2" [6:5: color]
2024-10-31 13:30:38 ERROR errorhandler.py:105: Property: Invalid value for "CSS Level 2.1" property: "#a1efe4" [54:5: color]
2024-10-31 13:30:38 ERROR errorhandler.py:105: Property: Invalid value for "CSS Level 2.1" property: "#f8f8f2" [69:5: color]
2024-10-31 13:30:38 ERROR errorhandler.py:105: Property: Invalid value for "CSS Level 2.1" property: "#f8f8f2" [73:5: color]
2024-10-31 13:30:38 ERROR errorhandler.py:105: Property: Invalid value for "CSS Level 2.1" property: "#f8f8f2" [78:5: color]
2024-10-31 13:30:38 ERROR errorhandler.py:105: Property: Invalid value for "CSS Level 2.1" property: "#f8f8f2" [125:5: color]
2024-10-31 13:30:38 INFO bar_manager.py:46: Successfully loaded updated stylesheet and applied to all bars.
2024-10-31 13:30:47 ERROR errorhandler.py:105: Property: Invalid value for "CSS Level 2.1" property: "#f8f8f2" [6:5: color]
2024-10-31 13:30:47 ERROR errorhandler.py:105: Property: Invalid value for "CSS Level 2.1" property: "#a1efe4" [54:5: color]
2024-10-31 13:30:47 ERROR errorhandler.py:105: Property: Invalid value for "CSS Level 2.1" property: "#f8f8f2" [69:5: color]
2024-10-31 13:30:47 ERROR errorhandler.py:105: Property: Invalid value for "CSS Level 2.1" property: "#f8f8f2" [73:5: color]
2024-10-31 13:30:47 ERROR errorhandler.py:105: Property: Invalid value for "CSS Level 2.1" property: "#f8f8f2" [78:5: color]
2024-10-31 13:30:47 ERROR errorhandler.py:105: Property: Invalid value for "CSS Level 2.1" property: "#f8f8f2" [125:5: color]
2024-10-31 13:30:48 INFO bar_manager.py:46: Successfully loaded updated stylesheet and applied to all bars.
2024-10-31 13:30:53 ERROR errorhandler.py:105: Property: Invalid value for "CSS Level 2.1" property: "#f8f8f2" [6:5: color]
2024-10-31 13:30:53 ERROR errorhandler.py:105: Property: Invalid value for "CSS Level 2.1" property: "#a1efe4" [55:5: color]
2024-10-31 13:30:53 ERROR errorhandler.py:105: Property: Invalid value for "CSS Level 2.1" property: "#f8f8f2" [70:5: color]
2024-10-31 13:30:53 ERROR errorhandler.py:105: Property: Invalid value for "CSS Level 2.1" property: "#f8f8f2" [74:5: color]
2024-10-31 13:30:53 ERROR errorhandler.py:105: Property: Invalid value for "CSS Level 2.1" property: "#f8f8f2" [79:5: color]
2024-10-31 13:30:53 ERROR errorhandler.py:105: Property: Invalid value for "CSS Level 2.1" property: "#f8f8f2" [126:5: color]
2024-10-31 13:30:53 INFO bar_manager.py:46: Successfully loaded updated stylesheet and applied to all bars.
2024-10-31 13:30:53 ERROR errorhandler.py:105: Property: Invalid value for "CSS Level 2.1" property: "#f8f8f2" [6:5: color]
2024-10-31 13:30:53 ERROR errorhandler.py:105: Property: Invalid value for "CSS Level 2.1" property: "#a1efe4" [55:5: color]
2024-10-31 13:30:53 ERROR errorhandler.py:105: Property: Invalid value for "CSS Level 2.1" property: "#f8f8f2" [70:5: color]
2024-10-31 13:30:53 ERROR errorhandler.py:105: Property: Invalid value for "CSS Level 2.1" property: "#f8f8f2" [74:5: color]
2024-10-31 13:30:53 ERROR errorhandler.py:105: Property: Invalid value for "CSS Level 2.1" property: "#f8f8f2" [79:5: color]
2024-10-31 13:30:53 ERROR errorhandler.py:105: Property: Invalid value for "CSS Level 2.1" property: "#f8f8f2" [126:5: color]
2024-10-31 13:33:22 ERROR errorhandler.py:105: Property: Invalid value for "CSS Level 2.1" property: "#f8f8f2" [6:5: color]
2024-10-31 13:33:22 ERROR errorhandler.py:105: Property: Invalid value for "CSS Level 2.1" property: "#a1efe4" [55:5: color]
2024-10-31 13:33:22 ERROR errorhandler.py:105: Property: Invalid value for "CSS Level 2.1" property: "#f8f8f2" [70:5: color]
2024-10-31 13:33:22 ERROR errorhandler.py:105: Property: Invalid value for "CSS Level 2.1" property: "#f8f8f2" [74:5: color]
2024-10-31 13:33:22 ERROR errorhandler.py:105: Property: Invalid value for "CSS Level 2.1" property: "#f8f8f2" [79:5: color]
2024-10-31 13:33:22 ERROR errorhandler.py:105: Property: Invalid value for "CSS Level 2.1" property: "#f8f8f2" [126:5: color]
2024-10-31 13:33:22 INFO bar_manager.py:46: Successfully loaded updated stylesheet and applied to all bars.
2024-10-31 13:33:50 ERROR errorhandler.py:105: Property: Invalid value for "CSS Level 2.1" property: "#f8f8f2" [6:5: color]
2024-10-31 13:33:50 ERROR errorhandler.py:105: Property: Invalid value for "CSS Level 2.1" property: "#a1efe4" [60:5: color]
2024-10-31 13:33:50 ERROR errorhandler.py:105: Property: Invalid value for "CSS Level 2.1" property: "#f8f8f2" [75:5: color]
2024-10-31 13:33:50 ERROR errorhandler.py:105: Property: Invalid value for "CSS Level 2.1" property: "#f8f8f2" [79:5: color]
2024-10-31 13:33:50 ERROR errorhandler.py:105: Property: Invalid value for "CSS Level 2.1" property: "#f8f8f2" [84:5: color]
2024-10-31 13:33:50 ERROR errorhandler.py:105: Property: Invalid value for "CSS Level 2.1" property: "#f8f8f2" [131:5: color]
2024-10-31 13:33:50 INFO bar_manager.py:46: Successfully loaded updated stylesheet and applied to all bars.
2024-10-31 13:33:50 ERROR errorhandler.py:105: Property: Invalid value for "CSS Level 2.1" property: "#f8f8f2" [6:5: color]
2024-10-31 13:33:50 ERROR errorhandler.py:105: Property: Invalid value for "CSS Level 2.1" property: "#a1efe4" [60:5: color]
2024-10-31 13:33:50 ERROR errorhandler.py:105: Property: Invalid value for "CSS Level 2.1" property: "#f8f8f2" [75:5: color]
2024-10-31 13:33:50 ERROR errorhandler.py:105: Property: Invalid value for "CSS Level 2.1" property: "#f8f8f2" [79:5: color]
2024-10-31 13:33:50 ERROR errorhandler.py:105: Property: Invalid value for "CSS Level 2.1" property: "#f8f8f2" [84:5: color]
2024-10-31 13:33:50 ERROR errorhandler.py:105: Property: Invalid value for "CSS Level 2.1" property: "#f8f8f2" [131:5: color]
2024-10-31 13:33:51 ERROR errorhandler.py:105: Property: Invalid value for "CSS Level 2.1" property: "#f8f8f2" [6:5: color]
2024-10-31 13:33:51 ERROR errorhandler.py:105: Property: Invalid value for "CSS Level 2.1" property: "#a1efe4" [60:5: color]
2024-10-31 13:33:51 ERROR errorhandler.py:105: Property: Invalid value for "CSS Level 2.1" property: "#f8f8f2" [75:5: color]
2024-10-31 13:33:51 ERROR errorhandler.py:105: Property: Invalid value for "CSS Level 2.1" property: "#f8f8f2" [79:5: color]
2024-10-31 13:33:51 ERROR errorhandler.py:105: Property: Invalid value for "CSS Level 2.1" property: "#f8f8f2" [84:5: color]
2024-10-31 13:33:51 ERROR errorhandler.py:105: Property: Invalid value for "CSS Level 2.1" property: "#f8f8f2" [131:5: color]
2024-10-31 13:34:27 ERROR errorhandler.py:105: Property: Invalid value for "CSS Level 2.1" property: "#f8f8f2" [6:5: color]
2024-10-31 13:34:27 ERROR errorhandler.py:105: Property: Invalid value for "CSS Level 2.1" property: "#a1efe4" [61:5: color]
2024-10-31 13:34:27 ERROR errorhandler.py:105: Property: Invalid value for "CSS Level 2.1" property: "#f8f8f2" [76:5: color]
2024-10-31 13:34:27 ERROR errorhandler.py:105: Property: Invalid value for "CSS Level 2.1" property: "#f8f8f2" [80:5: color]
2024-10-31 13:34:27 ERROR errorhandler.py:105: Property: Invalid value for "CSS Level 2.1" property: "#f8f8f2" [85:5: color]
2024-10-31 13:34:27 ERROR errorhandler.py:105: Property: Invalid value for "CSS Level 2.1" property: "#f8f8f2" [132:5: color]
2024-10-31 13:34:27 INFO bar_manager.py:46: Successfully loaded updated stylesheet and applied to all bars.
2024-10-31 13:34:29 ERROR errorhandler.py:105: Property: Invalid value for "CSS Level 2.1" property: "#f8f8f2" [6:5: color]
2024-10-31 13:34:29 ERROR errorhandler.py:105: Property: Invalid value for "CSS Level 2.1" property: "#a1efe4" [61:5: color]
2024-10-31 13:34:29 ERROR errorhandler.py:105: Property: Invalid value for "CSS Level 2.1" property: "#f8f8f2" [76:5: color]
2024-10-31 13:34:29 ERROR errorhandler.py:105: Property: Invalid value for "CSS Level 2.1" property: "#f8f8f2" [80:5: color]
2024-10-31 13:34:29 ERROR errorhandler.py:105: Property: Invalid value for "CSS Level 2.1" property: "#f8f8f2" [85:5: color]
2024-10-31 13:34:29 ERROR errorhandler.py:105: Property: Invalid value for "CSS Level 2.1" property: "#f8f8f2" [132:5: color]
2024-10-31 13:35:57 ERROR errorhandler.py:105: Property: Invalid value for "CSS Level 2.1" property: "#f8f8f2" [6:5: color]
2024-10-31 13:35:57 ERROR errorhandler.py:105: Property: Invalid value for "CSS Level 2.1" property: "#a1efe4" [58:5: color]
2024-10-31 13:35:57 ERROR errorhandler.py:105: Property: Invalid value for "CSS Level 2.1" property: "#f8f8f2" [73:5: color]
2024-10-31 13:35:57 ERROR errorhandler.py:105: Property: Invalid value for "CSS Level 2.1" property: "#f8f8f2" [77:5: color]
2024-10-31 13:35:57 ERROR errorhandler.py:105: Property: Invalid value for "CSS Level 2.1" property: "#f8f8f2" [82:5: color]
2024-10-31 13:35:57 ERROR errorhandler.py:105: Property: Invalid value for "CSS Level 2.1" property: "#f8f8f2" [129:5: color]
2024-10-31 13:35:57 INFO bar_manager.py:46: Successfully loaded updated stylesheet and applied to all bars.
2024-10-31 13:36:01 ERROR errorhandler.py:105: Property: Invalid value for "CSS Level 2.1" property: "#f8f8f2" [6:5: color]
2024-10-31 13:36:01 ERROR errorhandler.py:105: Property: Invalid value for "CSS Level 2.1" property: "#a1efe4" [57:5: color]
2024-10-31 13:36:01 ERROR errorhandler.py:105: Property: Invalid value for "CSS Level 2.1" property: "#f8f8f2" [72:5: color]
2024-10-31 13:36:01 ERROR errorhandler.py:105: Property: Invalid value for "CSS Level 2.1" property: "#f8f8f2" [76:5: color]
2024-10-31 13:36:01 ERROR errorhandler.py:105: Property: Invalid value for "CSS Level 2.1" property: "#f8f8f2" [81:5: color]
2024-10-31 13:36:01 ERROR errorhandler.py:105: Property: Invalid value for "CSS Level 2.1" property: "#f8f8f2" [128:5: color]
2024-10-31 13:36:01 INFO bar_manager.py:46: Successfully loaded updated stylesheet and applied to all bars.
2024-10-31 13:37:16 ERROR errorhandler.py:105: Property: Invalid value for "CSS Level 2.1" property: "#f8f8f2" [6:5: color]
2024-10-31 13:37:16 ERROR errorhandler.py:105: Property: Invalid value for "CSS Level 2.1" property: "#a1efe4" [57:5: color]
2024-10-31 13:37:16 ERROR errorhandler.py:105: Property: Invalid value for "CSS Level 2.1" property: "#f8f8f2" [72:5: color]
2024-10-31 13:37:16 ERROR errorhandler.py:105: Property: Invalid value for "CSS Level 2.1" property: "#f8f8f2" [76:5: color]
2024-10-31 13:37:16 ERROR errorhandler.py:105: Property: Invalid value for "CSS Level 2.1" property: "#f8f8f2" [81:5: color]
2024-10-31 13:37:16 ERROR errorhandler.py:105: Property: Invalid value for "CSS Level 2.1" property: "#f8f8f2" [128:5: color]
2024-10-31 13:37:21 ERROR errorhandler.py:105: Property: Invalid value for "CSS Level 2.1" property: "#f8f8f2" [6:5: color]
2024-10-31 13:37:21 ERROR errorhandler.py:105: Property: Invalid value for "CSS Level 2.1" property: "#a1efe4" [57:5: color]
2024-10-31 13:37:21 ERROR errorhandler.py:105: Property: Invalid value for "CSS Level 2.1" property: "#f8f8f2" [72:5: color]
2024-10-31 13:37:21 ERROR errorhandler.py:105: Property: Invalid value for "CSS Level 2.1" property: "#f8f8f2" [76:5: color]
2024-10-31 13:37:21 ERROR errorhandler.py:105: Property: Invalid value for "CSS Level 2.1" property: "#f8f8f2" [81:5: color]
2024-10-31 13:37:21 ERROR errorhandler.py:105: Property: Invalid value for "CSS Level 2.1" property: "#f8f8f2" [128:5: color]
2024-10-31 13:37:28 INFO weather.py:156: Fetched new weather data at 2024-10-31 13:37:28.521775
2024-10-31 13:37:29 INFO weather.py:156: Fetched new weather data at 2024-10-31 13:37:29.238699
2024-10-31 13:37:32 ERROR errorhandler.py:105: Property: Invalid value for "CSS Level 2.1" property: "#f8f8f2" [6:5: color]
2024-10-31 13:37:32 ERROR errorhandler.py:105: Property: Invalid value for "CSS Level 2.1" property: "#a1efe4" [57:5: color]
2024-10-31 13:37:32 ERROR errorhandler.py:105: Property: Invalid value for "CSS Level 2.1" property: "#f8f8f2" [72:5: color]
2024-10-31 13:37:32 ERROR errorhandler.py:105: Property: Invalid value for "CSS Level 2.1" property: "#f8f8f2" [76:5: color]
2024-10-31 13:37:32 ERROR errorhandler.py:105: Property: Invalid value for "CSS Level 2.1" property: "#f8f8f2" [81:5: color]
2024-10-31 13:37:32 ERROR errorhandler.py:105: Property: Invalid value for "CSS Level 2.1" property: "#f8f8f2" [128:5: color]
2024-10-31 13:37:32 INFO bar_manager.py:46: Successfully loaded updated stylesheet and applied to all bars.
2024-10-31 13:38:01 ERROR errorhandler.py:105: Property: Invalid value for "CSS Level 2.1" property: "#f8f8f2" [6:5: color]
2024-10-31 13:38:01 ERROR errorhandler.py:105: Property: Invalid value for "CSS Level 2.1" property: "#a1efe4" [55:5: color]
2024-10-31 13:38:01 ERROR errorhandler.py:105: Property: Invalid value for "CSS Level 2.1" property: "#f8f8f2" [68:5: color]
2024-10-31 13:38:01 ERROR errorhandler.py:105: Property: Invalid value for "CSS Level 2.1" property: "#f8f8f2" [72:5: color]
2024-10-31 13:38:01 ERROR errorhandler.py:105: Property: Invalid value for "CSS Level 2.1" property: "#f8f8f2" [77:5: color]
2024-10-31 13:38:01 ERROR errorhandler.py:105: Property: Invalid value for "CSS Level 2.1" property: "#f8f8f2" [124:5: color]
2024-10-31 13:38:01 INFO bar_manager.py:46: Successfully loaded updated stylesheet and applied to all bars.
2024-10-31 13:38:30 INFO tray.py:201: Reloading Application...
2024-10-31 13:38:30 INFO log.py:21: Yasb
2024-10-31 13:38:30 ERROR errorhandler.py:105: Property: Invalid value for "CSS Level 2.1" property: "#f8f8f2" [6:5: color]
2024-10-31 13:38:30 ERROR errorhandler.py:105: Property: Invalid value for "CSS Level 2.1" property: "#a1efe4" [55:5: color]
2024-10-31 13:38:30 ERROR errorhandler.py:105: Property: Invalid value for "CSS Level 2.1" property: "#f8f8f2" [68:5: color]
2024-10-31 13:38:30 ERROR errorhandler.py:105: Property: Invalid value for "CSS Level 2.1" property: "#f8f8f2" [72:5: color]
2024-10-31 13:38:30 ERROR errorhandler.py:105: Property: Invalid value for "CSS Level 2.1" property: "#f8f8f2" [77:5: color]
2024-10-31 13:38:30 ERROR errorhandler.py:105: Property: Invalid value for "CSS Level 2.1" property: "#f8f8f2" [124:5: color]
2024-10-31 13:38:30 DEBUG win32.py:58: Looking up time zone info from registry
2024-10-31 13:38:31 INFO weather.py:156: Fetched new weather data at 2024-10-31 13:38:31.403631
2024-10-31 13:38:31 DEBUG __init__.py:143: CoInitializeEx(None, 2)
2024-10-31 13:38:32 INFO weather.py:156: Fetched new weather data at 2024-10-31 13:38:32.043070
2024-10-31 13:38:32 INFO event_listener.py:52: Created named pipe yasb-380c3183-9731-11ef-ba95-e848b8c82000
2024-10-31 13:38:32 INFO event_listener.py:106: Waiting for Komorebi to subscribe to named pipe yasb-380c3183-9731-11ef-ba95-e848b8c82000
2024-10-31 13:38:32 INFO watcher.py:39: Created file watcher for path C:\Users\jojat\.config\yasb
2024-10-31 13:38:32 DEBUG _windows.py:213: Starting (proactor: <_IocpProactor overlapped#=0 result#=0>)...
2024-10-31 13:38:32 DEBUG _windows.py:192: Thread started
2024-10-31 13:38:32 INFO event_listener.py:118: Komorebi connected to named pipe: yasb-380c3183-9731-11ef-ba95-e848b8c82000
2024-10-31 13:38:55 ERROR errorhandler.py:105: Property: Invalid value for "CSS Level 2.1" property: "#f8f8f2" [6:5: color]
2024-10-31 13:38:56 ERROR errorhandler.py:105: Property: Invalid value for "CSS Level 2.1" property: "#a1efe4" [57:5: color]
2024-10-31 13:38:56 ERROR errorhandler.py:105: Property: Invalid value for "CSS Level 2.1" property: "#f8f8f2" [70:5: color]
2024-10-31 13:38:56 ERROR errorhandler.py:105: Property: Invalid value for "CSS Level 2.1" property: "#f8f8f2" [74:5: color]
2024-10-31 13:38:56 ERROR errorhandler.py:105: Property: Invalid value for "CSS Level 2.1" property: "#f8f8f2" [79:5: color]
2024-10-31 13:38:56 ERROR errorhandler.py:105: Property: Invalid value for "CSS Level 2.1" property: "#f8f8f2" [126:5: color]
2024-10-31 13:38:56 INFO bar_manager.py:46: Successfully loaded updated stylesheet and applied to all bars.
2024-10-31 13:38:57 ERROR errorhandler.py:105: Property: Invalid value for "CSS Level 2.1" property: "#f8f8f2" [6:5: color]
2024-10-31 13:38:57 ERROR errorhandler.py:105: Property: Invalid value for "CSS Level 2.1" property: "#a1efe4" [57:5: color]
2024-10-31 13:38:57 ERROR errorhandler.py:105: Property: Invalid value for "CSS Level 2.1" property: "#f8f8f2" [70:5: color]
2024-10-31 13:38:57 ERROR errorhandler.py:105: Property: Invalid value for "CSS Level 2.1" property: "#f8f8f2" [74:5: color]
2024-10-31 13:38:57 ERROR errorhandler.py:105: Property: Invalid value for "CSS Level 2.1" property: "#f8f8f2" [79:5: color]
2024-10-31 13:38:57 ERROR errorhandler.py:105: Property: Invalid value for "CSS Level 2.1" property: "#f8f8f2" [126:5: color]
2024-10-31 13:39:02 ERROR errorhandler.py:105: Property: Invalid value for "CSS Level 2.1" property: "#f8f8f2" [6:5: color]
2024-10-31 13:39:02 ERROR errorhandler.py:105: Property: Invalid value for "CSS Level 2.1" property: "#a1efe4" [55:5: color]
2024-10-31 13:39:02 ERROR errorhandler.py:105: Property: Invalid value for "CSS Level 2.1" property: "#f8f8f2" [68:5: color]
2024-10-31 13:39:02 ERROR errorhandler.py:105: Property: Invalid value for "CSS Level 2.1" property: "#f8f8f2" [72:5: color]
2024-10-31 13:39:02 ERROR errorhandler.py:105: Property: Invalid value for "CSS Level 2.1" property: "#f8f8f2" [77:5: color]
2024-10-31 13:39:02 ERROR errorhandler.py:105: Property: Invalid value for "CSS Level 2.1" property: "#f8f8f2" [124:5: color]
2024-10-31 13:39:24 ERROR errorhandler.py:105: Property: Invalid value for "CSS Level 2.1" property: "#f8f8f2" [6:5: color]
2024-10-31 13:39:24 ERROR errorhandler.py:105: Property: Invalid value for "CSS Level 2.1" property: "#a1efe4" [54:5: color]
2024-10-31 13:39:24 ERROR errorhandler.py:105: Property: Invalid value for "CSS Level 2.1" property: "#f8f8f2" [69:5: color]
2024-10-31 13:39:24 ERROR errorhandler.py:105: Property: Invalid value for "CSS Level 2.1" property: "#f8f8f2" [73:5: color]
2024-10-31 13:39:24 ERROR errorhandler.py:105: Property: Invalid value for "CSS Level 2.1" property: "#f8f8f2" [78:5: color]
2024-10-31 13:39:24 ERROR errorhandler.py:105: Property: Invalid value for "CSS Level 2.1" property: "#f8f8f2" [125:5: color]
2024-10-31 13:39:24 INFO bar_manager.py:46: Successfully loaded updated stylesheet and applied to all bars.
2024-10-31 13:39:25 ERROR errorhandler.py:105: Property: Invalid value for "CSS Level 2.1" property: "#f8f8f2" [6:5: color]
2024-10-31 13:39:25 ERROR errorhandler.py:105: Property: Invalid value for "CSS Level 2.1" property: "#a1efe4" [54:5: color]
2024-10-31 13:39:25 ERROR errorhandler.py:105: Property: Invalid value for "CSS Level 2.1" property: "#f8f8f2" [69:5: color]
2024-10-31 13:39:25 ERROR errorhandler.py:105: Property: Invalid value for "CSS Level 2.1" property: "#f8f8f2" [73:5: color]
2024-10-31 13:39:25 ERROR errorhandler.py:105: Property: Invalid value for "CSS Level 2.1" property: "#f8f8f2" [78:5: color]
2024-10-31 13:39:25 ERROR errorhandler.py:105: Property: Invalid value for "CSS Level 2.1" property: "#f8f8f2" [125:5: color]
2024-10-31 13:40:22 ERROR errorhandler.py:105: Property: Invalid value for "CSS Level 2.1" property: "#f8f8f2" [6:5: color]
2024-10-31 13:40:22 ERROR errorhandler.py:105: Property: Invalid value for "CSS Level 2.1" property: "#a1efe4" [50:5: color]
2024-10-31 13:40:22 ERROR errorhandler.py:105: Property: Invalid value for "CSS Level 2.1" property: "#f8f8f2" [63:5: color]
2024-10-31 13:40:22 ERROR errorhandler.py:105: Property: Invalid value for "CSS Level 2.1" property: "#f8f8f2" [67:5: color]
2024-10-31 13:40:22 ERROR errorhandler.py:105: Property: Invalid value for "CSS Level 2.1" property: "#f8f8f2" [72:5: color]
2024-10-31 13:40:22 ERROR errorhandler.py:105: Property: Invalid value for "CSS Level 2.1" property: "#f8f8f2" [119:5: color]
2024-10-31 13:40:22 INFO bar_manager.py:46: Successfully loaded updated stylesheet and applied to all bars.
2024-10-31 13:40:47 INFO log.py:21: Yasb
2024-10-31 13:40:47 ERROR errorhandler.py:105: Property: Invalid value for "CSS Level 2.1" property: "#f8f8f2" [6:5: color]
2024-10-31 13:40:47 ERROR errorhandler.py:105: Property: Invalid value for "CSS Level 2.1" property: "#a1efe4" [50:5: color]
2024-10-31 13:40:47 ERROR errorhandler.py:105: Property: Invalid value for "CSS Level 2.1" property: "#f8f8f2" [63:5: color]
2024-10-31 13:40:47 ERROR errorhandler.py:105: Property: Invalid value for "CSS Level 2.1" property: "#f8f8f2" [67:5: color]
2024-10-31 13:40:47 ERROR errorhandler.py:105: Property: Invalid value for "CSS Level 2.1" property: "#f8f8f2" [72:5: color]
2024-10-31 13:40:47 ERROR errorhandler.py:105: Property: Invalid value for "CSS Level 2.1" property: "#f8f8f2" [119:5: color]
2024-10-31 13:40:47 DEBUG win32.py:58: Looking up time zone info from registry
2024-10-31 13:40:48 INFO weather.py:156: Fetched new weather data at 2024-10-31 13:40:48.551535
2024-10-31 13:40:48 DEBUG __init__.py:143: CoInitializeEx(None, 2)
2024-10-31 13:40:49 INFO weather.py:156: Fetched new weather data at 2024-10-31 13:40:49.185610
2024-10-31 13:40:49 INFO event_listener.py:52: Created named pipe yasb-89cabb7e-9731-11ef-b829-e848b8c82000
2024-10-31 13:40:49 INFO event_listener.py:106: Waiting for Komorebi to subscribe to named pipe yasb-89cabb7e-9731-11ef-b829-e848b8c82000
2024-10-31 13:40:49 INFO watcher.py:39: Created file watcher for path C:\Users\jojat\.config\yasb
2024-10-31 13:40:49 DEBUG _windows.py:213: Starting (proactor: <_IocpProactor overlapped#=0 result#=0>)...
2024-10-31 13:40:49 DEBUG _windows.py:192: Thread started
2024-10-31 13:40:49 INFO event_listener.py:118: Komorebi connected to named pipe: yasb-89cabb7e-9731-11ef-b829-e848b8c82000
2024-10-31 13:40:49 ERROR media.py:189: MediaWidget: Error setting thumbnail: y1 must be greater than or equal to y0
2024-10-31 13:40:49 ERROR media.py:189: MediaWidget: Error setting thumbnail: y1 must be greater than or equal to y0
2024-10-31 13:40:49 ERROR media.py:189: MediaWidget: Error setting thumbnail: y1 must be greater than or equal to y0
2024-10-31 13:40:49 ERROR media.py:189: MediaWidget: Error setting thumbnail: y1 must be greater than or equal to y0
2024-10-31 13:45:50 ERROR media.py:189: MediaWidget: Error setting thumbnail: y1 must be greater than or equal to y0
2024-10-31 13:45:50 ERROR media.py:189: MediaWidget: Error setting thumbnail: y1 must be greater than or equal to y0
2024-10-31 13:45:50 ERROR media.py:189: MediaWidget: Error setting thumbnail: y1 must be greater than or equal to y0
2024-10-31 13:45:50 ERROR media.py:189: MediaWidget: Error setting thumbnail: y1 must be greater than or equal to y0
2024-10-31 13:45:50 ERROR media.py:189: MediaWidget: Error setting thumbnail: y1 must be greater than or equal to y0
2024-10-31 13:45:50 ERROR media.py:189: MediaWidget: Error setting thumbnail: y1 must be greater than or equal to y0
2024-10-31 13:45:50 ERROR media.py:189: MediaWidget: Error setting thumbnail: y1 must be greater than or equal to y0
2024-10-31 13:45:50 ERROR media.py:189: MediaWidget: Error setting thumbnail: y1 must be greater than or equal to y0
2024-10-31 13:45:50 ERROR media.py:189: MediaWidget: Error setting thumbnail: y1 must be greater than or equal to y0
2024-10-31 13:45:50 ERROR media.py:189: MediaWidget: Error setting thumbnail: y1 must be greater than or equal to y0
2024-10-31 13:45:50 ERROR media.py:189: MediaWidget: Error setting thumbnail: y1 must be greater than or equal to y0
2024-10-31 13:45:50 ERROR media.py:189: MediaWidget: Error setting thumbnail: y1 must be greater than or equal to y0
2024-10-31 13:50:48 INFO weather.py:156: Fetched new weather data at 2024-10-31 13:50:48.549065
2024-10-31 13:50:49 INFO weather.py:156: Fetched new weather data at 2024-10-31 13:50:49.179328
2024-10-31 14:00:48 INFO weather.py:156: Fetched new weather data at 2024-10-31 14:00:48.549019
2024-10-31 14:00:49 INFO weather.py:156: Fetched new weather data at 2024-10-31 14:00:49.176931
2024-10-31 14:10:48 INFO weather.py:156: Fetched new weather data at 2024-10-31 14:10:48.552490
2024-10-31 14:10:49 INFO weather.py:156: Fetched new weather data at 2024-10-31 14:10:49.178692
2024-10-31 14:20:48 INFO weather.py:156: Fetched new weather data at 2024-10-31 14:20:48.551584
2024-10-31 14:20:49 INFO weather.py:156: Fetched new weather data at 2024-10-31 14:20:49.175016
2024-10-31 14:30:26 WARNING event_listener.py:83: Pipe has been ended: (109, 'PeekNamedPipe', 'The pipe has been ended.')
2024-10-31 14:30:26 INFO event_listener.py:93: Attempting to reconnect...
2024-10-31 14:30:31 INFO event_listener.py:52: Created named pipe yasb-89cabb7e-9731-11ef-b829-e848b8c82000
2024-10-31 14:30:31 INFO event_listener.py:106: Waiting for Komorebi to subscribe to named pipe yasb-89cabb7e-9731-11ef-b829-e848b8c82000
2024-10-31 14:30:31 WARNING event_listener.py:111: Komorebi failed to subscribe named pipe. Waiting for subscription...
2024-10-31 14:30:48 INFO weather.py:156: Fetched new weather data at 2024-10-31 14:30:48.550494
2024-10-31 14:30:49 INFO weather.py:156: Fetched new weather data at 2024-10-31 14:30:49.313537
2024-10-31 14:38:47 INFO tray.py:205: Exiting Application from tray...
2024-10-31 14:38:47 DEBUG _windows.py:218: Stopping worker thread...
2024-10-31 14:38:47 DEBUG _windows.py:201: Exiting thread
2024-10-31 14:38:47 DEBUG _windows.py:75: Closing
2024-10-31 16:17:48 INFO log.py:21: Yasb
2024-10-31 16:17:48 ERROR errorhandler.py:105: Property: Invalid value for "CSS Level 2.1" property: "#f8f8f2" [6:5: color]
2024-10-31 16:17:48 ERROR errorhandler.py:105: Property: Invalid value for "CSS Level 2.1" property: "#a1efe4" [50:5: color]
2024-10-31 16:17:48 ERROR errorhandler.py:105: Property: Invalid value for "CSS Level 2.1" property: "#f8f8f2" [63:5: color]
2024-10-31 16:17:48 ERROR errorhandler.py:105: Property: Invalid value for "CSS Level 2.1" property: "#f8f8f2" [67:5: color]
2024-10-31 16:17:48 ERROR errorhandler.py:105: Property: Invalid value for "CSS Level 2.1" property: "#f8f8f2" [72:5: color]
2024-10-31 16:17:48 ERROR errorhandler.py:105: Property: Invalid value for "CSS Level 2.1" property: "#f8f8f2" [119:5: color]
2024-10-31 16:17:48 DEBUG win32.py:58: Looking up time zone info from registry
2024-10-31 16:17:49 INFO weather.py:156: Fetched new weather data at 2024-10-31 16:17:49.016918
2024-10-31 16:17:49 DEBUG __init__.py:143: CoInitializeEx(None, 2)
2024-10-31 16:17:49 INFO weather.py:156: Fetched new weather data at 2024-10-31 16:17:49.655727
2024-10-31 16:17:49 INFO event_listener.py:52: Created named pipe yasb-78d6884d-9747-11ef-a805-e848b8c82000
2024-10-31 16:17:49 INFO event_listener.py:106: Waiting for Komorebi to subscribe to named pipe yasb-78d6884d-9747-11ef-a805-e848b8c82000
2024-10-31 16:17:49 INFO watcher.py:39: Created file watcher for path C:\Users\jojat\.config\yasb
2024-10-31 16:17:49 DEBUG _windows.py:213: Starting (proactor: <_IocpProactor overlapped#=0 result#=0>)...
2024-10-31 16:17:49 DEBUG _windows.py:192: Thread started
2024-10-31 16:17:50 WARNING event_listener.py:111: Komorebi failed to subscribe named pipe. Waiting for subscription...
2024-10-31 16:17:50 ERROR media.py:189: MediaWidget: Error setting thumbnail: y1 must be greater than or equal to y0
2024-10-31 16:17:50 ERROR media.py:189: MediaWidget: Error setting thumbnail: y1 must be greater than or equal to y0
2024-10-31 16:17:50 ERROR media.py:189: MediaWidget: Error setting thumbnail: y1 must be greater than or equal to y0
2024-10-31 16:17:50 ERROR media.py:189: MediaWidget: Error setting thumbnail: y1 must be greater than or equal to y0
2024-10-31 16:17:55 INFO log.py:21: Yasb
2024-10-31 16:17:55 ERROR errorhandler.py:105: Property: Invalid value for "CSS Level 2.1" property: "#f8f8f2" [6:5: color]
2024-10-31 16:17:55 ERROR errorhandler.py:105: Property: Invalid value for "CSS Level 2.1" property: "#a1efe4" [50:5: color]
2024-10-31 16:17:55 ERROR errorhandler.py:105: Property: Invalid value for "CSS Level 2.1" property: "#f8f8f2" [63:5: color]
2024-10-31 16:17:55 ERROR errorhandler.py:105: Property: Invalid value for "CSS Level 2.1" property: "#f8f8f2" [67:5: color]
2024-10-31 16:17:55 ERROR errorhandler.py:105: Property: Invalid value for "CSS Level 2.1" property: "#f8f8f2" [72:5: color]
2024-10-31 16:17:55 ERROR errorhandler.py:105: Property: Invalid value for "CSS Level 2.1" property: "#f8f8f2" [119:5: color]
2024-10-31 16:17:55 DEBUG win32.py:58: Looking up time zone info from registry
2024-10-31 16:17:56 INFO weather.py:156: Fetched new weather data at 2024-10-31 16:17:56.292202
2024-10-31 16:17:56 DEBUG __init__.py:143: CoInitializeEx(None, 2)
2024-10-31 16:17:56 INFO weather.py:156: Fetched new weather data at 2024-10-31 16:17:56.954549
2024-10-31 16:17:57 INFO event_listener.py:52: Created named pipe yasb-7d2e4857-9747-11ef-ada6-e848b8c82000
2024-10-31 16:17:57 INFO event_listener.py:106: Waiting for Komorebi to subscribe to named pipe yasb-7d2e4857-9747-11ef-ada6-e848b8c82000
2024-10-31 16:17:57 INFO watcher.py:39: Created file watcher for path C:\Users\jojat\.config\yasb
2024-10-31 16:17:57 DEBUG _windows.py:213: Starting (proactor: <_IocpProactor overlapped#=0 result#=0>)...
2024-10-31 16:17:57 DEBUG _windows.py:192: Thread started
2024-10-31 16:17:57 WARNING event_listener.py:111: Komorebi failed to subscribe named pipe. Waiting for subscription...
2024-10-31 16:17:57 ERROR media.py:189: MediaWidget: Error setting thumbnail: y1 must be greater than or equal to y0
2024-10-31 16:17:57 ERROR media.py:189: MediaWidget: Error setting thumbnail: y1 must be greater than or equal to y0
2024-10-31 16:17:57 ERROR media.py:189: MediaWidget: Error setting thumbnail: y1 must be greater than or equal to y0
2024-10-31 16:17:57 ERROR media.py:189: MediaWidget: Error setting thumbnail: y1 must be greater than or equal to y0
2024-10-31 16:18:00 INFO log.py:21: Yasb
2024-10-31 16:18:00 ERROR errorhandler.py:105: Property: Invalid value for "CSS Level 2.1" property: "#f8f8f2" [6:5: color]
2024-10-31 16:18:00 ERROR errorhandler.py:105: Property: Invalid value for "CSS Level 2.1" property: "#a1efe4" [50:5: color]
2024-10-31 16:18:00 ERROR errorhandler.py:105: Property: Invalid value for "CSS Level 2.1" property: "#f8f8f2" [63:5: color]
2024-10-31 16:18:00 ERROR errorhandler.py:105: Property: Invalid value for "CSS Level 2.1" property: "#f8f8f2" [67:5: color]
2024-10-31 16:18:00 ERROR errorhandler.py:105: Property: Invalid value for "CSS Level 2.1" property: "#f8f8f2" [72:5: color]
2024-10-31 16:18:00 ERROR errorhandler.py:105: Property: Invalid value for "CSS Level 2.1" property: "#f8f8f2" [119:5: color]
2024-10-31 16:18:00 DEBUG win32.py:58: Looking up time zone info from registry
2024-10-31 16:18:01 INFO weather.py:156: Fetched new weather data at 2024-10-31 16:18:01.451699
2024-10-31 16:18:01 DEBUG __init__.py:143: CoInitializeEx(None, 2)
2024-10-31 16:18:02 INFO weather.py:156: Fetched new weather data at 2024-10-31 16:18:02.115127
2024-10-31 16:18:02 INFO event_listener.py:52: Created named pipe yasb-804223a3-9747-11ef-b410-e848b8c82000
2024-10-31 16:18:02 INFO event_listener.py:106: Waiting for Komorebi to subscribe to named pipe yasb-804223a3-9747-11ef-b410-e848b8c82000
2024-10-31 16:18:02 INFO watcher.py:39: Created file watcher for path C:\Users\jojat\.config\yasb
2024-10-31 16:18:02 DEBUG _windows.py:213: Starting (proactor: <_IocpProactor overlapped#=0 result#=0>)...
2024-10-31 16:18:02 DEBUG _windows.py:192: Thread started
2024-10-31 16:18:02 WARNING event_listener.py:111: Komorebi failed to subscribe named pipe. Waiting for subscription...
2024-10-31 16:18:02 ERROR media.py:189: MediaWidget: Error setting thumbnail: y1 must be greater than or equal to y0
2024-10-31 16:18:02 ERROR media.py:189: MediaWidget: Error setting thumbnail: y1 must be greater than or equal to y0
2024-10-31 16:18:02 ERROR media.py:189: MediaWidget: Error setting thumbnail: y1 must be greater than or equal to y0
2024-10-31 16:18:02 ERROR media.py:189: MediaWidget: Error setting thumbnail: y1 must be greater than or equal to y0
2024-10-31 16:18:09 INFO log.py:21: Yasb
2024-10-31 16:18:09 ERROR errorhandler.py:105: Property: Invalid value for "CSS Level 2.1" property: "#f8f8f2" [6:5: color]
2024-10-31 16:18:09 ERROR errorhandler.py:105: Property: Invalid value for "CSS Level 2.1" property: "#a1efe4" [50:5: color]
2024-10-31 16:18:09 ERROR errorhandler.py:105: Property: Invalid value for "CSS Level 2.1" property: "#f8f8f2" [63:5: color]
2024-10-31 16:18:09 ERROR errorhandler.py:105: Property: Invalid value for "CSS Level 2.1" property: "#f8f8f2" [67:5: color]
2024-10-31 16:18:09 ERROR errorhandler.py:105: Property: Invalid value for "CSS Level 2.1" property: "#f8f8f2" [72:5: color]
2024-10-31 16:18:09 ERROR errorhandler.py:105: Property: Invalid value for "CSS Level 2.1" property: "#f8f8f2" [119:5: color]
2024-10-31 16:18:09 DEBUG win32.py:58: Looking up time zone info from registry
2024-10-31 16:18:10 INFO weather.py:156: Fetched new weather data at 2024-10-31 16:18:10.118609
2024-10-31 16:18:10 DEBUG __init__.py:143: CoInitializeEx(None, 2)
2024-10-31 16:18:10 INFO weather.py:156: Fetched new weather data at 2024-10-31 16:18:10.797238
2024-10-31 16:18:11 INFO event_listener.py:52: Created named pipe yasb-856ef19f-9747-11ef-a722-e848b8c82000
2024-10-31 16:18:11 INFO event_listener.py:106: Waiting for Komorebi to subscribe to named pipe yasb-856ef19f-9747-11ef-a722-e848b8c82000
2024-10-31 16:18:11 INFO watcher.py:39: Created file watcher for path C:\Users\jojat\.config\yasb
2024-10-31 16:18:11 DEBUG _windows.py:213: Starting (proactor: <_IocpProactor overlapped#=0 result#=0>)...
2024-10-31 16:18:11 DEBUG _windows.py:192: Thread started
2024-10-31 16:18:11 WARNING event_listener.py:111: Komorebi failed to subscribe named pipe. Waiting for subscription...
2024-10-31 16:18:11 ERROR media.py:189: MediaWidget: Error setting thumbnail: y1 must be greater than or equal to y0
2024-10-31 16:18:11 ERROR media.py:189: MediaWidget: Error setting thumbnail: y1 must be greater than or equal to y0
2024-10-31 16:18:11 ERROR media.py:189: MediaWidget: Error setting thumbnail: y1 must be greater than or equal to y0
2024-10-31 16:18:11 ERROR media.py:189: MediaWidget: Error setting thumbnail: y1 must be greater than or equal to y0
2024-10-31 16:18:28 INFO log.py:21: Yasb
2024-10-31 16:18:29 ERROR errorhandler.py:105: Property: Invalid value for "CSS Level 2.1" property: "#f8f8f2" [6:5: color]
2024-10-31 16:18:29 ERROR errorhandler.py:105: Property: Invalid value for "CSS Level 2.1" property: "#a1efe4" [50:5: color]
2024-10-31 16:18:29 ERROR errorhandler.py:105: Property: Invalid value for "CSS Level 2.1" property: "#f8f8f2" [63:5: color]
2024-10-31 16:18:29 ERROR errorhandler.py:105: Property: Invalid value for "CSS Level 2.1" property: "#f8f8f2" [67:5: color]
2024-10-31 16:18:29 ERROR errorhandler.py:105: Property: Invalid value for "CSS Level 2.1" property: "#f8f8f2" [72:5: color]
2024-10-31 16:18:29 ERROR errorhandler.py:105: Property: Invalid value for "CSS Level 2.1" property: "#f8f8f2" [119:5: color]
2024-10-31 16:18:29 DEBUG win32.py:58: Looking up time zone info from registry
2024-10-31 16:18:29 INFO weather.py:156: Fetched new weather data at 2024-10-31 16:18:29.806956
2024-10-31 16:18:29 DEBUG __init__.py:143: CoInitializeEx(None, 2)
2024-10-31 16:18:30 INFO weather.py:156: Fetched new weather data at 2024-10-31 16:18:30.486210
2024-10-31 16:18:30 INFO event_listener.py:52: Created named pipe yasb-912a05fd-9747-11ef-b346-e848b8c82000
2024-10-31 16:18:30 INFO event_listener.py:106: Waiting for Komorebi to subscribe to named pipe yasb-912a05fd-9747-11ef-b346-e848b8c82000
2024-10-31 16:18:30 INFO watcher.py:39: Created file watcher for path C:\Users\jojat\.config\yasb
2024-10-31 16:18:30 DEBUG _windows.py:213: Starting (proactor: <_IocpProactor overlapped#=0 result#=0>)...
2024-10-31 16:18:30 DEBUG _windows.py:192: Thread started
2024-10-31 16:18:30 WARNING event_listener.py:111: Komorebi failed to subscribe named pipe. Waiting for subscription...
2024-10-31 16:18:30 ERROR media.py:189: MediaWidget: Error setting thumbnail: y1 must be greater than or equal to y0
2024-10-31 16:18:30 ERROR media.py:189: MediaWidget: Error setting thumbnail: y1 must be greater than or equal to y0
2024-10-31 16:18:30 ERROR media.py:189: MediaWidget: Error setting thumbnail: y1 must be greater than or equal to y0
2024-10-31 16:18:30 ERROR media.py:189: MediaWidget: Error setting thumbnail: y1 must be greater than or equal to y0
2024-10-31 16:21:24 ERROR errorhandler.py:105: Property: Invalid value for "CSS Level 2.1" property: "#f8f8f2" [6:5: color]
2024-10-31 16:21:24 ERROR errorhandler.py:105: Property: Invalid value for "CSS Level 2.1" property: "#a1efe4" [50:5: color]
2024-10-31 16:21:24 ERROR errorhandler.py:105: Property: Invalid value for "CSS Level 2.1" property: "#f8f8f2" [63:5: color]
2024-10-31 16:21:24 ERROR errorhandler.py:105: Property: Invalid value for "CSS Level 2.1" property: "#f8f8f2" [67:5: color]
2024-10-31 16:21:24 ERROR errorhandler.py:105: Property: Invalid value for "CSS Level 2.1" property: "#f8f8f2" [72:5: color]
2024-10-31 16:21:24 ERROR errorhandler.py:105: Property: Invalid value for "CSS Level 2.1" property: "#f8f8f2" [119:5: color]
2024-10-31 16:21:24 INFO bar_manager.py:46: Successfully loaded updated stylesheet and applied to all bars.
2024-10-31 16:22:51 ERROR errorhandler.py:105: Property: Invalid value for "CSS Level 2.1" property: "#f8f8f2" [6:5: color]
2024-10-31 16:22:51 ERROR errorhandler.py:105: Property: Invalid value for "CSS Level 2.1" property: "#a1efe4" [50:5: color]
2024-10-31 16:22:51 ERROR errorhandler.py:105: Property: Invalid value for "CSS Level 2.1" property: "#f8f8f2" [63:5: color]
2024-10-31 16:22:51 ERROR errorhandler.py:105: Property: Invalid value for "CSS Level 2.1" property: "#f8f8f2" [67:5: color]
2024-10-31 16:22:51 ERROR errorhandler.py:105: Property: Invalid value for "CSS Level 2.1" property: "#f8f8f2" [72:5: color]
2024-10-31 16:22:51 ERROR errorhandler.py:105: Property: Invalid value for "CSS Level 2.1" property: "#f8f8f2" [119:5: color]
2024-10-31 16:22:51 INFO bar_manager.py:46: Successfully loaded updated stylesheet and applied to all bars.
2024-10-31 16:22:52 ERROR errorhandler.py:105: Property: Invalid value for "CSS Level 2.1" property: "#f8f8f2" [6:5: color]
2024-10-31 16:22:52 ERROR errorhandler.py:105: Property: Invalid value for "CSS Level 2.1" property: "#a1efe4" [50:5: color]
2024-10-31 16:22:52 ERROR errorhandler.py:105: Property: Invalid value for "CSS Level 2.1" property: "#f8f8f2" [63:5: color]
2024-10-31 16:22:52 ERROR errorhandler.py:105: Property: Invalid value for "CSS Level 2.1" property: "#f8f8f2" [67:5: color]
2024-10-31 16:22:52 ERROR errorhandler.py:105: Property: Invalid value for "CSS Level 2.1" property: "#f8f8f2" [72:5: color]
2024-10-31 16:22:52 ERROR errorhandler.py:105: Property: Invalid value for "CSS Level 2.1" property: "#f8f8f2" [119:5: color]
2024-10-31 16:23:02 ERROR errorhandler.py:105: Property: Invalid value for "CSS Level 2.1" property: "#f8f8f2" [6:5: color]
2024-10-31 16:23:02 ERROR errorhandler.py:105: Property: Invalid value for "CSS Level 2.1" property: "#a1efe4" [50:5: color]
2024-10-31 16:23:02 ERROR errorhandler.py:105: Property: Invalid value for "CSS Level 2.1" property: "#f8f8f2" [63:5: color]
2024-10-31 16:23:02 ERROR errorhandler.py:105: Property: Invalid value for "CSS Level 2.1" property: "#f8f8f2" [67:5: color]
2024-10-31 16:23:02 ERROR errorhandler.py:105: Property: Invalid value for "CSS Level 2.1" property: "#f8f8f2" [72:5: color]
2024-10-31 16:23:02 ERROR errorhandler.py:105: Property: Invalid value for "CSS Level 2.1" property: "#f8f8f2" [119:5: color]
2024-10-31 16:23:02 INFO bar_manager.py:46: Successfully loaded updated stylesheet and applied to all bars.
2024-10-31 16:23:02 ERROR errorhandler.py:105: Property: Invalid value for "CSS Level 2.1" property: "#f8f8f2" [6:5: color]
2024-10-31 16:23:02 ERROR errorhandler.py:105: Property: Invalid value for "CSS Level 2.1" property: "#a1efe4" [50:5: color]
2024-10-31 16:23:02 ERROR errorhandler.py:105: Property: Invalid value for "CSS Level 2.1" property: "#f8f8f2" [63:5: color]
2024-10-31 16:23:02 ERROR errorhandler.py:105: Property: Invalid value for "CSS Level 2.1" property: "#f8f8f2" [67:5: color]
2024-10-31 16:23:02 ERROR errorhandler.py:105: Property: Invalid value for "CSS Level 2.1" property: "#f8f8f2" [72:5: color]
2024-10-31 16:23:02 ERROR errorhandler.py:105: Property: Invalid value for "CSS Level 2.1" property: "#f8f8f2" [119:5: color]
2024-10-31 16:23:03 ERROR errorhandler.py:105: Property: Invalid value for "CSS Level 2.1" property: "#f8f8f2" [6:5: color]
2024-10-31 16:23:03 ERROR errorhandler.py:105: Property: Invalid value for "CSS Level 2.1" property: "#a1efe4" [50:5: color]
2024-10-31 16:23:03 ERROR errorhandler.py:105: Property: Invalid value for "CSS Level 2.1" property: "#f8f8f2" [63:5: color]
2024-10-31 16:23:03 ERROR errorhandler.py:105: Property: Invalid value for "CSS Level 2.1" property: "#f8f8f2" [67:5: color]
2024-10-31 16:23:03 ERROR errorhandler.py:105: Property: Invalid value for "CSS Level 2.1" property: "#f8f8f2" [72:5: color]
2024-10-31 16:23:03 ERROR errorhandler.py:105: Property: Invalid value for "CSS Level 2.1" property: "#f8f8f2" [119:5: color]
2024-10-31 16:23:03 ERROR errorhandler.py:105: Property: Invalid value for "CSS Level 2.1" property: "#f8f8f2" [6:5: color]
2024-10-31 16:23:03 ERROR errorhandler.py:105: Property: Invalid value for "CSS Level 2.1" property: "#a1efe4" [50:5: color]
2024-10-31 16:23:03 ERROR errorhandler.py:105: Property: Invalid value for "CSS Level 2.1" property: "#f8f8f2" [63:5: color]
2024-10-31 16:23:03 ERROR errorhandler.py:105: Property: Invalid value for "CSS Level 2.1" property: "#f8f8f2" [67:5: color]
2024-10-31 16:23:03 ERROR errorhandler.py:105: Property: Invalid value for "CSS Level 2.1" property: "#f8f8f2" [72:5: color]
2024-10-31 16:23:03 ERROR errorhandler.py:105: Property: Invalid value for "CSS Level 2.1" property: "#f8f8f2" [119:5: color]
2024-10-31 16:23:09 INFO log.py:21: Yasb
2024-10-31 16:23:09 ERROR main.py:73: Another instance of the YASB is already running.
2024-10-31 16:28:29 INFO weather.py:156: Fetched new weather data at 2024-10-31 16:28:29.775283
2024-10-31 16:28:30 INFO weather.py:156: Fetched new weather data at 2024-10-31 16:28:30.446558
2024-10-31 16:38:29 INFO weather.py:156: Fetched new weather data at 2024-10-31 16:38:29.748075
2024-10-31 16:38:30 INFO weather.py:156: Fetched new weather data at 2024-10-31 16:38:30.422795
2024-10-31 16:48:29 INFO weather.py:156: Fetched new weather data at 2024-10-31 16:48:29.731232
2024-10-31 16:48:30 INFO weather.py:156: Fetched new weather data at 2024-10-31 16:48:30.400235
2024-10-31 16:58:29 INFO weather.py:156: Fetched new weather data at 2024-10-31 16:58:29.708685
2024-10-31 16:58:30 INFO weather.py:156: Fetched new weather data at 2024-10-31 16:58:30.382409
2024-10-31 17:01:54 INFO event_listener.py:118: Komorebi connected to named pipe: yasb-912a05fd-9747-11ef-b346-e848b8c82000
2024-10-31 17:08:29 INFO weather.py:156: Fetched new weather data at 2024-10-31 17:08:29.695061
2024-10-31 17:08:30 INFO weather.py:156: Fetched new weather data at 2024-10-31 17:08:30.366262
2024-10-31 17:18:29 INFO weather.py:156: Fetched new weather data at 2024-10-31 17:18:29.681352
2024-10-31 17:18:30 INFO weather.py:156: Fetched new weather data at 2024-10-31 17:18:30.353762
2024-10-31 17:28:29 INFO weather.py:156: Fetched new weather data at 2024-10-31 17:28:29.672113
2024-10-31 17:28:30 INFO weather.py:156: Fetched new weather data at 2024-10-31 17:28:30.344318
2024-10-31 17:38:29 INFO weather.py:156: Fetched new weather data at 2024-10-31 17:38:29.664879
2024-10-31 17:38:30 INFO weather.py:156: Fetched new weather data at 2024-10-31 17:38:30.336442
2024-10-31 17:39:58 ERROR media.py:189: MediaWidget: Error setting thumbnail: y1 must be greater than or equal to y0
2024-10-31 17:39:58 ERROR media.py:189: MediaWidget: Error setting thumbnail: y1 must be greater than or equal to y0
2024-10-31 17:39:58 ERROR media.py:189: MediaWidget: Error setting thumbnail: y1 must be greater than or equal to y0
2024-10-31 17:39:58 ERROR media.py:189: MediaWidget: Error setting thumbnail: y1 must be greater than or equal to y0
2024-10-31 17:39:58 ERROR media.py:189: MediaWidget: Error setting thumbnail: y1 must be greater than or equal to y0
2024-10-31 17:39:58 ERROR media.py:189: MediaWidget: Error setting thumbnail: y1 must be greater than or equal to y0
2024-10-31 17:39:58 ERROR media.py:189: MediaWidget: Error setting thumbnail: y1 must be greater than or equal to y0
2024-10-31 17:39:58 ERROR media.py:189: MediaWidget: Error setting thumbnail: y1 must be greater than or equal to y0
2024-10-31 17:39:58 ERROR media.py:189: MediaWidget: Error setting thumbnail: y1 must be greater than or equal to y0
2024-10-31 17:39:58 ERROR media.py:189: MediaWidget: Error setting thumbnail: y1 must be greater than or equal to y0
2024-10-31 17:39:58 ERROR media.py:189: MediaWidget: Error setting thumbnail: y1 must be greater than or equal to y0
2024-10-31 17:39:58 ERROR media.py:189: MediaWidget: Error setting thumbnail: y1 must be greater than or equal to y0
2024-10-31 17:39:58 ERROR media.py:189: MediaWidget: Error setting thumbnail: y1 must be greater than or equal to y0
2024-10-31 17:39:58 ERROR media.py:189: MediaWidget: Error setting thumbnail: y1 must be greater than or equal to y0
2024-10-31 17:42:49 ERROR errorhandler.py:105: Property: Invalid value for "CSS Level 2.1" property: "#f8f8f2" [6:5: color]
2024-10-31 17:42:49 ERROR errorhandler.py:105: Property: Invalid value for "CSS Level 2.1" property: "#a1efe4" [50:5: color]
2024-10-31 17:42:49 ERROR errorhandler.py:105: Property: Invalid value for "CSS Level 2.1" property: "#f8f8f2" [63:5: color]
2024-10-31 17:42:49 ERROR errorhandler.py:105: Property: Invalid value for "CSS Level 2.1" property: "#f8f8f2" [67:5: color]
2024-10-31 17:42:49 ERROR errorhandler.py:105: Property: Invalid value for "CSS Level 2.1" property: "#f8f8f2" [72:5: color]
2024-10-31 17:42:49 ERROR errorhandler.py:105: Property: Invalid value for "CSS Level 2.1" property: "#f8f8f2" [119:5: color]
2024-10-31 17:43:40 ERROR errorhandler.py:105: Property: Invalid value for "CSS Level 2.1" property: "#f8f8f2" [6:5: color]
2024-10-31 17:43:40 ERROR errorhandler.py:105: Property: Invalid value for "CSS Level 2.1" property: "#a1efe4" [50:5: color]
2024-10-31 17:43:40 ERROR errorhandler.py:105: Property: Invalid value for "CSS Level 2.1" property: "#f8f8f2" [66:5: color]
2024-10-31 17:43:40 ERROR errorhandler.py:105: Property: Invalid value for "CSS Level 2.1" property: "#f8f8f2" [71:5: color]
2024-10-31 17:43:40 ERROR errorhandler.py:105: Property: Invalid value for "CSS Level 2.1" property: "#f8f8f2" [118:5: color]
2024-10-31 17:43:40 INFO bar_manager.py:46: Successfully loaded updated stylesheet and applied to all bars.
2024-10-31 17:44:07 ERROR media.py:189: MediaWidget: Error setting thumbnail: y1 must be greater than or equal to y0
2024-10-31 17:44:07 ERROR media.py:189: MediaWidget: Error setting thumbnail: y1 must be greater than or equal to y0
2024-10-31 17:44:15 ERROR media.py:189: MediaWidget: Error setting thumbnail: y1 must be greater than or equal to y0
2024-10-31 17:44:15 ERROR media.py:189: MediaWidget: Error setting thumbnail: y1 must be greater than or equal to y0
2024-10-31 17:44:19 ERROR media.py:189: MediaWidget: Error setting thumbnail: y1 must be greater than or equal to y0
2024-10-31 17:44:19 ERROR media.py:189: MediaWidget: Error setting thumbnail: y1 must be greater than or equal to y0
2024-10-31 17:44:19 ERROR media.py:189: MediaWidget: Error setting thumbnail: y1 must be greater than or equal to y0
2024-10-31 17:44:19 ERROR media.py:189: MediaWidget: Error setting thumbnail: y1 must be greater than or equal to y0
2024-10-31 17:45:25 ERROR errorhandler.py:105: Property: Invalid value for "CSS Level 2.1" property: "#f8f8f2" [6:5: color]
2024-10-31 17:45:25 ERROR errorhandler.py:105: Property: Invalid value for "CSS Level 2.1" property: "#a1efe4" [50:5: color]
2024-10-31 17:45:25 ERROR errorhandler.py:105: Property: Invalid value for "CSS Level 2.1" property: "#f8f8f2" [63:5: color]
2024-10-31 17:45:25 ERROR errorhandler.py:105: Property: Invalid value for "CSS Level 2.1" property: "#f8f8f2" [67:5: color]
2024-10-31 17:45:25 ERROR errorhandler.py:105: Property: Invalid value for "CSS Level 2.1" property: "#f8f8f2" [72:5: color]
2024-10-31 17:45:25 ERROR errorhandler.py:105: Property: Invalid value for "CSS Level 2.1" property: "#f8f8f2" [119:5: color]
2024-10-31 17:45:25 INFO bar_manager.py:46: Successfully loaded updated stylesheet and applied to all bars.
2024-10-31 17:45:36 ERROR media.py:189: MediaWidget: Error setting thumbnail: y1 must be greater than or equal to y0
2024-10-31 17:45:36 ERROR media.py:189: MediaWidget: Error setting thumbnail: y1 must be greater than or equal to y0
2024-10-31 17:45:57 ERROR errorhandler.py:105: Property: Invalid value for "CSS Level 2.1" property: "#f8f8f2" [6:5: color]
2024-10-31 17:45:57 ERROR errorhandler.py:105: Property: Invalid value for "CSS Level 2.1" property: "#a1efe4" [50:5: color]
2024-10-31 17:45:57 ERROR errorhandler.py:105: Property: Invalid value for "CSS Level 2.1" property: "#f8f8f2" [63:5: color]
2024-10-31 17:45:57 ERROR errorhandler.py:105: Property: Invalid value for "CSS Level 2.1" property: "#f8f8f2" [67:5: color]
2024-10-31 17:45:57 ERROR errorhandler.py:105: Property: Invalid value for "CSS Level 2.1" property: "#f8f8f2" [72:5: color]
2024-10-31 17:45:57 ERROR errorhandler.py:105: Property: Invalid value for "CSS Level 2.1" property: "#f8f8f2" [119:5: color]
2024-10-31 17:45:57 ERROR errorhandler.py:105: Property: Invalid value for "CSS Level 2.1" property: "#272822" [137:5: color]
2024-10-31 17:45:57 INFO bar_manager.py:46: Successfully loaded updated stylesheet and applied to all bars.
2024-10-31 17:46:21 ERROR errorhandler.py:105: Property: Invalid value for "CSS Level 2.1" property: "#f8f8f2" [6:5: color]
2024-10-31 17:46:21 ERROR errorhandler.py:105: Property: Invalid value for "CSS Level 2.1" property: "#a1efe4" [50:5: color]
2024-10-31 17:46:21 ERROR errorhandler.py:105: Property: Invalid value for "CSS Level 2.1" property: "#f8f8f2" [63:5: color]
2024-10-31 17:46:21 ERROR errorhandler.py:105: Property: Invalid value for "CSS Level 2.1" property: "#f8f8f2" [67:5: color]
2024-10-31 17:46:21 ERROR errorhandler.py:105: Property: Invalid value for "CSS Level 2.1" property: "#f8f8f2" [72:5: color]
2024-10-31 17:46:21 ERROR errorhandler.py:105: Property: Invalid value for "CSS Level 2.1" property: "#f8f8f2" [119:5: color]
2024-10-31 17:46:21 INFO bar_manager.py:46: Successfully loaded updated stylesheet and applied to all bars.
2024-10-31 17:46:22 ERROR errorhandler.py:105: Property: Invalid value for "CSS Level 2.1" property: "#f8f8f2" [6:5: color]
2024-10-31 17:46:22 ERROR errorhandler.py:105: Property: Invalid value for "CSS Level 2.1" property: "#a1efe4" [50:5: color]
2024-10-31 17:46:22 ERROR errorhandler.py:105: Property: Invalid value for "CSS Level 2.1" property: "#f8f8f2" [63:5: color]
2024-10-31 17:46:22 ERROR errorhandler.py:105: Property: Invalid value for "CSS Level 2.1" property: "#f8f8f2" [67:5: color]
2024-10-31 17:46:22 ERROR errorhandler.py:105: Property: Invalid value for "CSS Level 2.1" property: "#f8f8f2" [72:5: color]
2024-10-31 17:46:22 ERROR errorhandler.py:105: Property: Invalid value for "CSS Level 2.1" property: "#f8f8f2" [119:5: color]
2024-10-31 17:46:39 ERROR errorhandler.py:105: Property: Invalid value for "CSS Level 2.1" property: "#f8f8f2" [6:5: color]
2024-10-31 17:46:39 ERROR errorhandler.py:105: Property: Invalid value for "CSS Level 2.1" property: "#a1efe4" [50:5: color]
2024-10-31 17:46:39 ERROR errorhandler.py:105: Property: Invalid value for "CSS Level 2.1" property: "#f8f8f2" [63:5: color]
2024-10-31 17:46:39 ERROR errorhandler.py:105: Property: Invalid value for "CSS Level 2.1" property: "#f8f8f2" [67:5: color]
2024-10-31 17:46:39 ERROR errorhandler.py:105: Property: Invalid value for "CSS Level 2.1" property: "#f8f8f2" [72:5: color]
2024-10-31 17:46:39 ERROR errorhandler.py:105: Property: Invalid value for "CSS Level 2.1" property: "#f8f8f2" [119:5: color]
2024-10-31 17:46:39 ERROR errorhandler.py:105: Property: Invalid value for "CSS Level 2.1" property: "#272822" [137:5: color]
2024-10-31 17:46:39 INFO bar_manager.py:46: Successfully loaded updated stylesheet and applied to all bars.
2024-10-31 17:47:20 ERROR errorhandler.py:105: Property: Invalid value for "CSS Level 2.1" property: "#f8f8f2" [6:5: color]
2024-10-31 17:47:20 ERROR errorhandler.py:105: Property: Invalid value for "CSS Level 2.1" property: "#a1efe4" [50:5: color]
2024-10-31 17:47:20 ERROR errorhandler.py:105: Property: Invalid value for "CSS Level 2.1" property: "#f8f8f2" [63:5: color]
2024-10-31 17:47:20 ERROR errorhandler.py:105: Property: Invalid value for "CSS Level 2.1" property: "#f8f8f2" [67:5: color]
2024-10-31 17:47:20 ERROR errorhandler.py:105: Property: Invalid value for "CSS Level 2.1" property: "#f8f8f2" [72:5: color]
2024-10-31 17:47:20 ERROR errorhandler.py:105: Property: Invalid value for "CSS Level 2.1" property: "#f8f8f2" [119:5: color]
2024-10-31 17:47:20 INFO bar_manager.py:46: Successfully loaded updated stylesheet and applied to all bars.
2024-10-31 17:47:24 ERROR media.py:189: MediaWidget: Error setting thumbnail: y1 must be greater than or equal to y0
2024-10-31 17:47:24 ERROR media.py:189: MediaWidget: Error setting thumbnail: y1 must be greater than or equal to y0
2024-10-31 17:47:24 ERROR media.py:189: MediaWidget: Error setting thumbnail: y1 must be greater than or equal to y0
2024-10-31 17:47:24 ERROR media.py:189: MediaWidget: Error setting thumbnail: y1 must be greater than or equal to y0
2024-10-31 17:47:42 ERROR errorhandler.py:105: Property: Invalid value for "CSS Level 2.1" property: "#f8f8f2" [6:5: color]
2024-10-31 17:47:42 ERROR errorhandler.py:105: Property: Invalid value for "CSS Level 2.1" property: "#a1efe4" [50:5: color]
2024-10-31 17:47:42 ERROR errorhandler.py:105: Property: Invalid value for "CSS Level 2.1" property: "#f8f8f2" [63:5: color]
2024-10-31 17:47:42 ERROR errorhandler.py:105: Property: Invalid value for "CSS Level 2.1" property: "#f8f8f2" [67:5: color]
2024-10-31 17:47:42 ERROR errorhandler.py:105: Property: Invalid value for "CSS Level 2.1" property: "#f8f8f2" [72:5: color]
2024-10-31 17:47:42 ERROR errorhandler.py:105: Property: Invalid value for "CSS Level 2.1" property: "#f8f8f2" [119:5: color]
2024-10-31 17:47:42 ERROR errorhandler.py:105: Property: Invalid value for "CSS Level 2.1" property: "#272822" [137:5: color]
2024-10-31 17:47:42 INFO bar_manager.py:46: Successfully loaded updated stylesheet and applied to all bars.
2024-10-31 17:47:43 ERROR errorhandler.py:105: Property: Invalid value for "CSS Level 2.1" property: "#f8f8f2" [6:5: color]
2024-10-31 17:47:43 ERROR errorhandler.py:105: Property: Invalid value for "CSS Level 2.1" property: "#a1efe4" [50:5: color]
2024-10-31 17:47:43 ERROR errorhandler.py:105: Property: Invalid value for "CSS Level 2.1" property: "#f8f8f2" [63:5: color]
2024-10-31 17:47:43 ERROR errorhandler.py:105: Property: Invalid value for "CSS Level 2.1" property: "#f8f8f2" [67:5: color]
2024-10-31 17:47:43 ERROR errorhandler.py:105: Property: Invalid value for "CSS Level 2.1" property: "#f8f8f2" [72:5: color]
2024-10-31 17:47:43 ERROR errorhandler.py:105: Property: Invalid value for "CSS Level 2.1" property: "#f8f8f2" [119:5: color]
2024-10-31 17:47:43 ERROR errorhandler.py:105: Property: Invalid value for "CSS Level 2.1" property: "#272822" [137:5: color]
2024-10-31 17:48:24 ERROR media.py:189: MediaWidget: Error setting thumbnail: y1 must be greater than or equal to y0
2024-10-31 17:48:24 ERROR media.py:189: MediaWidget: Error setting thumbnail: y1 must be greater than or equal to y0
2024-10-31 17:48:24 ERROR media.py:189: MediaWidget: Error setting thumbnail: y1 must be greater than or equal to y0
2024-10-31 17:48:24 ERROR media.py:189: MediaWidget: Error setting thumbnail: y1 must be greater than or equal to y0
2024-10-31 17:48:29 INFO weather.py:156: Fetched new weather data at 2024-10-31 17:48:29.656867
2024-10-31 17:48:30 INFO weather.py:156: Fetched new weather data at 2024-10-31 17:48:30.329191
2024-10-31 17:49:07 INFO log.py:21: Yasb
2024-10-31 17:49:07 ERROR errorhandler.py:105: Property: Invalid value for "CSS Level 2.1" property: "#f8f8f2" [6:5: color]
2024-10-31 17:49:07 ERROR errorhandler.py:105: Property: Invalid value for "CSS Level 2.1" property: "#a1efe4" [50:5: color]
2024-10-31 17:49:07 ERROR errorhandler.py:105: Property: Invalid value for "CSS Level 2.1" property: "#f8f8f2" [63:5: color]
2024-10-31 17:49:07 ERROR errorhandler.py:105: Property: Invalid value for "CSS Level 2.1" property: "#f8f8f2" [67:5: color]
2024-10-31 17:49:07 ERROR errorhandler.py:105: Property: Invalid value for "CSS Level 2.1" property: "#f8f8f2" [72:5: color]
2024-10-31 17:49:07 ERROR errorhandler.py:105: Property: Invalid value for "CSS Level 2.1" property: "#f8f8f2" [119:5: color]
2024-10-31 17:49:07 ERROR errorhandler.py:105: Property: Invalid value for "CSS Level 2.1" property: "#272822" [137:5: color]
2024-10-31 17:49:08 DEBUG win32.py:58: Looking up time zone info from registry
2024-10-31 17:49:10 INFO weather.py:156: Fetched new weather data at 2024-10-31 17:49:10.848130
2024-10-31 17:49:10 DEBUG __init__.py:143: CoInitializeEx(None, 2)
2024-10-31 17:49:11 INFO weather.py:156: Fetched new weather data at 2024-10-31 17:49:11.624592
2024-10-31 17:49:11 INFO event_listener.py:52: Created named pipe yasb-3c545bc2-9754-11ef-85bf-e848b8c82000
2024-10-31 17:49:11 INFO event_listener.py:106: Waiting for Komorebi to subscribe to named pipe yasb-3c545bc2-9754-11ef-85bf-e848b8c82000
2024-10-31 17:49:11 INFO watcher.py:39: Created file watcher for path C:\Users\jojat\.config\yasb
2024-10-31 17:49:11 DEBUG _windows.py:213: Starting (proactor: <_IocpProactor overlapped#=0 result#=0>)...
2024-10-31 17:49:11 DEBUG _windows.py:192: Thread started
2024-10-31 17:49:11 INFO event_listener.py:118: Komorebi connected to named pipe: yasb-3c545bc2-9754-11ef-85bf-e848b8c82000
2024-10-31 17:49:34 INFO log.py:21: Yasb
2024-10-31 17:49:34 ERROR errorhandler.py:105: Property: Invalid value for "CSS Level 2.1" property: "#f8f8f2" [6:5: color]
2024-10-31 17:49:34 ERROR errorhandler.py:105: Property: Invalid value for "CSS Level 2.1" property: "#a1efe4" [50:5: color]
2024-10-31 17:49:34 ERROR errorhandler.py:105: Property: Invalid value for "CSS Level 2.1" property: "#f8f8f2" [63:5: color]
2024-10-31 17:49:34 ERROR errorhandler.py:105: Property: Invalid value for "CSS Level 2.1" property: "#f8f8f2" [67:5: color]
2024-10-31 17:49:34 ERROR errorhandler.py:105: Property: Invalid value for "CSS Level 2.1" property: "#f8f8f2" [72:5: color]
2024-10-31 17:49:34 ERROR errorhandler.py:105: Property: Invalid value for "CSS Level 2.1" property: "#f8f8f2" [119:5: color]
2024-10-31 17:49:34 ERROR errorhandler.py:105: Property: Invalid value for "CSS Level 2.1" property: "#272822" [137:5: color]
2024-10-31 17:49:34 DEBUG win32.py:58: Looking up time zone info from registry
2024-10-31 17:49:34 INFO weather.py:156: Fetched new weather data at 2024-10-31 17:49:34.969457
2024-10-31 17:49:34 DEBUG __init__.py:143: CoInitializeEx(None, 2)
2024-10-31 17:49:35 INFO weather.py:156: Fetched new weather data at 2024-10-31 17:49:35.576687
2024-10-31 17:49:35 INFO event_listener.py:52: Created named pipe yasb-4a9b21f3-9754-11ef-9306-e848b8c82000
2024-10-31 17:49:35 INFO event_listener.py:106: Waiting for Komorebi to subscribe to named pipe yasb-4a9b21f3-9754-11ef-9306-e848b8c82000
2024-10-31 17:49:35 INFO watcher.py:39: Created file watcher for path C:\Users\jojat\.config\yasb
2024-10-31 17:49:35 DEBUG _windows.py:213: Starting (proactor: <_IocpProactor overlapped#=0 result#=0>)...
2024-10-31 17:49:35 DEBUG _windows.py:192: Thread started
2024-10-31 17:49:35 INFO event_listener.py:118: Komorebi connected to named pipe: yasb-4a9b21f3-9754-11ef-9306-e848b8c82000
2024-10-31 17:54:36 WARNING event_listener.py:83: Pipe has been ended: (109, 'PeekNamedPipe', 'The pipe has been ended.')
2024-10-31 17:54:36 INFO event_listener.py:93: Attempting to reconnect...
2024-11-01 15:57:39 INFO log.py:21: Yasb
2024-11-01 15:57:39 ERROR errorhandler.py:105: Property: Invalid value for "CSS Level 2.1" property: "#f8f8f2" [6:5: color]
2024-11-01 15:57:39 ERROR errorhandler.py:105: Property: Invalid value for "CSS Level 2.1" property: "#a1efe4" [50:5: color]
2024-11-01 15:57:39 ERROR errorhandler.py:105: Property: Invalid value for "CSS Level 2.1" property: "#f8f8f2" [63:5: color]
2024-11-01 15:57:39 ERROR errorhandler.py:105: Property: Invalid value for "CSS Level 2.1" property: "#f8f8f2" [67:5: color]
2024-11-01 15:57:39 ERROR errorhandler.py:105: Property: Invalid value for "CSS Level 2.1" property: "#f8f8f2" [72:5: color]
2024-11-01 15:57:39 ERROR errorhandler.py:105: Property: Invalid value for "CSS Level 2.1" property: "#f8f8f2" [119:5: color]
2024-11-01 15:57:39 ERROR errorhandler.py:105: Property: Invalid value for "CSS Level 2.1" property: "#272822" [137:5: color]
2024-11-01 15:57:39 DEBUG win32.py:58: Looking up time zone info from registry
2024-11-01 15:57:43 INFO weather.py:156: Fetched new weather data at 2024-11-01 15:57:43.245444
2024-11-01 15:57:43 DEBUG __init__.py:143: CoInitializeEx(None, 2)
2024-11-01 15:57:44 INFO weather.py:156: Fetched new weather data at 2024-11-01 15:57:44.384498
2024-11-01 15:57:44 INFO event_listener.py:52: Created named pipe yasb-d4dc6efb-980d-11ef-b119-e848b8c82000
2024-11-01 15:57:44 INFO event_listener.py:106: Waiting for Komorebi to subscribe to named pipe yasb-d4dc6efb-980d-11ef-b119-e848b8c82000
2024-11-01 15:57:44 INFO watcher.py:39: Created file watcher for path C:\Users\jojat\.config\yasb
2024-11-01 15:57:44 DEBUG _windows.py:213: Starting (proactor: <_IocpProactor overlapped#=0 result#=0>)...
2024-11-01 15:57:44 DEBUG _windows.py:192: Thread started
2024-11-01 15:57:44 WARNING event_listener.py:111: Komorebi failed to subscribe named pipe. Waiting for subscription...
2024-11-01 15:57:45 ERROR media.py:189: MediaWidget: Error setting thumbnail: y1 must be greater than or equal to y0
2024-11-01 15:57:45 ERROR media.py:189: MediaWidget: Error setting thumbnail: y1 must be greater than or equal to y0
2024-11-01 15:57:45 ERROR media.py:189: MediaWidget: Error setting thumbnail: y1 must be greater than or equal to y0
2024-11-01 15:57:45 ERROR media.py:189: MediaWidget: Error setting thumbnail: y1 must be greater than or equal to y0
2024-11-01 15:57:54 INFO event_listener.py:118: Komorebi connected to named pipe: yasb-d4dc6efb-980d-11ef-b119-e848b8c82000
2024-11-01 15:59:07 ERROR media.py:189: MediaWidget: Error setting thumbnail: y1 must be greater than or equal to y0
2024-11-01 15:59:07 ERROR media.py:189: MediaWidget: Error setting thumbnail: y1 must be greater than or equal to y0
2024-11-01 15:59:07 ERROR media.py:189: MediaWidget: Error setting thumbnail: y1 must be greater than or equal to y0
2024-11-01 15:59:07 ERROR media.py:189: MediaWidget: Error setting thumbnail: y1 must be greater than or equal to y0
2024-11-01 15:59:07 ERROR media.py:189: MediaWidget: Error setting thumbnail: y1 must be greater than or equal to y0
2024-11-01 15:59:07 ERROR media.py:189: MediaWidget: Error setting thumbnail: y1 must be greater than or equal to y0
2024-11-01 15:59:08 ERROR media.py:189: MediaWidget: Error setting thumbnail: y1 must be greater than or equal to y0
2024-11-01 15:59:08 ERROR media.py:189: MediaWidget: Error setting thumbnail: y1 must be greater than or equal to y0
2024-11-01 15:59:08 ERROR media.py:189: MediaWidget: Error setting thumbnail: y1 must be greater than or equal to y0
2024-11-01 15:59:08 ERROR media.py:189: MediaWidget: Error setting thumbnail: y1 must be greater than or equal to y0
2024-11-01 15:59:08 ERROR media.py:189: MediaWidget: Error setting thumbnail: y1 must be greater than or equal to y0
2024-11-01 15:59:08 ERROR media.py:189: MediaWidget: Error setting thumbnail: y1 must be greater than or equal to y0
2024-11-01 16:02:01 ERROR media.py:189: MediaWidget: Error setting thumbnail: y1 must be greater than or equal to y0
2024-11-01 16:02:01 ERROR media.py:189: MediaWidget: Error setting thumbnail: y1 must be greater than or equal to y0
2024-11-01 16:02:01 ERROR media.py:189: MediaWidget: Error setting thumbnail: y1 must be greater than or equal to y0
2024-11-01 16:02:01 ERROR media.py:189: MediaWidget: Error setting thumbnail: y1 must be greater than or equal to y0
2024-11-01 16:02:01 ERROR media.py:189: MediaWidget: Error setting thumbnail: y1 must be greater than or equal to y0
2024-11-01 16:02:01 ERROR media.py:189: MediaWidget: Error setting thumbnail: y1 must be greater than or equal to y0
2024-11-01 16:02:01 ERROR media.py:189: MediaWidget: Error setting thumbnail: y1 must be greater than or equal to y0
2024-11-01 16:02:01 ERROR media.py:189: MediaWidget: Error setting thumbnail: y1 must be greater than or equal to y0
2024-11-01 16:02:01 ERROR media.py:189: MediaWidget: Error setting thumbnail: y1 must be greater than or equal to y0
2024-11-01 16:02:01 ERROR media.py:189: MediaWidget: Error setting thumbnail: y1 must be greater than or equal to y0
2024-11-01 16:02:01 ERROR media.py:189: MediaWidget: Error setting thumbnail: y1 must be greater than or equal to y0
2024-11-01 16:02:01 ERROR media.py:189: MediaWidget: Error setting thumbnail: y1 must be greater than or equal to y0
2024-11-01 16:04:03 ERROR errorhandler.py:105: Property: Invalid value for "CSS Level 2.1" property: "#f8f8f2" [6:5: color]
2024-11-01 16:04:03 ERROR errorhandler.py:105: Property: Invalid value for "CSS Level 2.1" property: "#a1efe4" [50:5: color]
2024-11-01 16:04:03 ERROR errorhandler.py:105: Property: Invalid value for "CSS Level 2.1" property: "#f8f8f2" [63:5: color]
2024-11-01 16:04:03 ERROR errorhandler.py:105: Property: Invalid value for "CSS Level 2.1" property: "#f8f8f2" [67:5: color]
2024-11-01 16:04:03 ERROR errorhandler.py:105: Property: Invalid value for "CSS Level 2.1" property: "#f8f8f2" [72:5: color]
2024-11-01 16:04:03 ERROR errorhandler.py:105: Property: Invalid value for "CSS Level 2.1" property: "#f8f8f2" [119:5: color]
2024-11-01 16:04:03 ERROR errorhandler.py:105: Property: Invalid value for "CSS Level 2.1" property: "#272822" [137:5: color]
2024-11-01 16:04:04 ERROR errorhandler.py:105: Property: Invalid value for "CSS Level 2.1" property: "#f8f8f2" [6:5: color]
2024-11-01 16:04:04 ERROR errorhandler.py:105: Property: Invalid value for "CSS Level 2.1" property: "#a1efe4" [50:5: color]
2024-11-01 16:04:04 ERROR errorhandler.py:105: Property: Invalid value for "CSS Level 2.1" property: "#f8f8f2" [63:5: color]
2024-11-01 16:04:04 ERROR errorhandler.py:105: Property: Invalid value for "CSS Level 2.1" property: "#f8f8f2" [67:5: color]
2024-11-01 16:04:04 ERROR errorhandler.py:105: Property: Invalid value for "CSS Level 2.1" property: "#f8f8f2" [72:5: color]
2024-11-01 16:04:04 ERROR errorhandler.py:105: Property: Invalid value for "CSS Level 2.1" property: "#f8f8f2" [119:5: color]
2024-11-01 16:04:04 ERROR errorhandler.py:105: Property: Invalid value for "CSS Level 2.1" property: "#272822" [137:5: color]
2024-11-01 16:04:04 ERROR errorhandler.py:105: Property: Invalid value for "CSS Level 2.1" property: "#f8f8f2" [6:5: color]
2024-11-01 16:04:04 ERROR errorhandler.py:105: Property: Invalid value for "CSS Level 2.1" property: "#a1efe4" [50:5: color]
2024-11-01 16:04:04 ERROR errorhandler.py:105: Property: Invalid value for "CSS Level 2.1" property: "#f8f8f2" [63:5: color]
2024-11-01 16:04:04 ERROR errorhandler.py:105: Property: Invalid value for "CSS Level 2.1" property: "#f8f8f2" [67:5: color]
2024-11-01 16:04:04 ERROR errorhandler.py:105: Property: Invalid value for "CSS Level 2.1" property: "#f8f8f2" [72:5: color]
2024-11-01 16:04:04 ERROR errorhandler.py:105: Property: Invalid value for "CSS Level 2.1" property: "#f8f8f2" [119:5: color]
2024-11-01 16:04:04 ERROR errorhandler.py:105: Property: Invalid value for "CSS Level 2.1" property: "#272822" [137:5: color]
2024-11-01 16:04:04 ERROR errorhandler.py:105: Property: Invalid value for "CSS Level 2.1" property: "#f8f8f2" [6:5: color]
2024-11-01 16:04:04 ERROR errorhandler.py:105: Property: Invalid value for "CSS Level 2.1" property: "#a1efe4" [50:5: color]
2024-11-01 16:04:04 ERROR errorhandler.py:105: Property: Invalid value for "CSS Level 2.1" property: "#f8f8f2" [63:5: color]
2024-11-01 16:04:04 ERROR errorhandler.py:105: Property: Invalid value for "CSS Level 2.1" property: "#f8f8f2" [67:5: color]
2024-11-01 16:04:04 ERROR errorhandler.py:105: Property: Invalid value for "CSS Level 2.1" property: "#f8f8f2" [72:5: color]
2024-11-01 16:04:04 ERROR errorhandler.py:105: Property: Invalid value for "CSS Level 2.1" property: "#f8f8f2" [119:5: color]
2024-11-01 16:04:04 ERROR errorhandler.py:105: Property: Invalid value for "CSS Level 2.1" property: "#272822" [137:5: color]
2024-11-01 16:04:04 ERROR errorhandler.py:105: Property: Invalid value for "CSS Level 2.1" property: "#f8f8f2" [6:5: color]
2024-11-01 16:04:04 ERROR errorhandler.py:105: Property: Invalid value for "CSS Level 2.1" property: "#a1efe4" [50:5: color]
2024-11-01 16:04:04 ERROR errorhandler.py:105: Property: Invalid value for "CSS Level 2.1" property: "#f8f8f2" [63:5: color]
2024-11-01 16:04:04 ERROR errorhandler.py:105: Property: Invalid value for "CSS Level 2.1" property: "#f8f8f2" [67:5: color]
2024-11-01 16:04:04 ERROR errorhandler.py:105: Property: Invalid value for "CSS Level 2.1" property: "#f8f8f2" [72:5: color]
2024-11-01 16:04:04 ERROR errorhandler.py:105: Property: Invalid value for "CSS Level 2.1" property: "#f8f8f2" [119:5: color]
2024-11-01 16:04:04 ERROR errorhandler.py:105: Property: Invalid value for "CSS Level 2.1" property: "#272822" [137:5: color]
2024-11-01 16:04:04 ERROR errorhandler.py:105: Property: Invalid value for "CSS Level 2.1" property: "#f8f8f2" [6:5: color]
2024-11-01 16:04:04 ERROR errorhandler.py:105: Property: Invalid value for "CSS Level 2.1" property: "#a1efe4" [50:5: color]
2024-11-01 16:04:04 ERROR errorhandler.py:105: Property: Invalid value for "CSS Level 2.1" property: "#f8f8f2" [63:5: color]
2024-11-01 16:04:04 ERROR errorhandler.py:105: Property: Invalid value for "CSS Level 2.1" property: "#f8f8f2" [67:5: color]
2024-11-01 16:04:04 ERROR errorhandler.py:105: Property: Invalid value for "CSS Level 2.1" property: "#f8f8f2" [72:5: color]
2024-11-01 16:04:04 ERROR errorhandler.py:105: Property: Invalid value for "CSS Level 2.1" property: "#f8f8f2" [119:5: color]
2024-11-01 16:04:04 ERROR errorhandler.py:105: Property: Invalid value for "CSS Level 2.1" property: "#272822" [137:5: color]
2024-11-01 16:04:05 ERROR errorhandler.py:105: Property: Invalid value for "CSS Level 2.1" property: "#f8f8f2" [6:5: color]
2024-11-01 16:04:05 ERROR errorhandler.py:105: Property: Invalid value for "CSS Level 2.1" property: "#a1efe4" [50:5: color]
2024-11-01 16:04:05 ERROR errorhandler.py:105: Property: Invalid value for "CSS Level 2.1" property: "#f8f8f2" [63:5: color]
2024-11-01 16:04:05 ERROR errorhandler.py:105: Property: Invalid value for "CSS Level 2.1" property: "#f8f8f2" [67:5: color]
2024-11-01 16:04:05 ERROR errorhandler.py:105: Property: Invalid value for "CSS Level 2.1" property: "#f8f8f2" [72:5: color]
2024-11-01 16:04:05 ERROR errorhandler.py:105: Property: Invalid value for "CSS Level 2.1" property: "#f8f8f2" [119:5: color]
2024-11-01 16:04:05 ERROR errorhandler.py:105: Property: Invalid value for "CSS Level 2.1" property: "#272822" [137:5: color]
2024-11-01 16:04:07 ERROR errorhandler.py:105: Property: Invalid value for "CSS Level 2.1" property: "#f8f8f2" [6:5: color]
2024-11-01 16:04:07 ERROR errorhandler.py:105: Property: Invalid value for "CSS Level 2.1" property: "#a1efe4" [50:5: color]
2024-11-01 16:04:07 ERROR errorhandler.py:105: Property: Invalid value for "CSS Level 2.1" property: "#f8f8f2" [63:5: color]
2024-11-01 16:04:07 ERROR errorhandler.py:105: Property: Invalid value for "CSS Level 2.1" property: "#f8f8f2" [67:5: color]
2024-11-01 16:04:07 ERROR errorhandler.py:105: Property: Invalid value for "CSS Level 2.1" property: "#f8f8f2" [72:5: color]
2024-11-01 16:04:07 ERROR errorhandler.py:105: Property: Invalid value for "CSS Level 2.1" property: "#f8f8f2" [119:5: color]
2024-11-01 16:04:07 ERROR errorhandler.py:105: Property: Invalid value for "CSS Level 2.1" property: "#272822" [137:5: color]
2024-11-01 16:04:07 ERROR errorhandler.py:105: Property: Invalid value for "CSS Level 2.1" property: "#f8f8f2" [6:5: color]
2024-11-01 16:04:07 ERROR errorhandler.py:105: Property: Invalid value for "CSS Level 2.1" property: "#a1efe4" [50:5: color]
2024-11-01 16:04:07 ERROR errorhandler.py:105: Property: Invalid value for "CSS Level 2.1" property: "#f8f8f2" [63:5: color]
2024-11-01 16:04:07 ERROR errorhandler.py:105: Property: Invalid value for "CSS Level 2.1" property: "#f8f8f2" [67:5: color]
2024-11-01 16:04:07 ERROR errorhandler.py:105: Property: Invalid value for "CSS Level 2.1" property: "#f8f8f2" [72:5: color]
2024-11-01 16:04:07 ERROR errorhandler.py:105: Property: Invalid value for "CSS Level 2.1" property: "#f8f8f2" [119:5: color]
2024-11-01 16:04:07 ERROR errorhandler.py:105: Property: Invalid value for "CSS Level 2.1" property: "#272822" [137:5: color]
2024-11-01 16:04:07 ERROR errorhandler.py:105: Property: Invalid value for "CSS Level 2.1" property: "#f8f8f2" [6:5: color]
2024-11-01 16:04:07 ERROR errorhandler.py:105: Property: Invalid value for "CSS Level 2.1" property: "#a1efe4" [50:5: color]
2024-11-01 16:04:07 ERROR errorhandler.py:105: Property: Invalid value for "CSS Level 2.1" property: "#f8f8f2" [63:5: color]
2024-11-01 16:04:07 ERROR errorhandler.py:105: Property: Invalid value for "CSS Level 2.1" property: "#f8f8f2" [67:5: color]
2024-11-01 16:04:07 ERROR errorhandler.py:105: Property: Invalid value for "CSS Level 2.1" property: "#f8f8f2" [72:5: color]
2024-11-01 16:04:07 ERROR errorhandler.py:105: Property: Invalid value for "CSS Level 2.1" property: "#f8f8f2" [119:5: color]
2024-11-01 16:04:07 ERROR errorhandler.py:105: Property: Invalid value for "CSS Level 2.1" property: "#272822" [137:5: color]
2024-11-01 16:04:07 ERROR errorhandler.py:105: Property: Invalid value for "CSS Level 2.1" property: "#f8f8f2" [6:5: color]
2024-11-01 16:04:07 ERROR errorhandler.py:105: Property: Invalid value for "CSS Level 2.1" property: "#a1efe4" [50:5: color]
2024-11-01 16:04:07 ERROR errorhandler.py:105: Property: Invalid value for "CSS Level 2.1" property: "#f8f8f2" [63:5: color]
2024-11-01 16:04:07 ERROR errorhandler.py:105: Property: Invalid value for "CSS Level 2.1" property: "#f8f8f2" [67:5: color]
2024-11-01 16:04:07 ERROR errorhandler.py:105: Property: Invalid value for "CSS Level 2.1" property: "#f8f8f2" [72:5: color]
2024-11-01 16:04:07 ERROR errorhandler.py:105: Property: Invalid value for "CSS Level 2.1" property: "#f8f8f2" [119:5: color]
2024-11-01 16:04:07 ERROR errorhandler.py:105: Property: Invalid value for "CSS Level 2.1" property: "#272822" [137:5: color]
2024-11-01 16:04:07 ERROR errorhandler.py:105: Property: Invalid value for "CSS Level 2.1" property: "#f8f8f2" [6:5: color]
2024-11-01 16:04:07 ERROR errorhandler.py:105: Property: Invalid value for "CSS Level 2.1" property: "#a1efe4" [50:5: color]
2024-11-01 16:04:07 ERROR errorhandler.py:105: Property: Invalid value for "CSS Level 2.1" property: "#f8f8f2" [63:5: color]
2024-11-01 16:04:07 ERROR errorhandler.py:105: Property: Invalid value for "CSS Level 2.1" property: "#f8f8f2" [67:5: color]
2024-11-01 16:04:07 ERROR errorhandler.py:105: Property: Invalid value for "CSS Level 2.1" property: "#f8f8f2" [72:5: color]
2024-11-01 16:04:07 ERROR errorhandler.py:105: Property: Invalid value for "CSS Level 2.1" property: "#f8f8f2" [119:5: color]
2024-11-01 16:04:07 ERROR errorhandler.py:105: Property: Invalid value for "CSS Level 2.1" property: "#272822" [137:5: color]
2024-11-01 16:04:07 ERROR errorhandler.py:105: Property: Invalid value for "CSS Level 2.1" property: "#f8f8f2" [6:5: color]
2024-11-01 16:04:07 ERROR errorhandler.py:105: Property: Invalid value for "CSS Level 2.1" property: "#a1efe4" [50:5: color]
2024-11-01 16:04:07 ERROR errorhandler.py:105: Property: Invalid value for "CSS Level 2.1" property: "#f8f8f2" [63:5: color]
2024-11-01 16:04:07 ERROR errorhandler.py:105: Property: Invalid value for "CSS Level 2.1" property: "#f8f8f2" [67:5: color]
2024-11-01 16:04:07 ERROR errorhandler.py:105: Property: Invalid value for "CSS Level 2.1" property: "#f8f8f2" [72:5: color]
2024-11-01 16:04:07 ERROR errorhandler.py:105: Property: Invalid value for "CSS Level 2.1" property: "#f8f8f2" [119:5: color]
2024-11-01 16:04:07 ERROR errorhandler.py:105: Property: Invalid value for "CSS Level 2.1" property: "#272822" [137:5: color]
2024-11-01 16:04:10 ERROR errorhandler.py:105: Property: Invalid value for "CSS Level 2.1" property: "#f8f8f2" [6:5: color]
2024-11-01 16:04:10 ERROR errorhandler.py:105: Property: Invalid value for "CSS Level 2.1" property: "#a1efe4" [50:5: color]
2024-11-01 16:04:10 ERROR errorhandler.py:105: Property: Invalid value for "CSS Level 2.1" property: "#f8f8f2" [63:5: color]
2024-11-01 16:04:10 ERROR errorhandler.py:105: Property: Invalid value for "CSS Level 2.1" property: "#f8f8f2" [67:5: color]
2024-11-01 16:04:10 ERROR errorhandler.py:105: Property: Invalid value for "CSS Level 2.1" property: "#f8f8f2" [72:5: color]
2024-11-01 16:04:10 ERROR errorhandler.py:105: Property: Invalid value for "CSS Level 2.1" property: "#f8f8f2" [119:5: color]
2024-11-01 16:04:10 ERROR errorhandler.py:105: Property: Invalid value for "CSS Level 2.1" property: "#272822" [137:5: color]
2024-11-01 16:04:10 ERROR errorhandler.py:105: Property: Invalid value for "CSS Level 2.1" property: "#f8f8f2" [6:5: color]
2024-11-01 16:04:10 ERROR errorhandler.py:105: Property: Invalid value for "CSS Level 2.1" property: "#a1efe4" [50:5: color]
2024-11-01 16:04:10 ERROR errorhandler.py:105: Property: Invalid value for "CSS Level 2.1" property: "#f8f8f2" [63:5: color]
2024-11-01 16:04:10 ERROR errorhandler.py:105: Property: Invalid value for "CSS Level 2.1" property: "#f8f8f2" [67:5: color]
2024-11-01 16:04:10 ERROR errorhandler.py:105: Property: Invalid value for "CSS Level 2.1" property: "#f8f8f2" [72:5: color]
2024-11-01 16:04:10 ERROR errorhandler.py:105: Property: Invalid value for "CSS Level 2.1" property: "#f8f8f2" [119:5: color]
2024-11-01 16:04:10 ERROR errorhandler.py:105: Property: Invalid value for "CSS Level 2.1" property: "#272822" [137:5: color]
2024-11-01 16:04:10 ERROR errorhandler.py:105: Property: Invalid value for "CSS Level 2.1" property: "#f8f8f2" [6:5: color]
2024-11-01 16:04:10 ERROR errorhandler.py:105: Property: Invalid value for "CSS Level 2.1" property: "#a1efe4" [50:5: color]
2024-11-01 16:04:10 ERROR errorhandler.py:105: Property: Invalid value for "CSS Level 2.1" property: "#f8f8f2" [63:5: color]
2024-11-01 16:04:10 ERROR errorhandler.py:105: Property: Invalid value for "CSS Level 2.1" property: "#f8f8f2" [67:5: color]
2024-11-01 16:04:10 ERROR errorhandler.py:105: Property: Invalid value for "CSS Level 2.1" property: "#f8f8f2" [72:5: color]
2024-11-01 16:04:10 ERROR errorhandler.py:105: Property: Invalid value for "CSS Level 2.1" property: "#f8f8f2" [119:5: color]
2024-11-01 16:04:10 ERROR errorhandler.py:105: Property: Invalid value for "CSS Level 2.1" property: "#272822" [137:5: color]
2024-11-01 16:04:10 ERROR errorhandler.py:105: Property: Invalid value for "CSS Level 2.1" property: "#f8f8f2" [6:5: color]
2024-11-01 16:04:10 ERROR errorhandler.py:105: Property: Invalid value for "CSS Level 2.1" property: "#a1efe4" [50:5: color]
2024-11-01 16:04:10 ERROR errorhandler.py:105: Property: Invalid value for "CSS Level 2.1" property: "#f8f8f2" [63:5: color]
2024-11-01 16:04:10 ERROR errorhandler.py:105: Property: Invalid value for "CSS Level 2.1" property: "#f8f8f2" [67:5: color]
2024-11-01 16:04:10 ERROR errorhandler.py:105: Property: Invalid value for "CSS Level 2.1" property: "#f8f8f2" [72:5: color]
2024-11-01 16:04:10 ERROR errorhandler.py:105: Property: Invalid value for "CSS Level 2.1" property: "#f8f8f2" [119:5: color]
2024-11-01 16:04:10 ERROR errorhandler.py:105: Property: Invalid value for "CSS Level 2.1" property: "#272822" [137:5: color]
2024-11-01 16:04:10 ERROR errorhandler.py:105: Property: Invalid value for "CSS Level 2.1" property: "#f8f8f2" [6:5: color]
2024-11-01 16:04:10 ERROR errorhandler.py:105: Property: Invalid value for "CSS Level 2.1" property: "#a1efe4" [50:5: color]
2024-11-01 16:04:10 ERROR errorhandler.py:105: Property: Invalid value for "CSS Level 2.1" property: "#f8f8f2" [63:5: color]
2024-11-01 16:04:10 ERROR errorhandler.py:105: Property: Invalid value for "CSS Level 2.1" property: "#f8f8f2" [67:5: color]
2024-11-01 16:04:10 ERROR errorhandler.py:105: Property: Invalid value for "CSS Level 2.1" property: "#f8f8f2" [72:5: color]
2024-11-01 16:04:10 ERROR errorhandler.py:105: Property: Invalid value for "CSS Level 2.1" property: "#f8f8f2" [119:5: color]
2024-11-01 16:04:10 ERROR errorhandler.py:105: Property: Invalid value for "CSS Level 2.1" property: "#272822" [137:5: color]
2024-11-01 16:04:10 ERROR errorhandler.py:105: Property: Invalid value for "CSS Level 2.1" property: "#f8f8f2" [6:5: color]
2024-11-01 16:04:10 ERROR errorhandler.py:105: Property: Invalid value for "CSS Level 2.1" property: "#a1efe4" [50:5: color]
2024-11-01 16:04:10 ERROR errorhandler.py:105: Property: Invalid value for "CSS Level 2.1" property: "#f8f8f2" [63:5: color]
2024-11-01 16:04:10 ERROR errorhandler.py:105: Property: Invalid value for "CSS Level 2.1" property: "#f8f8f2" [67:5: color]
2024-11-01 16:04:10 ERROR errorhandler.py:105: Property: Invalid value for "CSS Level 2.1" property: "#f8f8f2" [72:5: color]
2024-11-01 16:04:10 ERROR errorhandler.py:105: Property: Invalid value for "CSS Level 2.1" property: "#f8f8f2" [119:5: color]
2024-11-01 16:04:10 ERROR errorhandler.py:105: Property: Invalid value for "CSS Level 2.1" property: "#272822" [137:5: color]
2024-11-01 16:07:43 INFO weather.py:156: Fetched new weather data at 2024-11-01 16:07:43.240399
2024-11-01 16:07:44 INFO weather.py:156: Fetched new weather data at 2024-11-01 16:07:44.701031
2024-11-01 16:12:34 WARNING event_listener.py:83: Pipe has been ended: (109, 'PeekNamedPipe', 'The pipe has been ended.')
2024-11-01 16:12:34 INFO event_listener.py:93: Attempting to reconnect...
2024-11-01 16:12:39 INFO event_listener.py:52: Created named pipe yasb-d4dc6efb-980d-11ef-b119-e848b8c82000
2024-11-01 16:12:39 INFO event_listener.py:106: Waiting for Komorebi to subscribe to named pipe yasb-d4dc6efb-980d-11ef-b119-e848b8c82000
2024-11-01 16:12:39 WARNING event_listener.py:111: Komorebi failed to subscribe named pipe. Waiting for subscription...
2024-11-01 16:13:49 INFO tray.py:205: Exiting Application from tray...
2024-11-01 16:13:49 DEBUG _windows.py:218: Stopping worker thread...
2024-11-01 16:13:49 DEBUG _windows.py:201: Exiting thread
2024-11-01 16:13:49 DEBUG _windows.py:75: Closing
2024-11-03 11:40:23 INFO log.py:21: Yasb
2024-11-03 11:40:23 ERROR errorhandler.py:105: Property: Invalid value for "CSS Level 2.1" property: "#f8f8f2" [6:5: color]
2024-11-03 11:40:23 ERROR errorhandler.py:105: Property: Invalid value for "CSS Level 2.1" property: "#a1efe4" [50:5: color]
2024-11-03 11:40:23 ERROR errorhandler.py:105: Property: Invalid value for "CSS Level 2.1" property: "#f8f8f2" [63:5: color]
2024-11-03 11:40:23 ERROR errorhandler.py:105: Property: Invalid value for "CSS Level 2.1" property: "#f8f8f2" [67:5: color]
2024-11-03 11:40:23 ERROR errorhandler.py:105: Property: Invalid value for "CSS Level 2.1" property: "#f8f8f2" [72:5: color]
2024-11-03 11:40:23 ERROR errorhandler.py:105: Property: Invalid value for "CSS Level 2.1" property: "#f8f8f2" [119:5: color]
2024-11-03 11:40:23 ERROR errorhandler.py:105: Property: Invalid value for "CSS Level 2.1" property: "#272822" [137:5: color]
2024-11-03 11:40:23 DEBUG win32.py:58: Looking up time zone info from registry
2024-11-03 11:40:26 INFO weather.py:156: Fetched new weather data at 2024-11-03 11:40:26.571444
2024-11-03 11:40:26 DEBUG __init__.py:143: CoInitializeEx(None, 2)
2024-11-03 11:40:27 INFO weather.py:156: Fetched new weather data at 2024-11-03 11:40:27.569913
2024-11-03 11:40:27 INFO event_listener.py:52: Created named pipe yasb-389e18b1-997c-11ef-a314-e848b8c82000
2024-11-03 11:40:27 INFO event_listener.py:106: Waiting for Komorebi to subscribe to named pipe yasb-389e18b1-997c-11ef-a314-e848b8c82000
2024-11-03 11:40:27 INFO watcher.py:39: Created file watcher for path C:\Users\jojat\.config\yasb
2024-11-03 11:40:27 DEBUG _windows.py:213: Starting (proactor: <_IocpProactor overlapped#=0 result#=0>)...
2024-11-03 11:40:27 DEBUG _windows.py:192: Thread started
2024-11-03 11:40:27 INFO event_listener.py:118: Komorebi connected to named pipe: yasb-389e18b1-997c-11ef-a314-e848b8c82000
2024-11-03 11:40:28 ERROR media.py:189: MediaWidget: Error setting thumbnail: y1 must be greater than or equal to y0
2024-11-03 11:40:28 ERROR media.py:189: MediaWidget: Error setting thumbnail: y1 must be greater than or equal to y0
2024-11-03 11:40:28 ERROR media.py:189: MediaWidget: Error setting thumbnail: y1 must be greater than or equal to y0
2024-11-03 11:40:28 ERROR media.py:189: MediaWidget: Error setting thumbnail: y1 must be greater than or equal to y0
2024-11-03 11:40:44 INFO tray.py:205: Exiting Application from tray...
2024-11-03 11:40:44 DEBUG _windows.py:218: Stopping worker thread...
2024-11-03 11:40:44 DEBUG _windows.py:201: Exiting thread
2024-11-03 11:40:44 DEBUG _windows.py:75: Closing
2024-11-03 11:40:44 ERROR event_service.py:30: Failed to emit signal <bound PYQT_SIGNAL foreground_change of ActiveWindowWidget object at 0x000001B769BF4410>. Removing link to WinEvent.EventSystemForeground.
2024-11-04 12:58:22 INFO log.py:21: Yasb
2024-11-04 12:58:22 ERROR errorhandler.py:105: Property: Invalid value for "CSS Level 2.1" property: "#f8f8f2" [6:5: color]
2024-11-04 12:58:23 ERROR errorhandler.py:105: Property: Invalid value for "CSS Level 2.1" property: "#a1efe4" [50:5: color]
2024-11-04 12:58:23 ERROR errorhandler.py:105: Property: Invalid value for "CSS Level 2.1" property: "#f8f8f2" [63:5: color]
2024-11-04 12:58:23 ERROR errorhandler.py:105: Property: Invalid value for "CSS Level 2.1" property: "#f8f8f2" [67:5: color]
2024-11-04 12:58:23 ERROR errorhandler.py:105: Property: Invalid value for "CSS Level 2.1" property: "#f8f8f2" [72:5: color]
2024-11-04 12:58:23 ERROR errorhandler.py:105: Property: Invalid value for "CSS Level 2.1" property: "#f8f8f2" [119:5: color]
2024-11-04 12:58:23 ERROR errorhandler.py:105: Property: Invalid value for "CSS Level 2.1" property: "#272822" [137:5: color]
2024-11-04 12:58:23 DEBUG win32.py:58: Looking up time zone info from registry
2024-11-04 12:58:26 INFO weather.py:156: Fetched new weather data at 2024-11-04 12:58:26.990453
2024-11-04 12:58:27 DEBUG __init__.py:143: CoInitializeEx(None, 2)
2024-11-04 12:58:28 INFO weather.py:156: Fetched new weather data at 2024-11-04 12:58:28.443553
2024-11-04 12:58:28 INFO event_listener.py:52: Created named pipe yasb-490f79bf-9a50-11ef-8d28-e848b8c82000
2024-11-04 12:58:28 INFO event_listener.py:106: Waiting for Komorebi to subscribe to named pipe yasb-490f79bf-9a50-11ef-8d28-e848b8c82000
2024-11-04 12:58:28 INFO watcher.py:39: Created file watcher for path C:\Users\jojat\.config\yasb
2024-11-04 12:58:28 DEBUG _windows.py:213: Starting (proactor: <_IocpProactor overlapped#=0 result#=0>)...
2024-11-04 12:58:28 DEBUG _windows.py:192: Thread started
2024-11-04 12:58:28 INFO event_listener.py:118: Komorebi connected to named pipe: yasb-490f79bf-9a50-11ef-8d28-e848b8c82000
2024-11-04 12:58:29 ERROR media.py:189: MediaWidget: Error setting thumbnail: y1 must be greater than or equal to y0
2024-11-04 12:58:29 ERROR media.py:189: MediaWidget: Error setting thumbnail: y1 must be greater than or equal to y0
2024-11-04 12:58:29 ERROR media.py:189: MediaWidget: Error setting thumbnail: y1 must be greater than or equal to y0
2024-11-04 12:58:29 ERROR media.py:189: MediaWidget: Error setting thumbnail: y1 must be greater than or equal to y0
2024-11-04 13:08:26 INFO weather.py:156: Fetched new weather data at 2024-11-04 13:08:26.890613
2024-11-04 13:08:29 INFO weather.py:156: Fetched new weather data at 2024-11-04 13:08:29.318433
2024-11-04 13:18:26 INFO weather.py:156: Fetched new weather data at 2024-11-04 13:18:26.806438
2024-11-04 13:18:29 INFO weather.py:156: Fetched new weather data at 2024-11-04 13:18:29.078045
2024-11-04 13:20:33 ERROR media.py:189: MediaWidget: Error setting thumbnail: y1 must be greater than or equal to y0
2024-11-04 13:20:33 ERROR media.py:189: MediaWidget: Error setting thumbnail: y1 must be greater than or equal to y0
2024-11-04 13:20:34 ERROR media.py:189: MediaWidget: Error setting thumbnail: y1 must be greater than or equal to y0
2024-11-04 13:20:34 ERROR media.py:189: MediaWidget: Error setting thumbnail: y1 must be greater than or equal to y0
2024-11-04 13:28:26 INFO weather.py:156: Fetched new weather data at 2024-11-04 13:28:26.743855
2024-11-04 13:28:28 INFO weather.py:156: Fetched new weather data at 2024-11-04 13:28:28.362234
2024-11-04 13:35:04 ERROR media.py:189: MediaWidget: Error setting thumbnail: y1 must be greater than or equal to y0
2024-11-04 13:35:04 ERROR media.py:189: MediaWidget: Error setting thumbnail: y1 must be greater than or equal to y0
2024-11-04 13:38:26 INFO weather.py:156: Fetched new weather data at 2024-11-04 13:38:26.682527
2024-11-04 13:38:28 INFO weather.py:156: Fetched new weather data at 2024-11-04 13:38:28.363649
2024-11-04 13:48:13 ERROR errorhandler.py:105: Property: Invalid value for "CSS Level 2.1" property: "#f8f8f2" [6:5: color]
2024-11-04 13:48:13 ERROR errorhandler.py:105: Property: Invalid value for "CSS Level 2.1" property: "#a1efe4" [50:5: color]
2024-11-04 13:48:13 ERROR errorhandler.py:105: Property: Invalid value for "CSS Level 2.1" property: "#f8f8f2" [63:5: color]
2024-11-04 13:48:13 ERROR errorhandler.py:105: Property: Invalid value for "CSS Level 2.1" property: "#f8f8f2" [67:5: color]
2024-11-04 13:48:13 ERROR errorhandler.py:105: Property: Invalid value for "CSS Level 2.1" property: "#f8f8f2" [72:5: color]
2024-11-04 13:48:13 ERROR errorhandler.py:105: Property: Invalid value for "CSS Level 2.1" property: "#f8f8f2" [119:5: color]
2024-11-04 13:48:13 ERROR errorhandler.py:105: Property: Invalid value for "CSS Level 2.1" property: "#272822" [137:5: color]
2024-11-04 13:48:14 ERROR errorhandler.py:105: Property: Invalid value for "CSS Level 2.1" property: "#f8f8f2" [6:5: color]
2024-11-04 13:48:14 ERROR errorhandler.py:105: Property: Invalid value for "CSS Level 2.1" property: "#a1efe4" [50:5: color]
2024-11-04 13:48:14 ERROR errorhandler.py:105: Property: Invalid value for "CSS Level 2.1" property: "#f8f8f2" [63:5: color]
2024-11-04 13:48:14 ERROR errorhandler.py:105: Property: Invalid value for "CSS Level 2.1" property: "#f8f8f2" [67:5: color]
2024-11-04 13:48:14 ERROR errorhandler.py:105: Property: Invalid value for "CSS Level 2.1" property: "#f8f8f2" [72:5: color]
2024-11-04 13:48:14 ERROR errorhandler.py:105: Property: Invalid value for "CSS Level 2.1" property: "#f8f8f2" [119:5: color]
2024-11-04 13:48:14 ERROR errorhandler.py:105: Property: Invalid value for "CSS Level 2.1" property: "#272822" [137:5: color]
2024-11-04 13:48:14 ERROR errorhandler.py:105: Property: Invalid value for "CSS Level 2.1" property: "#f8f8f2" [6:5: color]
2024-11-04 13:48:14 ERROR errorhandler.py:105: Property: Invalid value for "CSS Level 2.1" property: "#a1efe4" [50:5: color]
2024-11-04 13:48:14 ERROR errorhandler.py:105: Property: Invalid value for "CSS Level 2.1" property: "#f8f8f2" [63:5: color]
2024-11-04 13:48:14 ERROR errorhandler.py:105: Property: Invalid value for "CSS Level 2.1" property: "#f8f8f2" [67:5: color]
2024-11-04 13:48:14 ERROR errorhandler.py:105: Property: Invalid value for "CSS Level 2.1" property: "#f8f8f2" [72:5: color]
2024-11-04 13:48:14 ERROR errorhandler.py:105: Property: Invalid value for "CSS Level 2.1" property: "#f8f8f2" [119:5: color]
2024-11-04 13:48:14 ERROR errorhandler.py:105: Property: Invalid value for "CSS Level 2.1" property: "#272822" [137:5: color]
2024-11-04 13:48:14 ERROR errorhandler.py:105: Property: Invalid value for "CSS Level 2.1" property: "#f8f8f2" [6:5: color]
2024-11-04 13:48:14 ERROR errorhandler.py:105: Property: Invalid value for "CSS Level 2.1" property: "#a1efe4" [50:5: color]
2024-11-04 13:48:14 ERROR errorhandler.py:105: Property: Invalid value for "CSS Level 2.1" property: "#f8f8f2" [63:5: color]
2024-11-04 13:48:14 ERROR errorhandler.py:105: Property: Invalid value for "CSS Level 2.1" property: "#f8f8f2" [67:5: color]
2024-11-04 13:48:14 ERROR errorhandler.py:105: Property: Invalid value for "CSS Level 2.1" property: "#f8f8f2" [72:5: color]
2024-11-04 13:48:14 ERROR errorhandler.py:105: Property: Invalid value for "CSS Level 2.1" property: "#f8f8f2" [119:5: color]
2024-11-04 13:48:14 ERROR errorhandler.py:105: Property: Invalid value for "CSS Level 2.1" property: "#272822" [137:5: color]
2024-11-04 13:48:14 ERROR errorhandler.py:105: Property: Invalid value for "CSS Level 2.1" property: "#f8f8f2" [6:5: color]
2024-11-04 13:48:14 ERROR errorhandler.py:105: Property: Invalid value for "CSS Level 2.1" property: "#a1efe4" [50:5: color]
2024-11-04 13:48:14 ERROR errorhandler.py:105: Property: Invalid value for "CSS Level 2.1" property: "#f8f8f2" [63:5: color]
2024-11-04 13:48:14 ERROR errorhandler.py:105: Property: Invalid value for "CSS Level 2.1" property: "#f8f8f2" [67:5: color]
2024-11-04 13:48:14 ERROR errorhandler.py:105: Property: Invalid value for "CSS Level 2.1" property: "#f8f8f2" [72:5: color]
2024-11-04 13:48:14 ERROR errorhandler.py:105: Property: Invalid value for "CSS Level 2.1" property: "#f8f8f2" [119:5: color]
2024-11-04 13:48:14 ERROR errorhandler.py:105: Property: Invalid value for "CSS Level 2.1" property: "#272822" [137:5: color]
2024-11-04 13:48:14 ERROR errorhandler.py:105: Property: Invalid value for "CSS Level 2.1" property: "#f8f8f2" [6:5: color]
2024-11-04 13:48:14 ERROR errorhandler.py:105: Property: Invalid value for "CSS Level 2.1" property: "#a1efe4" [50:5: color]
2024-11-04 13:48:14 ERROR errorhandler.py:105: Property: Invalid value for "CSS Level 2.1" property: "#f8f8f2" [63:5: color]
2024-11-04 13:48:14 ERROR errorhandler.py:105: Property: Invalid value for "CSS Level 2.1" property: "#f8f8f2" [67:5: color]
2024-11-04 13:48:14 ERROR errorhandler.py:105: Property: Invalid value for "CSS Level 2.1" property: "#f8f8f2" [72:5: color]
2024-11-04 13:48:14 ERROR errorhandler.py:105: Property: Invalid value for "CSS Level 2.1" property: "#f8f8f2" [119:5: color]
2024-11-04 13:48:14 ERROR errorhandler.py:105: Property: Invalid value for "CSS Level 2.1" property: "#272822" [137:5: color]
2024-11-04 13:48:15 ERROR errorhandler.py:105: Property: Invalid value for "CSS Level 2.1" property: "#f8f8f2" [6:5: color]
2024-11-04 13:48:15 ERROR errorhandler.py:105: Property: Invalid value for "CSS Level 2.1" property: "#a1efe4" [50:5: color]
2024-11-04 13:48:15 ERROR errorhandler.py:105: Property: Invalid value for "CSS Level 2.1" property: "#f8f8f2" [63:5: color]
2024-11-04 13:48:15 ERROR errorhandler.py:105: Property: Invalid value for "CSS Level 2.1" property: "#f8f8f2" [67:5: color]
2024-11-04 13:48:15 ERROR errorhandler.py:105: Property: Invalid value for "CSS Level 2.1" property: "#f8f8f2" [72:5: color]
2024-11-04 13:48:15 ERROR errorhandler.py:105: Property: Invalid value for "CSS Level 2.1" property: "#f8f8f2" [119:5: color]
2024-11-04 13:48:15 ERROR errorhandler.py:105: Property: Invalid value for "CSS Level 2.1" property: "#272822" [137:5: color]
2024-11-04 13:48:26 INFO weather.py:156: Fetched new weather data at 2024-11-04 13:48:26.635385
2024-11-04 13:48:28 INFO weather.py:156: Fetched new weather data at 2024-11-04 13:48:28.333091
2024-11-04 13:58:26 INFO weather.py:156: Fetched new weather data at 2024-11-04 13:58:26.592630
2024-11-04 13:58:28 INFO weather.py:156: Fetched new weather data at 2024-11-04 13:58:28.301729
2024-11-04 14:04:38 ERROR media.py:189: MediaWidget: Error setting thumbnail: y1 must be greater than or equal to y0
2024-11-04 14:04:38 ERROR media.py:189: MediaWidget: Error setting thumbnail: y1 must be greater than or equal to y0
2024-11-04 14:04:38 ERROR media.py:189: MediaWidget: Error setting thumbnail: y1 must be greater than or equal to y0
2024-11-04 14:04:38 ERROR media.py:189: MediaWidget: Error setting thumbnail: y1 must be greater than or equal to y0
2024-11-04 14:08:26 INFO weather.py:156: Fetched new weather data at 2024-11-04 14:08:26.557884
2024-11-04 14:08:28 INFO weather.py:156: Fetched new weather data at 2024-11-04 14:08:28.231028
2024-11-04 14:18:26 INFO weather.py:156: Fetched new weather data at 2024-11-04 14:18:26.528595
2024-11-04 14:18:28 INFO weather.py:156: Fetched new weather data at 2024-11-04 14:18:28.338536
2024-11-04 14:28:26 INFO weather.py:156: Fetched new weather data at 2024-11-04 14:28:26.506845
2024-11-04 14:28:28 INFO weather.py:156: Fetched new weather data at 2024-11-04 14:28:28.170199
2024-11-04 14:38:26 INFO weather.py:156: Fetched new weather data at 2024-11-04 14:38:26.481314
2024-11-04 14:38:28 INFO weather.py:156: Fetched new weather data at 2024-11-04 14:38:28.222090
2024-11-04 14:48:26 INFO weather.py:156: Fetched new weather data at 2024-11-04 14:48:26.463412
2024-11-04 14:48:28 INFO weather.py:156: Fetched new weather data at 2024-11-04 14:48:28.011309
2024-11-04 14:58:26 INFO weather.py:156: Fetched new weather data at 2024-11-04 14:58:26.448960
2024-11-04 14:58:28 INFO weather.py:156: Fetched new weather data at 2024-11-04 14:58:28.128376
2024-11-04 15:08:26 INFO weather.py:156: Fetched new weather data at 2024-11-04 15:08:26.432203
2024-11-04 15:08:28 INFO weather.py:156: Fetched new weather data at 2024-11-04 15:08:28.754094
2024-11-04 15:18:26 INFO weather.py:156: Fetched new weather data at 2024-11-04 15:18:26.422138
2024-11-04 15:18:28 INFO weather.py:156: Fetched new weather data at 2024-11-04 15:18:28.168556
2024-11-04 15:28:26 INFO weather.py:156: Fetched new weather data at 2024-11-04 15:28:26.407254
2024-11-04 15:28:28 INFO weather.py:156: Fetched new weather data at 2024-11-04 15:28:28.114085
2024-11-04 15:38:26 INFO weather.py:156: Fetched new weather data at 2024-11-04 15:38:26.394662
2024-11-04 15:38:28 INFO weather.py:156: Fetched new weather data at 2024-11-04 15:38:28.075896
2024-11-04 15:48:26 INFO weather.py:156: Fetched new weather data at 2024-11-04 15:48:26.388449
2024-11-04 15:48:28 INFO weather.py:156: Fetched new weather data at 2024-11-04 15:48:28.700535
2024-11-04 15:58:26 INFO weather.py:156: Fetched new weather data at 2024-11-04 15:58:26.375780
2024-11-04 15:58:28 INFO weather.py:156: Fetched new weather data at 2024-11-04 15:58:28.680611
2024-11-04 16:08:26 INFO weather.py:156: Fetched new weather data at 2024-11-04 16:08:26.372795
2024-11-04 16:08:28 INFO weather.py:156: Fetched new weather data at 2024-11-04 16:08:28.055685
2024-11-04 16:18:26 INFO weather.py:156: Fetched new weather data at 2024-11-04 16:18:26.359444
2024-11-04 16:18:28 INFO weather.py:156: Fetched new weather data at 2024-11-04 16:18:28.168880
2024-11-04 16:28:26 INFO weather.py:156: Fetched new weather data at 2024-11-04 16:28:26.352016
2024-11-04 16:28:28 INFO weather.py:156: Fetched new weather data at 2024-11-04 16:28:28.160561
2024-11-04 16:38:26 INFO weather.py:156: Fetched new weather data at 2024-11-04 16:38:26.347391
2024-11-04 16:38:27 INFO weather.py:156: Fetched new weather data at 2024-11-04 16:38:27.927243
2024-11-04 16:44:52 ERROR media.py:189: MediaWidget: Error setting thumbnail: y1 must be greater than or equal to y0
2024-11-04 16:44:52 ERROR media.py:189: MediaWidget: Error setting thumbnail: y1 must be greater than or equal to y0
2024-11-04 16:44:53 ERROR media.py:189: MediaWidget: Error setting thumbnail: y1 must be greater than or equal to y0
2024-11-04 16:44:53 ERROR media.py:189: MediaWidget: Error setting thumbnail: y1 must be greater than or equal to y0
2024-11-04 16:44:53 ERROR media.py:189: MediaWidget: Error setting thumbnail: y1 must be greater than or equal to y0
2024-11-04 16:44:53 ERROR media.py:189: MediaWidget: Error setting thumbnail: y1 must be greater than or equal to y0
2024-11-04 16:48:26 INFO weather.py:156: Fetched new weather data at 2024-11-04 16:48:26.340910
2024-11-04 16:48:27 INFO weather.py:156: Fetched new weather data at 2024-11-04 16:48:27.984469
2024-11-04 16:48:29 ERROR media.py:189: MediaWidget: Error setting thumbnail: y1 must be greater than or equal to y0
2024-11-04 16:48:29 ERROR media.py:189: MediaWidget: Error setting thumbnail: y1 must be greater than or equal to y0
2024-11-04 16:48:29 ERROR media.py:189: MediaWidget: Error setting thumbnail: y1 must be greater than or equal to y0
2024-11-04 16:48:29 ERROR media.py:189: MediaWidget: Error setting thumbnail: y1 must be greater than or equal to y0
2024-11-04 16:52:10 ERROR media.py:189: MediaWidget: Error setting thumbnail: y1 must be greater than or equal to y0
2024-11-04 16:52:10 ERROR media.py:189: MediaWidget: Error setting thumbnail: y1 must be greater than or equal to y0
2024-11-04 16:52:10 ERROR media.py:189: MediaWidget: Error setting thumbnail: y1 must be greater than or equal to y0
2024-11-04 16:52:10 ERROR media.py:189: MediaWidget: Error setting thumbnail: y1 must be greater than or equal to y0
2024-11-04 16:58:26 INFO weather.py:156: Fetched new weather data at 2024-11-04 16:58:26.332298
2024-11-04 16:58:28 INFO weather.py:156: Fetched new weather data at 2024-11-04 16:58:28.551453
2024-11-04 17:08:26 INFO weather.py:156: Fetched new weather data at 2024-11-04 17:08:26.323014
2024-11-04 17:08:28 INFO weather.py:156: Fetched new weather data at 2024-11-04 17:08:28.011785
2024-11-04 17:08:44 ERROR media.py:189: MediaWidget: Error setting thumbnail: y1 must be greater than or equal to y0
2024-11-04 17:08:44 ERROR media.py:189: MediaWidget: Error setting thumbnail: y1 must be greater than or equal to y0
2024-11-04 17:08:44 ERROR media.py:189: MediaWidget: Error setting thumbnail: y1 must be greater than or equal to y0
2024-11-04 17:08:44 ERROR media.py:189: MediaWidget: Error setting thumbnail: y1 must be greater than or equal to y0
2024-11-04 17:18:26 INFO weather.py:156: Fetched new weather data at 2024-11-04 17:18:26.320734
2024-11-04 17:18:27 INFO weather.py:156: Fetched new weather data at 2024-11-04 17:18:27.967775
2024-11-04 17:28:26 INFO weather.py:156: Fetched new weather data at 2024-11-04 17:28:26.237580
2024-11-04 17:28:27 INFO weather.py:156: Fetched new weather data at 2024-11-04 17:28:27.984267
2024-11-04 17:38:26 INFO weather.py:156: Fetched new weather data at 2024-11-04 17:38:26.150930
2024-11-04 17:38:27 INFO weather.py:156: Fetched new weather data at 2024-11-04 17:38:27.877561
2024-11-04 17:48:26 INFO weather.py:156: Fetched new weather data at 2024-11-04 17:48:26.084098
2024-11-04 17:48:27 INFO weather.py:156: Fetched new weather data at 2024-11-04 17:48:27.921499
2024-11-04 17:58:26 INFO weather.py:156: Fetched new weather data at 2024-11-04 17:58:26.023403
2024-11-04 17:58:27 INFO weather.py:156: Fetched new weather data at 2024-11-04 17:58:27.602344
2024-11-04 18:08:25 INFO weather.py:156: Fetched new weather data at 2024-11-04 18:08:25.971758
2024-11-04 18:08:27 INFO weather.py:156: Fetched new weather data at 2024-11-04 18:08:27.564591
2024-11-04 18:18:25 INFO weather.py:156: Fetched new weather data at 2024-11-04 18:18:25.929772
2024-11-04 18:18:27 INFO weather.py:156: Fetched new weather data at 2024-11-04 18:18:27.629807
2024-11-04 18:28:25 INFO weather.py:156: Fetched new weather data at 2024-11-04 18:28:25.886799
2024-11-04 18:28:28 INFO weather.py:156: Fetched new weather data at 2024-11-04 18:28:28.178814
2024-11-04 18:38:25 INFO weather.py:156: Fetched new weather data at 2024-11-04 18:38:25.857929
2024-11-04 18:38:27 INFO weather.py:156: Fetched new weather data at 2024-11-04 18:38:27.396259
2024-11-04 18:48:25 INFO weather.py:156: Fetched new weather data at 2024-11-04 18:48:25.826781
2024-11-04 18:48:27 INFO weather.py:156: Fetched new weather data at 2024-11-04 18:48:27.491661
2024-11-04 18:58:25 INFO weather.py:156: Fetched new weather data at 2024-11-04 18:58:25.805098
2024-11-04 18:58:27 INFO weather.py:156: Fetched new weather data at 2024-11-04 18:58:27.461881
2024-11-04 19:08:25 INFO weather.py:156: Fetched new weather data at 2024-11-04 19:08:25.778297
2024-11-04 19:08:28 INFO weather.py:156: Fetched new weather data at 2024-11-04 19:08:28.077967
2024-11-04 19:18:25 INFO weather.py:156: Fetched new weather data at 2024-11-04 19:18:25.761014
2024-11-04 19:18:28 INFO weather.py:156: Fetched new weather data at 2024-11-04 19:18:28.012805
2024-11-04 19:28:25 INFO weather.py:156: Fetched new weather data at 2024-11-04 19:28:25.741848
2024-11-04 19:28:27 INFO weather.py:156: Fetched new weather data at 2024-11-04 19:28:27.295138
2024-11-04 19:38:25 INFO weather.py:156: Fetched new weather data at 2024-11-04 19:38:25.721846
2024-11-04 19:38:27 INFO weather.py:156: Fetched new weather data at 2024-11-04 19:38:27.286643
2024-11-04 19:48:25 INFO weather.py:156: Fetched new weather data at 2024-11-04 19:48:25.704960
2024-11-04 19:48:27 INFO weather.py:156: Fetched new weather data at 2024-11-04 19:48:27.357530
2024-11-04 19:58:25 INFO weather.py:156: Fetched new weather data at 2024-11-04 19:58:25.692450
2024-11-04 19:58:27 INFO weather.py:156: Fetched new weather data at 2024-11-04 19:58:27.263766
2024-11-04 20:08:25 INFO weather.py:156: Fetched new weather data at 2024-11-04 20:08:25.675874
2024-11-04 20:08:27 INFO weather.py:156: Fetched new weather data at 2024-11-04 20:08:27.189391
2024-11-04 20:18:25 INFO weather.py:156: Fetched new weather data at 2024-11-04 20:18:25.662493
2024-11-04 20:18:27 INFO weather.py:156: Fetched new weather data at 2024-11-04 20:18:27.945796
2024-11-04 20:28:25 INFO weather.py:156: Fetched new weather data at 2024-11-04 20:28:25.648900
2024-11-04 20:28:27 INFO weather.py:156: Fetched new weather data at 2024-11-04 20:28:27.229419
2024-11-04 20:38:25 INFO weather.py:156: Fetched new weather data at 2024-11-04 20:38:25.638394
2024-11-04 20:38:27 INFO weather.py:156: Fetched new weather data at 2024-11-04 20:38:27.376688
2024-11-04 20:48:25 INFO weather.py:156: Fetched new weather data at 2024-11-04 20:48:25.626179
2024-11-04 20:48:27 INFO weather.py:156: Fetched new weather data at 2024-11-04 20:48:27.929446
2024-11-04 20:58:25 INFO weather.py:156: Fetched new weather data at 2024-11-04 20:58:25.615027
2024-11-04 20:58:27 WARNING event_listener.py:83: Pipe has been ended: (109, 'PeekNamedPipe', 'The pipe has been ended.')
2024-11-04 20:58:27 INFO event_listener.py:93: Attempting to reconnect...
2024-11-05 09:14:04 INFO log.py:21: Yasb
2024-11-05 09:14:04 ERROR errorhandler.py:105: Property: Invalid value for "CSS Level 2.1" property: "#f8f8f2" [6:5: color]
2024-11-05 09:14:04 ERROR errorhandler.py:105: Property: Invalid value for "CSS Level 2.1" property: "#a1efe4" [50:5: color]
2024-11-05 09:14:04 ERROR errorhandler.py:105: Property: Invalid value for "CSS Level 2.1" property: "#f8f8f2" [63:5: color]
2024-11-05 09:14:04 ERROR errorhandler.py:105: Property: Invalid value for "CSS Level 2.1" property: "#f8f8f2" [67:5: color]
2024-11-05 09:14:04 ERROR errorhandler.py:105: Property: Invalid value for "CSS Level 2.1" property: "#f8f8f2" [72:5: color]
2024-11-05 09:14:04 ERROR errorhandler.py:105: Property: Invalid value for "CSS Level 2.1" property: "#f8f8f2" [119:5: color]
2024-11-05 09:14:04 ERROR errorhandler.py:105: Property: Invalid value for "CSS Level 2.1" property: "#272822" [137:5: color]
2024-11-05 09:14:04 DEBUG win32.py:58: Looking up time zone info from registry
2024-11-05 09:14:07 INFO weather.py:156: Fetched new weather data at 2024-11-05 09:14:07.727111
2024-11-05 09:14:07 DEBUG __init__.py:143: CoInitializeEx(None, 2)
2024-11-05 09:14:08 INFO weather.py:156: Fetched new weather data at 2024-11-05 09:14:08.753170
2024-11-05 09:14:09 INFO event_listener.py:52: Created named pipe yasb-1cdcfd1e-9afa-11ef-b9ea-e848b8c82000
2024-11-05 09:14:09 INFO event_listener.py:106: Waiting for Komorebi to subscribe to named pipe yasb-1cdcfd1e-9afa-11ef-b9ea-e848b8c82000
2024-11-05 09:14:09 INFO watcher.py:39: Created file watcher for path C:\Users\jojat\.config\yasb
2024-11-05 09:14:09 DEBUG _windows.py:213: Starting (proactor: <_IocpProactor overlapped#=0 result#=0>)...
2024-11-05 09:14:09 DEBUG _windows.py:192: Thread started
2024-11-05 09:14:09 INFO event_listener.py:118: Komorebi connected to named pipe: yasb-1cdcfd1e-9afa-11ef-b9ea-e848b8c82000
2024-11-05 09:14:09 ERROR media.py:189: MediaWidget: Error setting thumbnail: y1 must be greater than or equal to y0
2024-11-05 09:14:09 ERROR media.py:189: MediaWidget: Error setting thumbnail: y1 must be greater than or equal to y0
2024-11-05 09:14:09 ERROR media.py:189: MediaWidget: Error setting thumbnail: y1 must be greater than or equal to y0
2024-11-05 09:14:09 ERROR media.py:189: MediaWidget: Error setting thumbnail: y1 must be greater than or equal to y0
2024-11-05 09:24:07 INFO weather.py:156: Fetched new weather data at 2024-11-05 09:24:07.729302
2024-11-05 09:24:08 INFO weather.py:156: Fetched new weather data at 2024-11-05 09:24:08.954738
2024-11-05 09:34:07 INFO weather.py:156: Fetched new weather data at 2024-11-05 09:34:07.725193
2024-11-05 09:34:08 INFO weather.py:156: Fetched new weather data at 2024-11-05 09:34:08.936012
2024-11-05 09:44:07 INFO weather.py:156: Fetched new weather data at 2024-11-05 09:44:07.730107
2024-11-05 09:44:09 INFO weather.py:156: Fetched new weather data at 2024-11-05 09:44:09.002941
2024-11-05 09:54:07 INFO weather.py:156: Fetched new weather data at 2024-11-05 09:54:07.727149
2024-11-05 09:54:09 INFO weather.py:156: Fetched new weather data at 2024-11-05 09:54:09.015687
2024-11-05 10:04:07 INFO weather.py:156: Fetched new weather data at 2024-11-05 10:04:07.724768
2024-11-05 10:04:08 INFO weather.py:156: Fetched new weather data at 2024-11-05 10:04:08.890587
2024-11-05 10:14:07 INFO weather.py:156: Fetched new weather data at 2024-11-05 10:14:07.728883
2024-11-05 10:14:09 INFO weather.py:156: Fetched new weather data at 2024-11-05 10:14:09.011021
2024-11-05 10:24:07 INFO weather.py:156: Fetched new weather data at 2024-11-05 10:24:07.727572
2024-11-05 10:24:09 INFO weather.py:156: Fetched new weather data at 2024-11-05 10:24:09.507272
2024-11-05 10:34:07 INFO weather.py:156: Fetched new weather data at 2024-11-05 10:34:07.728132
2024-11-05 10:34:08 INFO weather.py:156: Fetched new weather data at 2024-11-05 10:34:08.918832
2024-11-05 10:44:07 INFO weather.py:156: Fetched new weather data at 2024-11-05 10:44:07.724763
2024-11-05 10:44:08 INFO weather.py:156: Fetched new weather data at 2024-11-05 10:44:08.895078
2024-11-05 10:54:07 INFO weather.py:156: Fetched new weather data at 2024-11-05 10:54:07.727047
2024-11-05 10:54:08 INFO weather.py:156: Fetched new weather data at 2024-11-05 10:54:08.902633
2024-11-05 11:04:07 INFO weather.py:156: Fetched new weather data at 2024-11-05 11:04:07.724736
2024-11-05 11:04:09 INFO weather.py:156: Fetched new weather data at 2024-11-05 11:04:09.029265
2024-11-05 11:14:07 INFO weather.py:156: Fetched new weather data at 2024-11-05 11:14:07.727362
2024-11-05 11:14:09 INFO weather.py:156: Fetched new weather data at 2024-11-05 11:14:09.621805
2024-11-05 11:24:07 INFO weather.py:156: Fetched new weather data at 2024-11-05 11:24:07.725394
2024-11-05 11:24:08 INFO weather.py:156: Fetched new weather data at 2024-11-05 11:24:08.895743
2024-11-05 11:34:07 INFO weather.py:156: Fetched new weather data at 2024-11-05 11:34:07.728031
2024-11-05 11:34:08 INFO weather.py:156: Fetched new weather data at 2024-11-05 11:34:08.859230
2024-11-05 11:44:07 INFO weather.py:156: Fetched new weather data at 2024-11-05 11:44:07.726946
2024-11-05 11:44:09 INFO weather.py:156: Fetched new weather data at 2024-11-05 11:44:09.070818
2024-11-05 11:54:07 INFO weather.py:156: Fetched new weather data at 2024-11-05 11:54:07.725729
2024-11-05 11:54:08 INFO weather.py:156: Fetched new weather data at 2024-11-05 11:54:08.971677
2024-11-05 12:04:07 INFO weather.py:156: Fetched new weather data at 2024-11-05 12:04:07.725102
2024-11-05 12:04:08 INFO weather.py:156: Fetched new weather data at 2024-11-05 12:04:08.871157
2024-11-05 12:14:07 INFO weather.py:156: Fetched new weather data at 2024-11-05 12:14:07.726270
2024-11-05 12:14:08 INFO weather.py:156: Fetched new weather data at 2024-11-05 12:14:08.983725
2024-11-05 12:24:07 INFO weather.py:156: Fetched new weather data at 2024-11-05 12:24:07.724895
2024-11-05 12:24:09 INFO weather.py:156: Fetched new weather data at 2024-11-05 12:24:09.553736
2024-11-05 12:34:07 INFO weather.py:156: Fetched new weather data at 2024-11-05 12:34:07.726508
2024-11-05 12:34:08 INFO weather.py:156: Fetched new weather data at 2024-11-05 12:34:08.971259
2024-11-05 12:44:07 INFO weather.py:156: Fetched new weather data at 2024-11-05 12:44:07.714745
2024-11-05 12:44:08 INFO weather.py:156: Fetched new weather data at 2024-11-05 12:44:08.921562
2024-11-05 12:54:07 INFO weather.py:156: Fetched new weather data at 2024-11-05 12:54:07.605402
2024-11-05 12:54:08 INFO weather.py:156: Fetched new weather data at 2024-11-05 12:54:08.905178
2024-11-05 13:04:07 INFO weather.py:156: Fetched new weather data at 2024-11-05 13:04:07.510470
2024-11-05 13:04:09 INFO weather.py:156: Fetched new weather data at 2024-11-05 13:04:09.346237
2024-11-05 13:14:07 INFO weather.py:156: Fetched new weather data at 2024-11-05 13:14:07.431872
2024-11-05 13:14:08 INFO weather.py:156: Fetched new weather data at 2024-11-05 13:14:08.683175
2024-11-05 13:24:07 INFO weather.py:156: Fetched new weather data at 2024-11-05 13:24:07.371063
2024-11-05 13:24:08 INFO weather.py:156: Fetched new weather data at 2024-11-05 13:24:08.684520
2024-11-05 13:34:07 INFO weather.py:156: Fetched new weather data at 2024-11-05 13:34:07.316575
2024-11-05 13:34:08 INFO weather.py:156: Fetched new weather data at 2024-11-05 13:34:08.480854
2024-11-05 13:44:07 INFO weather.py:156: Fetched new weather data at 2024-11-05 13:44:07.278057
2024-11-05 13:44:08 INFO weather.py:156: Fetched new weather data at 2024-11-05 13:44:08.582561
2024-11-05 13:51:44 ERROR media.py:189: MediaWidget: Error setting thumbnail: y1 must be greater than or equal to y0
2024-11-05 13:51:44 ERROR media.py:189: MediaWidget: Error setting thumbnail: y1 must be greater than or equal to y0
2024-11-05 13:51:44 ERROR media.py:189: MediaWidget: Error setting thumbnail: y1 must be greater than or equal to y0
2024-11-05 13:51:44 ERROR media.py:189: MediaWidget: Error setting thumbnail: y1 must be greater than or equal to y0
2024-11-05 13:54:07 INFO weather.py:156: Fetched new weather data at 2024-11-05 13:54:07.238658
2024-11-05 13:54:08 INFO weather.py:156: Fetched new weather data at 2024-11-05 13:54:08.537870
2024-11-05 14:04:07 INFO weather.py:156: Fetched new weather data at 2024-11-05 14:04:07.211782
2024-11-05 14:04:08 INFO weather.py:156: Fetched new weather data at 2024-11-05 14:04:08.552475
2024-11-05 14:14:07 INFO weather.py:156: Fetched new weather data at 2024-11-05 14:14:07.187816
2024-11-05 14:14:08 INFO weather.py:156: Fetched new weather data at 2024-11-05 14:14:08.401060
2024-11-05 14:24:07 INFO weather.py:156: Fetched new weather data at 2024-11-05 14:24:07.170100
2024-11-05 14:24:08 INFO weather.py:156: Fetched new weather data at 2024-11-05 14:24:08.498466
2024-11-05 14:34:07 INFO weather.py:156: Fetched new weather data at 2024-11-05 14:34:07.154059
2024-11-05 14:34:08 INFO weather.py:156: Fetched new weather data at 2024-11-05 14:34:08.301761
2024-11-05 14:44:07 INFO weather.py:156: Fetched new weather data at 2024-11-05 14:44:07.140905
2024-11-05 14:44:09 INFO weather.py:156: Fetched new weather data at 2024-11-05 14:44:09.105706
2024-11-05 14:54:07 INFO weather.py:156: Fetched new weather data at 2024-11-05 14:54:07.130999
2024-11-05 14:54:08 INFO weather.py:156: Fetched new weather data at 2024-11-05 14:54:08.437167
2024-11-05 14:56:43 ERROR media.py:189: MediaWidget: Error setting thumbnail: y1 must be greater than or equal to y0
2024-11-05 14:56:43 ERROR media.py:189: MediaWidget: Error setting thumbnail: y1 must be greater than or equal to y0
2024-11-05 14:56:43 ERROR media.py:189: MediaWidget: Error setting thumbnail: y1 must be greater than or equal to y0
2024-11-05 14:56:43 ERROR media.py:189: MediaWidget: Error setting thumbnail: y1 must be greater than or equal to y0
2024-11-05 15:04:07 INFO weather.py:156: Fetched new weather data at 2024-11-05 15:04:07.118972
2024-11-05 15:04:08 INFO weather.py:156: Fetched new weather data at 2024-11-05 15:04:08.323547
2024-11-05 15:14:07 INFO weather.py:156: Fetched new weather data at 2024-11-05 15:14:07.111984
2024-11-05 15:14:08 INFO weather.py:156: Fetched new weather data at 2024-11-05 15:14:08.353896
2024-11-05 15:15:07 ERROR media.py:189: MediaWidget: Error setting thumbnail: y1 must be greater than or equal to y0
2024-11-05 15:15:07 ERROR media.py:189: MediaWidget: Error setting thumbnail: y1 must be greater than or equal to y0
2024-11-05 15:15:07 ERROR media.py:189: MediaWidget: Error setting thumbnail: y1 must be greater than or equal to y0
2024-11-05 15:15:07 ERROR media.py:189: MediaWidget: Error setting thumbnail: y1 must be greater than or equal to y0
2024-11-05 15:24:07 INFO weather.py:156: Fetched new weather data at 2024-11-05 15:24:07.104852
2024-11-05 15:24:08 INFO weather.py:156: Fetched new weather data at 2024-11-05 15:24:08.383555
2024-11-05 15:34:07 INFO weather.py:156: Fetched new weather data at 2024-11-05 15:34:07.100819
2024-11-05 15:34:08 INFO weather.py:156: Fetched new weather data at 2024-11-05 15:34:08.422200
2024-11-05 15:35:38 ERROR media.py:189: MediaWidget: Error setting thumbnail: y1 must be greater than or equal to y0
2024-11-05 15:35:38 ERROR media.py:189: MediaWidget: Error setting thumbnail: y1 must be greater than or equal to y0
2024-11-05 15:35:38 ERROR media.py:189: MediaWidget: Error setting thumbnail: y1 must be greater than or equal to y0
2024-11-05 15:35:38 ERROR media.py:189: MediaWidget: Error setting thumbnail: y1 must be greater than or equal to y0
2024-11-05 15:44:07 INFO weather.py:156: Fetched new weather data at 2024-11-05 15:44:07.095475
2024-11-05 15:44:08 INFO weather.py:156: Fetched new weather data at 2024-11-05 15:44:08.936701
2024-11-05 15:54:07 INFO weather.py:156: Fetched new weather data at 2024-11-05 15:54:07.096543
2024-11-05 15:54:08 INFO weather.py:156: Fetched new weather data at 2024-11-05 15:54:08.314183
2024-11-05 16:04:07 INFO weather.py:156: Fetched new weather data at 2024-11-05 16:04:07.089958
2024-11-05 16:04:08 INFO weather.py:156: Fetched new weather data at 2024-11-05 16:04:08.345963
2024-11-05 16:14:07 INFO weather.py:156: Fetched new weather data at 2024-11-05 16:14:07.087724
2024-11-05 16:14:08 INFO weather.py:156: Fetched new weather data at 2024-11-05 16:14:08.346237
2024-11-05 16:24:07 INFO weather.py:156: Fetched new weather data at 2024-11-05 16:24:07.085766
2024-11-05 16:24:08 INFO weather.py:156: Fetched new weather data at 2024-11-05 16:24:08.238567
2024-11-05 16:34:07 INFO weather.py:156: Fetched new weather data at 2024-11-05 16:34:07.085995
2024-11-05 16:34:08 INFO weather.py:156: Fetched new weather data at 2024-11-05 16:34:08.297324
2024-11-05 16:44:07 INFO weather.py:156: Fetched new weather data at 2024-11-05 16:44:07.082622
2024-11-05 16:44:09 INFO weather.py:156: Fetched new weather data at 2024-11-05 16:44:09.024017
2024-11-05 16:54:07 INFO weather.py:156: Fetched new weather data at 2024-11-05 16:54:07.083632
2024-11-05 16:54:08 INFO weather.py:156: Fetched new weather data at 2024-11-05 16:54:08.298136
2024-11-05 17:04:07 INFO weather.py:156: Fetched new weather data at 2024-11-05 17:04:07.026404
2024-11-05 17:04:08 INFO weather.py:156: Fetched new weather data at 2024-11-05 17:04:08.329911
2024-11-05 17:14:06 INFO weather.py:156: Fetched new weather data at 2024-11-05 17:14:06.913630
2024-11-05 17:14:08 INFO weather.py:156: Fetched new weather data at 2024-11-05 17:14:08.255244
2024-11-05 17:18:34 WARNING event_listener.py:83: Pipe has been ended: (109, 'PeekNamedPipe', 'The pipe has been ended.')
2024-11-05 17:18:34 INFO event_listener.py:93: Attempting to reconnect...
2024-11-05 17:18:39 INFO event_listener.py:52: Created named pipe yasb-1cdcfd1e-9afa-11ef-b9ea-e848b8c82000
2024-11-05 17:18:39 INFO event_listener.py:106: Waiting for Komorebi to subscribe to named pipe yasb-1cdcfd1e-9afa-11ef-b9ea-e848b8c82000
2024-11-05 17:18:39 WARNING event_listener.py:111: Komorebi failed to subscribe named pipe. Waiting for subscription...
2024-11-05 17:18:40 INFO tray.py:205: Exiting Application from tray...
2024-11-05 17:18:40 DEBUG _windows.py:218: Stopping worker thread...
2024-11-05 17:18:40 DEBUG _windows.py:201: Exiting thread
2024-11-05 17:18:40 DEBUG _windows.py:75: Closing
2024-11-06 13:07:52 INFO log.py:21: Yasb
2024-11-06 13:07:52 ERROR errorhandler.py:105: Property: Invalid value for "CSS Level 2.1" property: "#f8f8f2" [6:5: color]
2024-11-06 13:07:52 ERROR errorhandler.py:105: Property: Invalid value for "CSS Level 2.1" property: "#a1efe4" [50:5: color]
2024-11-06 13:07:52 ERROR errorhandler.py:105: Property: Invalid value for "CSS Level 2.1" property: "#f8f8f2" [63:5: color]
2024-11-06 13:07:52 ERROR errorhandler.py:105: Property: Invalid value for "CSS Level 2.1" property: "#f8f8f2" [67:5: color]
2024-11-06 13:07:52 ERROR errorhandler.py:105: Property: Invalid value for "CSS Level 2.1" property: "#f8f8f2" [72:5: color]
2024-11-06 13:07:52 ERROR errorhandler.py:105: Property: Invalid value for "CSS Level 2.1" property: "#f8f8f2" [119:5: color]
2024-11-06 13:07:52 ERROR errorhandler.py:105: Property: Invalid value for "CSS Level 2.1" property: "#272822" [137:5: color]
2024-11-06 13:07:53 DEBUG win32.py:58: Looking up time zone info from registry
2024-11-06 13:07:56 INFO weather.py:156: Fetched new weather data at 2024-11-06 13:07:56.623904
2024-11-06 13:07:56 DEBUG __init__.py:143: CoInitializeEx(None, 2)
2024-11-06 13:07:57 INFO weather.py:156: Fetched new weather data at 2024-11-06 13:07:57.572461
2024-11-06 13:07:57 INFO event_listener.py:52: Created named pipe yasb-f11c1269-9be3-11ef-8343-e848b8c82000
2024-11-06 13:07:57 INFO event_listener.py:106: Waiting for Komorebi to subscribe to named pipe yasb-f11c1269-9be3-11ef-8343-e848b8c82000
2024-11-06 13:07:57 INFO watcher.py:39: Created file watcher for path C:\Users\jojat\.config\yasb
2024-11-06 13:07:57 DEBUG _windows.py:213: Starting (proactor: <_IocpProactor overlapped#=0 result#=0>)...
2024-11-06 13:07:57 DEBUG _windows.py:192: Thread started
2024-11-06 13:07:57 WARNING event_listener.py:111: Komorebi failed to subscribe named pipe. Waiting for subscription...
2024-11-06 13:07:58 ERROR media.py:189: MediaWidget: Error setting thumbnail: y1 must be greater than or equal to y0
2024-11-06 13:07:58 ERROR media.py:189: MediaWidget: Error setting thumbnail: y1 must be greater than or equal to y0
2024-11-06 13:07:58 ERROR media.py:189: MediaWidget: Error setting thumbnail: y1 must be greater than or equal to y0
2024-11-06 13:07:58 ERROR media.py:189: MediaWidget: Error setting thumbnail: y1 must be greater than or equal to y0
2024-11-06 13:08:08 INFO event_listener.py:118: Komorebi connected to named pipe: yasb-f11c1269-9be3-11ef-8343-e848b8c82000
2024-11-06 13:17:56 INFO weather.py:156: Fetched new weather data at 2024-11-06 13:17:56.521856
2024-11-06 13:17:58 INFO weather.py:156: Fetched new weather data at 2024-11-06 13:17:58.758157
2024-11-06 13:27:56 INFO weather.py:156: Fetched new weather data at 2024-11-06 13:27:56.446310
2024-11-06 13:27:57 INFO weather.py:156: Fetched new weather data at 2024-11-06 13:27:57.652952
2024-11-06 13:37:56 INFO weather.py:156: Fetched new weather data at 2024-11-06 13:37:56.383827
2024-11-06 13:37:57 INFO weather.py:156: Fetched new weather data at 2024-11-06 13:37:57.465587
2024-11-06 13:47:56 INFO weather.py:156: Fetched new weather data at 2024-11-06 13:47:56.336619
2024-11-06 13:47:57 INFO weather.py:156: Fetched new weather data at 2024-11-06 13:47:57.580189
2024-11-06 13:57:56 INFO weather.py:156: Fetched new weather data at 2024-11-06 13:57:56.288104
2024-11-06 13:57:57 INFO weather.py:156: Fetched new weather data at 2024-11-06 13:57:57.547753
2024-11-06 14:07:56 INFO weather.py:156: Fetched new weather data at 2024-11-06 14:07:56.251142
2024-11-06 14:07:57 INFO weather.py:156: Fetched new weather data at 2024-11-06 14:07:57.981581
2024-11-06 14:17:56 INFO weather.py:156: Fetched new weather data at 2024-11-06 14:17:56.222574
2024-11-06 14:17:57 INFO weather.py:156: Fetched new weather data at 2024-11-06 14:17:57.348207
2024-11-06 14:27:56 INFO weather.py:156: Fetched new weather data at 2024-11-06 14:27:56.199979
2024-11-06 14:27:57 INFO weather.py:156: Fetched new weather data at 2024-11-06 14:27:57.342995
2024-11-06 14:37:56 INFO weather.py:156: Fetched new weather data at 2024-11-06 14:37:56.177602
2024-11-06 14:37:57 INFO weather.py:156: Fetched new weather data at 2024-11-06 14:37:57.379086
2024-11-06 14:47:56 INFO weather.py:156: Fetched new weather data at 2024-11-06 14:47:56.163567
2024-11-06 14:47:57 INFO weather.py:156: Fetched new weather data at 2024-11-06 14:47:57.357194
2024-11-06 14:57:56 INFO weather.py:156: Fetched new weather data at 2024-11-06 14:57:56.147611
2024-11-06 14:57:57 INFO weather.py:156: Fetched new weather data at 2024-11-06 14:57:57.262656
2024-11-06 15:07:56 INFO weather.py:156: Fetched new weather data at 2024-11-06 15:07:56.140554
2024-11-06 15:07:57 INFO weather.py:156: Fetched new weather data at 2024-11-06 15:07:57.315526
2024-11-06 15:17:56 INFO weather.py:156: Fetched new weather data at 2024-11-06 15:17:56.130937
2024-11-06 15:17:57 INFO weather.py:156: Fetched new weather data at 2024-11-06 15:17:57.233821
2024-11-06 15:27:56 INFO weather.py:156: Fetched new weather data at 2024-11-06 15:27:56.123184
2024-11-06 15:27:57 INFO weather.py:156: Fetched new weather data at 2024-11-06 15:27:57.331329
2024-11-06 15:37:56 INFO weather.py:156: Fetched new weather data at 2024-11-06 15:37:56.116095
2024-11-06 15:37:57 INFO weather.py:156: Fetched new weather data at 2024-11-06 15:37:57.243705
2024-11-06 15:47:56 INFO weather.py:156: Fetched new weather data at 2024-11-06 15:47:56.113119
2024-11-06 15:47:57 INFO weather.py:156: Fetched new weather data at 2024-11-06 15:47:57.903727
2024-11-06 15:57:56 INFO weather.py:156: Fetched new weather data at 2024-11-06 15:57:56.108862
2024-11-06 15:57:57 INFO weather.py:156: Fetched new weather data at 2024-11-06 15:57:57.213978
2024-11-06 16:07:56 INFO weather.py:156: Fetched new weather data at 2024-11-06 16:07:56.104347
2024-11-06 16:07:57 INFO weather.py:156: Fetched new weather data at 2024-11-06 16:07:57.319556
2024-11-06 16:17:56 INFO weather.py:156: Fetched new weather data at 2024-11-06 16:17:56.102228
2024-11-06 16:17:57 INFO weather.py:156: Fetched new weather data at 2024-11-06 16:17:57.193903
2024-11-06 16:27:56 INFO weather.py:156: Fetched new weather data at 2024-11-06 16:27:56.099222
2024-11-06 16:27:57 INFO weather.py:156: Fetched new weather data at 2024-11-06 16:27:57.932009
2024-11-06 16:37:56 INFO weather.py:156: Fetched new weather data at 2024-11-06 16:37:56.097645
2024-11-06 16:37:57 INFO weather.py:156: Fetched new weather data at 2024-11-06 16:37:57.313809
2024-11-06 16:39:50 WARNING event_listener.py:83: Pipe has been ended: (109, 'PeekNamedPipe', 'The pipe has been ended.')
2024-11-06 16:39:50 INFO event_listener.py:93: Attempting to reconnect...
2024-11-06 16:39:53 INFO tray.py:205: Exiting Application from tray...
2024-11-06 16:39:53 DEBUG _windows.py:218: Stopping worker thread...
2024-11-06 16:39:53 DEBUG _windows.py:201: Exiting thread
2024-11-06 16:39:53 DEBUG _windows.py:75: Closing
2024-11-06 16:41:55 INFO log.py:21: Yasb
2024-11-06 16:41:55 ERROR errorhandler.py:105: Property: Invalid value for "CSS Level 2.1" property: "#f8f8f2" [6:5: color]
2024-11-06 16:41:55 ERROR errorhandler.py:105: Property: Invalid value for "CSS Level 2.1" property: "#a1efe4" [50:5: color]
2024-11-06 16:41:55 ERROR errorhandler.py:105: Property: Invalid value for "CSS Level 2.1" property: "#f8f8f2" [63:5: color]
2024-11-06 16:41:55 ERROR errorhandler.py:105: Property: Invalid value for "CSS Level 2.1" property: "#f8f8f2" [67:5: color]
2024-11-06 16:41:55 ERROR errorhandler.py:105: Property: Invalid value for "CSS Level 2.1" property: "#f8f8f2" [72:5: color]
2024-11-06 16:41:55 ERROR errorhandler.py:105: Property: Invalid value for "CSS Level 2.1" property: "#f8f8f2" [119:5: color]
2024-11-06 16:41:55 ERROR errorhandler.py:105: Property: Invalid value for "CSS Level 2.1" property: "#272822" [137:5: color]
2024-11-06 16:41:55 DEBUG win32.py:58: Looking up time zone info from registry
2024-11-06 16:41:56 INFO weather.py:156: Fetched new weather data at 2024-11-06 16:41:56.139303
2024-11-06 16:41:56 DEBUG __init__.py:143: CoInitializeEx(None, 2)
2024-11-06 16:41:56 INFO weather.py:156: Fetched new weather data at 2024-11-06 16:41:56.796556
2024-11-06 16:41:57 INFO event_listener.py:52: Created named pipe yasb-d5e0fdbf-9c01-11ef-9b4f-e848b8c82000
2024-11-06 16:41:57 INFO event_listener.py:106: Waiting for Komorebi to subscribe to named pipe yasb-d5e0fdbf-9c01-11ef-9b4f-e848b8c82000
2024-11-06 16:41:57 INFO watcher.py:39: Created file watcher for path C:\Users\jojat\.config\yasb
2024-11-06 16:41:57 DEBUG _windows.py:213: Starting (proactor: <_IocpProactor overlapped#=0 result#=0>)...
2024-11-06 16:41:57 DEBUG _windows.py:192: Thread started
2024-11-06 16:41:57 WARNING event_listener.py:111: Komorebi failed to subscribe named pipe. Waiting for subscription...
2024-11-06 16:41:57 ERROR media.py:189: MediaWidget: Error setting thumbnail: y1 must be greater than or equal to y0
2024-11-06 16:41:57 ERROR media.py:189: MediaWidget: Error setting thumbnail: y1 must be greater than or equal to y0
2024-11-06 16:41:57 ERROR media.py:189: MediaWidget: Error setting thumbnail: y1 must be greater than or equal to y0
2024-11-06 16:41:57 ERROR media.py:189: MediaWidget: Error setting thumbnail: y1 must be greater than or equal to y0
2024-11-06 16:42:07 INFO event_listener.py:118: Komorebi connected to named pipe: yasb-d5e0fdbf-9c01-11ef-9b4f-e848b8c82000
2024-11-06 16:51:56 INFO weather.py:156: Fetched new weather data at 2024-11-06 16:51:56.127081
2024-11-06 16:51:57 INFO weather.py:156: Fetched new weather data at 2024-11-06 16:51:57.630406
2024-11-06 17:01:56 INFO weather.py:156: Fetched new weather data at 2024-11-06 17:01:56.122587
2024-11-06 17:01:57 INFO weather.py:156: Fetched new weather data at 2024-11-06 17:01:57.124571
2024-11-06 17:03:56 ERROR media.py:189: MediaWidget: Error setting thumbnail: y1 must be greater than or equal to y0
2024-11-06 17:03:56 ERROR media.py:189: MediaWidget: Error setting thumbnail: y1 must be greater than or equal to y0
2024-11-06 17:03:56 ERROR media.py:189: MediaWidget: Error setting thumbnail: y1 must be greater than or equal to y0
2024-11-06 17:03:56 ERROR media.py:189: MediaWidget: Error setting thumbnail: y1 must be greater than or equal to y0
2024-11-06 17:03:56 ERROR media.py:189: MediaWidget: Error setting thumbnail: y1 must be greater than or equal to y0
2024-11-06 17:03:56 ERROR media.py:189: MediaWidget: Error setting thumbnail: y1 must be greater than or equal to y0
2024-11-06 17:03:56 ERROR media.py:189: MediaWidget: Error setting thumbnail: y1 must be greater than or equal to y0
2024-11-06 17:03:56 ERROR media.py:189: MediaWidget: Error setting thumbnail: y1 must be greater than or equal to y0
2024-11-06 17:03:56 ERROR media.py:189: MediaWidget: Error setting thumbnail: y1 must be greater than or equal to y0
2024-11-06 17:03:56 ERROR media.py:189: MediaWidget: Error setting thumbnail: y1 must be greater than or equal to y0
2024-11-06 17:03:56 ERROR media.py:189: MediaWidget: Error setting thumbnail: y1 must be greater than or equal to y0
2024-11-06 17:03:56 ERROR media.py:189: MediaWidget: Error setting thumbnail: y1 must be greater than or equal to y0
2024-11-06 17:11:56 INFO weather.py:156: Fetched new weather data at 2024-11-06 17:11:56.121862
2024-11-06 17:11:57 INFO weather.py:156: Fetched new weather data at 2024-11-06 17:11:57.136892
2024-11-06 17:21:56 INFO weather.py:156: Fetched new weather data at 2024-11-06 17:21:56.035739
2024-11-06 17:21:56 INFO weather.py:156: Fetched new weather data at 2024-11-06 17:21:56.964107
2024-11-06 17:31:55 INFO weather.py:156: Fetched new weather data at 2024-11-06 17:31:55.925562
2024-11-06 17:31:56 INFO weather.py:156: Fetched new weather data at 2024-11-06 17:31:56.721548
2024-11-06 17:41:56 INFO weather.py:156: Fetched new weather data at 2024-11-06 17:41:56.299047
2024-11-06 17:41:56 INFO weather.py:156: Fetched new weather data at 2024-11-06 17:41:56.792182
2024-11-06 17:51:55 INFO weather.py:156: Fetched new weather data at 2024-11-06 17:51:55.767504
2024-11-06 17:51:56 INFO weather.py:156: Fetched new weather data at 2024-11-06 17:51:56.741518
2024-11-06 18:01:55 INFO weather.py:156: Fetched new weather data at 2024-11-06 18:01:55.709177
2024-11-06 18:01:56 INFO weather.py:156: Fetched new weather data at 2024-11-06 18:01:56.685870
2024-11-06 18:11:55 INFO weather.py:156: Fetched new weather data at 2024-11-06 18:11:55.655265
2024-11-06 18:11:56 INFO weather.py:156: Fetched new weather data at 2024-11-06 18:11:56.608528
2024-11-06 18:21:55 INFO weather.py:156: Fetched new weather data at 2024-11-06 18:21:55.610080
2024-11-06 18:21:56 INFO weather.py:156: Fetched new weather data at 2024-11-06 18:21:56.612508
2024-11-06 18:31:55 INFO weather.py:156: Fetched new weather data at 2024-11-06 18:31:55.573330
2024-11-06 18:31:56 INFO weather.py:156: Fetched new weather data at 2024-11-06 18:31:56.462810
2024-11-06 18:41:55 INFO weather.py:156: Fetched new weather data at 2024-11-06 18:41:55.543677
2024-11-06 18:41:57 INFO weather.py:156: Fetched new weather data at 2024-11-06 18:41:57.074501
2024-11-06 18:51:55 INFO weather.py:156: Fetched new weather data at 2024-11-06 18:51:55.519711
2024-11-06 18:51:56 INFO weather.py:156: Fetched new weather data at 2024-11-06 18:51:56.315417
2024-11-06 19:01:55 INFO weather.py:156: Fetched new weather data at 2024-11-06 19:01:55.495489
2024-11-06 19:01:56 INFO weather.py:156: Fetched new weather data at 2024-11-06 19:01:56.270542
2024-11-06 19:11:55 INFO weather.py:156: Fetched new weather data at 2024-11-06 19:11:55.922089
2024-11-06 19:11:56 INFO weather.py:156: Fetched new weather data at 2024-11-06 19:11:56.545303
2024-11-06 19:21:55 INFO weather.py:156: Fetched new weather data at 2024-11-06 19:21:55.460037
2024-11-06 19:21:56 INFO weather.py:156: Fetched new weather data at 2024-11-06 19:21:56.932901
2024-11-06 19:31:55 INFO weather.py:156: Fetched new weather data at 2024-11-06 19:31:55.440628
2024-11-06 19:31:56 INFO weather.py:156: Fetched new weather data at 2024-11-06 19:31:56.433323
2024-11-06 19:41:55 INFO weather.py:156: Fetched new weather data at 2024-11-06 19:41:55.428661
2024-11-06 19:41:56 INFO weather.py:156: Fetched new weather data at 2024-11-06 19:41:56.189226
2024-11-06 19:51:55 INFO weather.py:156: Fetched new weather data at 2024-11-06 19:51:55.415946
2024-11-06 19:51:56 INFO weather.py:156: Fetched new weather data at 2024-11-06 19:51:56.318456
2024-11-06 20:01:55 INFO weather.py:156: Fetched new weather data at 2024-11-06 20:01:55.403663
2024-11-06 20:01:56 INFO weather.py:156: Fetched new weather data at 2024-11-06 20:01:56.385790
2024-11-06 20:11:55 INFO weather.py:156: Fetched new weather data at 2024-11-06 20:11:55.394915
2024-11-06 20:11:56 INFO weather.py:156: Fetched new weather data at 2024-11-06 20:11:56.303289
2024-11-06 20:21:55 INFO weather.py:156: Fetched new weather data at 2024-11-06 20:21:55.383230
2024-11-06 20:21:56 INFO weather.py:156: Fetched new weather data at 2024-11-06 20:21:56.210903
2024-11-06 20:31:55 INFO weather.py:156: Fetched new weather data at 2024-11-06 20:31:55.374159
2024-11-06 20:31:56 INFO weather.py:156: Fetched new weather data at 2024-11-06 20:31:56.202365
2024-11-06 20:41:55 INFO weather.py:156: Fetched new weather data at 2024-11-06 20:41:55.368600
2024-11-06 20:41:56 INFO weather.py:156: Fetched new weather data at 2024-11-06 20:41:56.192311
2024-11-06 20:51:55 INFO weather.py:156: Fetched new weather data at 2024-11-06 20:51:55.360523
2024-11-06 20:51:56 INFO weather.py:156: Fetched new weather data at 2024-11-06 20:51:56.892508
2024-11-06 21:01:55 INFO weather.py:156: Fetched new weather data at 2024-11-06 21:01:55.354231
2024-11-06 21:01:56 INFO weather.py:156: Fetched new weather data at 2024-11-06 21:01:56.310301
2024-11-06 21:11:55 INFO weather.py:156: Fetched new weather data at 2024-11-06 21:11:55.344103
2024-11-06 21:11:56 INFO weather.py:156: Fetched new weather data at 2024-11-06 21:11:56.305415
2024-11-06 21:21:55 INFO weather.py:156: Fetched new weather data at 2024-11-06 21:21:55.340940
2024-11-06 21:21:56 INFO weather.py:156: Fetched new weather data at 2024-11-06 21:21:56.175027
2024-11-06 21:30:08 ERROR media.py:189: MediaWidget: Error setting thumbnail: y1 must be greater than or equal to y0
2024-11-06 21:30:08 ERROR media.py:189: MediaWidget: Error setting thumbnail: y1 must be greater than or equal to y0
2024-11-06 21:30:13 WARNING event_listener.py:83: Pipe has been ended: (109, 'PeekNamedPipe', 'The pipe has been ended.')
2024-11-06 21:30:13 INFO event_listener.py:93: Attempting to reconnect...
2024-11-07 12:42:16 INFO log.py:21: Yasb
2024-11-07 12:42:17 ERROR errorhandler.py:105: Property: Invalid value for "CSS Level 2.1" property: "#f8f8f2" [6:5: color]
2024-11-07 12:42:17 ERROR errorhandler.py:105: Property: Invalid value for "CSS Level 2.1" property: "#a1efe4" [50:5: color]
2024-11-07 12:42:17 ERROR errorhandler.py:105: Property: Invalid value for "CSS Level 2.1" property: "#f8f8f2" [63:5: color]
2024-11-07 12:42:17 ERROR errorhandler.py:105: Property: Invalid value for "CSS Level 2.1" property: "#f8f8f2" [67:5: color]
2024-11-07 12:42:17 ERROR errorhandler.py:105: Property: Invalid value for "CSS Level 2.1" property: "#f8f8f2" [72:5: color]
2024-11-07 12:42:17 ERROR errorhandler.py:105: Property: Invalid value for "CSS Level 2.1" property: "#f8f8f2" [119:5: color]
2024-11-07 12:42:17 ERROR errorhandler.py:105: Property: Invalid value for "CSS Level 2.1" property: "#272822" [137:5: color]
2024-11-07 12:42:17 DEBUG win32.py:58: Looking up time zone info from registry
2024-11-07 12:42:21 INFO weather.py:156: Fetched new weather data at 2024-11-07 12:42:21.051313
2024-11-07 12:42:21 DEBUG __init__.py:143: CoInitializeEx(None, 2)
2024-11-07 12:42:22 INFO weather.py:156: Fetched new weather data at 2024-11-07 12:42:22.033868
2024-11-07 12:42:22 INFO event_listener.py:52: Created named pipe yasb-88443b8c-9ca9-11ef-b959-e848b8c82000
2024-11-07 12:42:22 INFO event_listener.py:106: Waiting for Komorebi to subscribe to named pipe yasb-88443b8c-9ca9-11ef-b959-e848b8c82000
2024-11-07 12:42:22 INFO watcher.py:39: Created file watcher for path C:\Users\jojat\.config\yasb
2024-11-07 12:42:22 DEBUG _windows.py:213: Starting (proactor: <_IocpProactor overlapped#=0 result#=0>)...
2024-11-07 12:42:22 DEBUG _windows.py:192: Thread started
2024-11-07 12:42:22 INFO event_listener.py:118: Komorebi connected to named pipe: yasb-88443b8c-9ca9-11ef-b959-e848b8c82000
2024-11-07 12:52:21 INFO weather.py:156: Fetched new weather data at 2024-11-07 12:52:21.001144
2024-11-07 12:52:22 INFO weather.py:156: Fetched new weather data at 2024-11-07 12:52:22.070527
2024-11-07 13:02:20 INFO weather.py:156: Fetched new weather data at 2024-11-07 13:02:20.962190
2024-11-07 13:02:22 INFO weather.py:156: Fetched new weather data at 2024-11-07 13:02:22.090485
2024-11-07 13:12:20 INFO weather.py:156: Fetched new weather data at 2024-11-07 13:12:20.932513
2024-11-07 13:12:22 INFO weather.py:156: Fetched new weather data at 2024-11-07 13:12:22.029416
2024-11-07 13:22:20 INFO weather.py:156: Fetched new weather data at 2024-11-07 13:22:20.908828
2024-11-07 13:22:22 INFO weather.py:156: Fetched new weather data at 2024-11-07 13:22:22.055249
2024-11-07 13:31:13 ERROR media.py:189: MediaWidget: Error setting thumbnail: y1 must be greater than or equal to y0
2024-11-07 13:31:13 ERROR media.py:189: MediaWidget: Error setting thumbnail: y1 must be greater than or equal to y0
2024-11-07 13:31:31 ERROR media.py:189: MediaWidget: Error setting thumbnail: y1 must be greater than or equal to y0
2024-11-07 13:31:31 ERROR media.py:189: MediaWidget: Error setting thumbnail: y1 must be greater than or equal to y0
2024-11-07 13:31:31 ERROR media.py:189: MediaWidget: Error setting thumbnail: y1 must be greater than or equal to y0
2024-11-07 13:31:31 ERROR media.py:189: MediaWidget: Error setting thumbnail: y1 must be greater than or equal to y0
2024-11-07 13:31:32 ERROR media.py:189: MediaWidget: Error setting thumbnail: y1 must be greater than or equal to y0
2024-11-07 13:31:32 ERROR media.py:189: MediaWidget: Error setting thumbnail: y1 must be greater than or equal to y0
2024-11-07 13:31:32 ERROR media.py:189: MediaWidget: Error setting thumbnail: y1 must be greater than or equal to y0
2024-11-07 13:31:32 ERROR media.py:189: MediaWidget: Error setting thumbnail: y1 must be greater than or equal to y0
2024-11-07 13:32:18 ERROR media.py:189: MediaWidget: Error setting thumbnail: y1 must be greater than or equal to y0
2024-11-07 13:32:18 ERROR media.py:189: MediaWidget: Error setting thumbnail: y1 must be greater than or equal to y0
2024-11-07 13:32:18 ERROR media.py:189: MediaWidget: Error setting thumbnail: y1 must be greater than or equal to y0
2024-11-07 13:32:18 ERROR media.py:189: MediaWidget: Error setting thumbnail: y1 must be greater than or equal to y0
2024-11-07 13:32:18 ERROR media.py:189: MediaWidget: Error setting thumbnail: y1 must be greater than or equal to y0
2024-11-07 13:32:18 ERROR media.py:189: MediaWidget: Error setting thumbnail: y1 must be greater than or equal to y0
2024-11-07 13:32:18 ERROR media.py:189: MediaWidget: Error setting thumbnail: y1 must be greater than or equal to y0
2024-11-07 13:32:18 ERROR media.py:189: MediaWidget: Error setting thumbnail: y1 must be greater than or equal to y0
2024-11-07 13:32:20 INFO weather.py:156: Fetched new weather data at 2024-11-07 13:32:20.890125
2024-11-07 13:32:21 INFO weather.py:156: Fetched new weather data at 2024-11-07 13:32:21.977259
2024-11-07 13:42:20 INFO weather.py:156: Fetched new weather data at 2024-11-07 13:42:20.875794
2024-11-07 13:42:22 INFO weather.py:156: Fetched new weather data at 2024-11-07 13:42:22.760621
2024-11-07 13:52:20 INFO weather.py:156: Fetched new weather data at 2024-11-07 13:52:20.863340
2024-11-07 13:52:22 INFO weather.py:156: Fetched new weather data at 2024-11-07 13:52:22.097654
2024-11-07 14:02:20 INFO weather.py:156: Fetched new weather data at 2024-11-07 14:02:20.849596
2024-11-07 14:02:22 INFO weather.py:156: Fetched new weather data at 2024-11-07 14:02:22.123669
2024-11-07 14:12:20 INFO weather.py:156: Fetched new weather data at 2024-11-07 14:12:20.840736
2024-11-07 14:12:22 INFO weather.py:156: Fetched new weather data at 2024-11-07 14:12:22.170089
2024-11-07 14:22:20 INFO weather.py:156: Fetched new weather data at 2024-11-07 14:22:20.834132
2024-11-07 14:22:21 INFO weather.py:156: Fetched new weather data at 2024-11-07 14:22:21.973161
2024-11-07 14:32:20 INFO weather.py:156: Fetched new weather data at 2024-11-07 14:32:20.827210
2024-11-07 14:32:22 INFO weather.py:156: Fetched new weather data at 2024-11-07 14:32:22.027686
2024-11-07 14:35:14 WARNING event_listener.py:83: Pipe has been ended: (109, 'PeekNamedPipe', 'The pipe has been ended.')
2024-11-07 14:35:14 INFO event_listener.py:93: Attempting to reconnect...
2024-11-07 14:35:17 INFO tray.py:205: Exiting Application from tray...
2024-11-07 14:35:17 DEBUG _windows.py:218: Stopping worker thread...
2024-11-07 14:35:17 DEBUG _windows.py:201: Exiting thread
2024-11-07 14:35:17 DEBUG _windows.py:75: Closing
2024-11-08 13:03:46 INFO log.py:21: Yasb
2024-11-08 13:03:46 ERROR errorhandler.py:105: Property: Invalid value for "CSS Level 2.1" property: "#f8f8f2" [6:5: color]
2024-11-08 13:03:46 ERROR errorhandler.py:105: Property: Invalid value for "CSS Level 2.1" property: "#a1efe4" [50:5: color]
2024-11-08 13:03:46 ERROR errorhandler.py:105: Property: Invalid value for "CSS Level 2.1" property: "#f8f8f2" [63:5: color]
2024-11-08 13:03:46 ERROR errorhandler.py:105: Property: Invalid value for "CSS Level 2.1" property: "#f8f8f2" [67:5: color]
2024-11-08 13:03:46 ERROR errorhandler.py:105: Property: Invalid value for "CSS Level 2.1" property: "#f8f8f2" [72:5: color]
2024-11-08 13:03:46 ERROR errorhandler.py:105: Property: Invalid value for "CSS Level 2.1" property: "#f8f8f2" [119:5: color]
2024-11-08 13:03:46 ERROR errorhandler.py:105: Property: Invalid value for "CSS Level 2.1" property: "#272822" [137:5: color]
2024-11-08 13:03:47 DEBUG win32.py:58: Looking up time zone info from registry
2024-11-08 13:03:50 INFO weather.py:156: Fetched new weather data at 2024-11-08 13:03:49.999857
2024-11-08 13:03:50 DEBUG __init__.py:143: CoInitializeEx(None, 2)
2024-11-08 13:03:50 INFO weather.py:156: Fetched new weather data at 2024-11-08 13:03:50.941439
2024-11-08 13:03:51 INFO event_listener.py:52: Created named pipe yasb-b2edd289-9d75-11ef-8140-e848b8c82000
2024-11-08 13:03:51 INFO event_listener.py:106: Waiting for Komorebi to subscribe to named pipe yasb-b2edd289-9d75-11ef-8140-e848b8c82000
2024-11-08 13:03:51 INFO watcher.py:39: Created file watcher for path C:\Users\jojat\.config\yasb
2024-11-08 13:03:51 DEBUG _windows.py:213: Starting (proactor: <_IocpProactor overlapped#=0 result#=0>)...
2024-11-08 13:03:51 DEBUG _windows.py:192: Thread started
2024-11-08 13:03:51 WARNING event_listener.py:111: Komorebi failed to subscribe named pipe. Waiting for subscription...
2024-11-08 13:03:51 ERROR media.py:189: MediaWidget: Error setting thumbnail: y1 must be greater than or equal to y0
2024-11-08 13:03:51 ERROR media.py:189: MediaWidget: Error setting thumbnail: y1 must be greater than or equal to y0
2024-11-08 13:03:51 ERROR media.py:189: MediaWidget: Error setting thumbnail: y1 must be greater than or equal to y0
2024-11-08 13:03:51 ERROR media.py:189: MediaWidget: Error setting thumbnail: y1 must be greater than or equal to y0
2024-11-08 13:04:31 INFO event_listener.py:118: Komorebi connected to named pipe: yasb-b2edd289-9d75-11ef-8140-e848b8c82000
2024-11-08 13:08:59 ERROR media.py:189: MediaWidget: Error setting thumbnail: y1 must be greater than or equal to y0
2024-11-08 13:08:59 ERROR media.py:189: MediaWidget: Error setting thumbnail: y1 must be greater than or equal to y0
2024-11-08 13:08:59 ERROR media.py:189: MediaWidget: Error setting thumbnail: y1 must be greater than or equal to y0
2024-11-08 13:08:59 ERROR media.py:189: MediaWidget: Error setting thumbnail: y1 must be greater than or equal to y0
2024-11-08 13:08:59 ERROR media.py:189: MediaWidget: Error setting thumbnail: y1 must be greater than or equal to y0
2024-11-08 13:08:59 ERROR media.py:189: MediaWidget: Error setting thumbnail: y1 must be greater than or equal to y0
2024-11-08 13:08:59 ERROR media.py:189: MediaWidget: Error setting thumbnail: y1 must be greater than or equal to y0
2024-11-08 13:08:59 ERROR media.py:189: MediaWidget: Error setting thumbnail: y1 must be greater than or equal to y0
2024-11-08 13:08:59 ERROR media.py:189: MediaWidget: Error setting thumbnail: y1 must be greater than or equal to y0
2024-11-08 13:08:59 ERROR media.py:189: MediaWidget: Error setting thumbnail: y1 must be greater than or equal to y0
2024-11-08 13:08:59 ERROR media.py:189: MediaWidget: Error setting thumbnail: y1 must be greater than or equal to y0
2024-11-08 13:08:59 ERROR media.py:189: MediaWidget: Error setting thumbnail: y1 must be greater than or equal to y0
2024-11-08 13:11:40 ERROR media.py:189: MediaWidget: Error setting thumbnail: y1 must be greater than or equal to y0
2024-11-08 13:11:40 ERROR media.py:189: MediaWidget: Error setting thumbnail: y1 must be greater than or equal to y0
2024-11-08 13:11:40 ERROR media.py:189: MediaWidget: Error setting thumbnail: y1 must be greater than or equal to y0
2024-11-08 13:11:40 ERROR media.py:189: MediaWidget: Error setting thumbnail: y1 must be greater than or equal to y0
2024-11-08 13:13:49 INFO weather.py:156: Fetched new weather data at 2024-11-08 13:13:49.906065
2024-11-08 13:13:50 INFO weather.py:156: Fetched new weather data at 2024-11-08 13:13:50.997117
2024-11-08 13:23:49 INFO weather.py:156: Fetched new weather data at 2024-11-08 13:23:49.800914
2024-11-08 13:23:50 INFO weather.py:156: Fetched new weather data at 2024-11-08 13:23:50.841467
2024-11-08 13:26:23 ERROR media.py:189: MediaWidget: Error setting thumbnail: y1 must be greater than or equal to y0
2024-11-08 13:26:23 ERROR media.py:189: MediaWidget: Error setting thumbnail: y1 must be greater than or equal to y0
2024-11-08 13:26:23 ERROR media.py:189: MediaWidget: Error setting thumbnail: y1 must be greater than or equal to y0
2024-11-08 13:26:23 ERROR media.py:189: MediaWidget: Error setting thumbnail: y1 must be greater than or equal to y0
2024-11-08 13:33:49 INFO weather.py:156: Fetched new weather data at 2024-11-08 13:33:49.725890
2024-11-08 13:33:50 INFO weather.py:156: Fetched new weather data at 2024-11-08 13:33:50.909471
2024-11-08 13:43:49 INFO weather.py:156: Fetched new weather data at 2024-11-08 13:43:49.659891
2024-11-08 13:43:50 INFO weather.py:156: Fetched new weather data at 2024-11-08 13:43:50.845860
2024-11-08 13:53:49 INFO weather.py:156: Fetched new weather data at 2024-11-08 13:53:49.605985
2024-11-08 13:53:50 INFO weather.py:156: Fetched new weather data at 2024-11-08 13:53:50.644005
2024-11-08 13:55:07 ERROR media.py:189: MediaWidget: Error setting thumbnail: y1 must be greater than or equal to y0
2024-11-08 13:55:07 ERROR media.py:189: MediaWidget: Error setting thumbnail: y1 must be greater than or equal to y0
2024-11-08 13:55:07 ERROR media.py:189: MediaWidget: Error setting thumbnail: y1 must be greater than or equal to y0
2024-11-08 13:55:07 ERROR media.py:189: MediaWidget: Error setting thumbnail: y1 must be greater than or equal to y0
2024-11-08 14:03:49 INFO weather.py:156: Fetched new weather data at 2024-11-08 14:03:49.558380
2024-11-08 14:03:50 INFO weather.py:156: Fetched new weather data at 2024-11-08 14:03:50.741721
2024-11-08 14:13:49 INFO weather.py:156: Fetched new weather data at 2024-11-08 14:13:49.519634
2024-11-08 14:13:50 INFO weather.py:156: Fetched new weather data at 2024-11-08 14:13:50.657152
2024-11-08 14:23:49 INFO weather.py:156: Fetched new weather data at 2024-11-08 14:23:49.491667
2024-11-08 14:23:50 INFO weather.py:156: Fetched new weather data at 2024-11-08 14:23:50.632707
2024-11-08 14:33:49 INFO weather.py:156: Fetched new weather data at 2024-11-08 14:33:49.466367
2024-11-08 14:33:51 INFO weather.py:156: Fetched new weather data at 2024-11-08 14:33:51.318078
2024-11-08 14:43:49 INFO weather.py:156: Fetched new weather data at 2024-11-08 14:43:49.445101
2024-11-08 14:43:50 INFO weather.py:156: Fetched new weather data at 2024-11-08 14:43:50.594951
2024-11-08 14:53:49 INFO weather.py:156: Fetched new weather data at 2024-11-08 14:53:49.428087
2024-11-08 14:53:50 INFO weather.py:156: Fetched new weather data at 2024-11-08 14:53:50.601577
2024-11-08 14:58:18 ERROR media.py:189: MediaWidget: Error setting thumbnail: y1 must be greater than or equal to y0
2024-11-08 14:58:18 ERROR media.py:189: MediaWidget: Error setting thumbnail: y1 must be greater than or equal to y0
2024-11-08 14:58:18 ERROR media.py:189: MediaWidget: Error setting thumbnail: y1 must be greater than or equal to y0
2024-11-08 14:58:18 ERROR media.py:189: MediaWidget: Error setting thumbnail: y1 must be greater than or equal to y0
2024-11-08 14:58:55 ERROR media.py:189: MediaWidget: Error setting thumbnail: y1 must be greater than or equal to y0
2024-11-08 14:58:55 ERROR media.py:189: MediaWidget: Error setting thumbnail: y1 must be greater than or equal to y0
2024-11-08 14:58:55 ERROR media.py:189: MediaWidget: Error setting thumbnail: y1 must be greater than or equal to y0
2024-11-08 14:58:55 ERROR media.py:189: MediaWidget: Error setting thumbnail: y1 must be greater than or equal to y0
2024-11-08 15:03:49 INFO weather.py:156: Fetched new weather data at 2024-11-08 15:03:49.414601
2024-11-08 15:03:50 INFO weather.py:156: Fetched new weather data at 2024-11-08 15:03:50.553383
2024-11-08 15:13:49 INFO weather.py:156: Fetched new weather data at 2024-11-08 15:13:49.406272
2024-11-08 15:13:50 INFO weather.py:156: Fetched new weather data at 2024-11-08 15:13:50.664332
2024-11-08 15:21:51 ERROR media.py:189: MediaWidget: Error setting thumbnail: y1 must be greater than or equal to y0
2024-11-08 15:21:51 ERROR media.py:189: MediaWidget: Error setting thumbnail: y1 must be greater than or equal to y0
2024-11-08 15:21:51 ERROR media.py:189: MediaWidget: Error setting thumbnail: y1 must be greater than or equal to y0
2024-11-08 15:21:51 ERROR media.py:189: MediaWidget: Error setting thumbnail: y1 must be greater than or equal to y0
2024-11-08 15:23:49 INFO weather.py:156: Fetched new weather data at 2024-11-08 15:23:49.395500
2024-11-08 15:23:50 INFO weather.py:156: Fetched new weather data at 2024-11-08 15:23:50.535067
2024-11-08 15:33:49 INFO weather.py:156: Fetched new weather data at 2024-11-08 15:33:49.386110
2024-11-08 15:33:51 INFO weather.py:156: Fetched new weather data at 2024-11-08 15:33:51.126582
2024-11-08 15:43:49 INFO weather.py:156: Fetched new weather data at 2024-11-08 15:43:49.381725
2024-11-08 15:43:51 INFO weather.py:156: Fetched new weather data at 2024-11-08 15:43:51.182095
2024-11-08 15:53:49 INFO weather.py:156: Fetched new weather data at 2024-11-08 15:53:49.374488
2024-11-08 15:53:50 INFO weather.py:156: Fetched new weather data at 2024-11-08 15:53:50.437065
2024-11-08 16:03:49 INFO weather.py:156: Fetched new weather data at 2024-11-08 16:03:49.372335
2024-11-08 16:03:50 INFO weather.py:156: Fetched new weather data at 2024-11-08 16:03:50.441390
2024-11-08 16:13:49 INFO weather.py:156: Fetched new weather data at 2024-11-08 16:13:49.368398
2024-11-08 16:13:50 INFO weather.py:156: Fetched new weather data at 2024-11-08 16:13:50.685496
2024-11-08 16:23:49 INFO weather.py:156: Fetched new weather data at 2024-11-08 16:23:49.366320
2024-11-08 16:23:50 INFO weather.py:156: Fetched new weather data at 2024-11-08 16:23:50.598587
2024-11-08 16:33:49 INFO weather.py:156: Fetched new weather data at 2024-11-08 16:33:49.362256
2024-11-08 16:33:50 INFO weather.py:156: Fetched new weather data at 2024-11-08 16:33:50.473502
2024-11-08 16:43:49 INFO weather.py:156: Fetched new weather data at 2024-11-08 16:43:49.362586
2024-11-08 16:43:50 INFO weather.py:156: Fetched new weather data at 2024-11-08 16:43:50.547747
2024-11-08 16:53:49 INFO weather.py:156: Fetched new weather data at 2024-11-08 16:53:49.361299
2024-11-08 16:53:50 INFO weather.py:156: Fetched new weather data at 2024-11-08 16:53:50.590676
2024-11-08 17:00:05 WARNING event_listener.py:83: Pipe has been ended: (109, 'PeekNamedPipe', 'The pipe has been ended.')
2024-11-08 17:00:05 INFO event_listener.py:93: Attempting to reconnect...
2024-11-08 17:00:08 INFO tray.py:205: Exiting Application from tray...
2024-11-08 17:00:08 DEBUG _windows.py:218: Stopping worker thread...
2024-11-08 17:00:08 DEBUG _windows.py:201: Exiting thread
2024-11-08 17:00:08 DEBUG _windows.py:75: Closing
2024-11-11 17:44:27 INFO log.py:21: Yasb
2024-11-11 17:44:27 ERROR errorhandler.py:105: Property: Invalid value for "CSS Level 2.1" property: "#f8f8f2" [6:5: color]
2024-11-11 17:44:27 ERROR errorhandler.py:105: Property: Invalid value for "CSS Level 2.1" property: "#a1efe4" [50:5: color]
2024-11-11 17:44:27 ERROR errorhandler.py:105: Property: Invalid value for "CSS Level 2.1" property: "#f8f8f2" [63:5: color]
2024-11-11 17:44:27 ERROR errorhandler.py:105: Property: Invalid value for "CSS Level 2.1" property: "#f8f8f2" [67:5: color]
2024-11-11 17:44:27 ERROR errorhandler.py:105: Property: Invalid value for "CSS Level 2.1" property: "#f8f8f2" [72:5: color]
2024-11-11 17:44:27 ERROR errorhandler.py:105: Property: Invalid value for "CSS Level 2.1" property: "#f8f8f2" [119:5: color]
2024-11-11 17:44:27 ERROR errorhandler.py:105: Property: Invalid value for "CSS Level 2.1" property: "#272822" [137:5: color]
2024-11-11 17:44:27 DEBUG win32.py:58: Looking up time zone info from registry
2024-11-11 17:44:30 INFO weather.py:156: Fetched new weather data at 2024-11-11 17:44:30.470773
2024-11-11 17:44:30 DEBUG __init__.py:143: CoInitializeEx(None, 2)
2024-11-11 17:44:31 INFO weather.py:156: Fetched new weather data at 2024-11-11 17:44:31.529687
2024-11-11 17:44:31 INFO event_listener.py:52: Created named pipe yasb-67f38442-9ff8-11ef-bea6-e848b8c82000
2024-11-11 17:44:31 INFO event_listener.py:106: Waiting for Komorebi to subscribe to named pipe yasb-67f38442-9ff8-11ef-bea6-e848b8c82000
2024-11-11 17:44:31 INFO watcher.py:39: Created file watcher for path C:\Users\jojat\.config\yasb
2024-11-11 17:44:31 DEBUG _windows.py:213: Starting (proactor: <_IocpProactor overlapped#=0 result#=0>)...
2024-11-11 17:44:31 DEBUG _windows.py:192: Thread started
2024-11-11 17:44:31 WARNING event_listener.py:111: Komorebi failed to subscribe named pipe. Waiting for subscription...
2024-11-11 17:44:32 ERROR media.py:189: MediaWidget: Error setting thumbnail: y1 must be greater than or equal to y0
2024-11-11 17:44:32 ERROR media.py:189: MediaWidget: Error setting thumbnail: y1 must be greater than or equal to y0
2024-11-11 17:44:32 ERROR media.py:189: MediaWidget: Error setting thumbnail: y1 must be greater than or equal to y0
2024-11-11 17:44:32 ERROR media.py:189: MediaWidget: Error setting thumbnail: y1 must be greater than or equal to y0
2024-11-11 17:44:34 ERROR errorhandler.py:105: Property: Invalid value for "CSS Level 2.1" property: "#f8f8f2" [6:5: color]
2024-11-11 17:44:34 ERROR errorhandler.py:105: Property: Invalid value for "CSS Level 2.1" property: "#a1efe4" [50:5: color]
2024-11-11 17:44:34 ERROR errorhandler.py:105: Property: Invalid value for "CSS Level 2.1" property: "#f8f8f2" [63:5: color]
2024-11-11 17:44:34 ERROR errorhandler.py:105: Property: Invalid value for "CSS Level 2.1" property: "#f8f8f2" [67:5: color]
2024-11-11 17:44:34 ERROR errorhandler.py:105: Property: Invalid value for "CSS Level 2.1" property: "#f8f8f2" [72:5: color]
2024-11-11 17:44:34 ERROR errorhandler.py:105: Property: Invalid value for "CSS Level 2.1" property: "#f8f8f2" [119:5: color]
2024-11-11 17:44:34 ERROR errorhandler.py:105: Property: Invalid value for "CSS Level 2.1" property: "#272822" [137:5: color]
2024-11-11 17:44:34 ERROR errorhandler.py:105: Property: Invalid value for "CSS Level 2.1" property: "#f8f8f2" [6:5: color]
2024-11-11 17:44:34 ERROR errorhandler.py:105: Property: Invalid value for "CSS Level 2.1" property: "#a1efe4" [50:5: color]
2024-11-11 17:44:34 ERROR errorhandler.py:105: Property: Invalid value for "CSS Level 2.1" property: "#f8f8f2" [63:5: color]
2024-11-11 17:44:34 ERROR errorhandler.py:105: Property: Invalid value for "CSS Level 2.1" property: "#f8f8f2" [67:5: color]
2024-11-11 17:44:34 ERROR errorhandler.py:105: Property: Invalid value for "CSS Level 2.1" property: "#f8f8f2" [72:5: color]
2024-11-11 17:44:34 ERROR errorhandler.py:105: Property: Invalid value for "CSS Level 2.1" property: "#f8f8f2" [119:5: color]
2024-11-11 17:44:34 ERROR errorhandler.py:105: Property: Invalid value for "CSS Level 2.1" property: "#272822" [137:5: color]
2024-11-11 17:44:34 ERROR errorhandler.py:105: Property: Invalid value for "CSS Level 2.1" property: "#f8f8f2" [6:5: color]
2024-11-11 17:44:34 ERROR errorhandler.py:105: Property: Invalid value for "CSS Level 2.1" property: "#a1efe4" [50:5: color]
2024-11-11 17:44:34 ERROR errorhandler.py:105: Property: Invalid value for "CSS Level 2.1" property: "#f8f8f2" [63:5: color]
2024-11-11 17:44:34 ERROR errorhandler.py:105: Property: Invalid value for "CSS Level 2.1" property: "#f8f8f2" [67:5: color]
2024-11-11 17:44:34 ERROR errorhandler.py:105: Property: Invalid value for "CSS Level 2.1" property: "#f8f8f2" [72:5: color]
2024-11-11 17:44:34 ERROR errorhandler.py:105: Property: Invalid value for "CSS Level 2.1" property: "#f8f8f2" [119:5: color]
2024-11-11 17:44:34 ERROR errorhandler.py:105: Property: Invalid value for "CSS Level 2.1" property: "#272822" [137:5: color]
2024-11-11 17:44:35 ERROR errorhandler.py:105: Property: Invalid value for "CSS Level 2.1" property: "#f8f8f2" [6:5: color]
2024-11-11 17:44:35 ERROR errorhandler.py:105: Property: Invalid value for "CSS Level 2.1" property: "#a1efe4" [50:5: color]
2024-11-11 17:44:35 ERROR errorhandler.py:105: Property: Invalid value for "CSS Level 2.1" property: "#f8f8f2" [63:5: color]
2024-11-11 17:44:35 ERROR errorhandler.py:105: Property: Invalid value for "CSS Level 2.1" property: "#f8f8f2" [67:5: color]
2024-11-11 17:44:35 ERROR errorhandler.py:105: Property: Invalid value for "CSS Level 2.1" property: "#f8f8f2" [72:5: color]
2024-11-11 17:44:35 ERROR errorhandler.py:105: Property: Invalid value for "CSS Level 2.1" property: "#f8f8f2" [119:5: color]
2024-11-11 17:44:35 ERROR errorhandler.py:105: Property: Invalid value for "CSS Level 2.1" property: "#272822" [137:5: color]
2024-11-11 17:44:35 ERROR errorhandler.py:105: Property: Invalid value for "CSS Level 2.1" property: "#f8f8f2" [6:5: color]
2024-11-11 17:44:35 ERROR errorhandler.py:105: Property: Invalid value for "CSS Level 2.1" property: "#a1efe4" [50:5: color]
2024-11-11 17:44:35 ERROR errorhandler.py:105: Property: Invalid value for "CSS Level 2.1" property: "#f8f8f2" [63:5: color]
2024-11-11 17:44:35 ERROR errorhandler.py:105: Property: Invalid value for "CSS Level 2.1" property: "#f8f8f2" [67:5: color]
2024-11-11 17:44:35 ERROR errorhandler.py:105: Property: Invalid value for "CSS Level 2.1" property: "#f8f8f2" [72:5: color]
2024-11-11 17:44:35 ERROR errorhandler.py:105: Property: Invalid value for "CSS Level 2.1" property: "#f8f8f2" [119:5: color]
2024-11-11 17:44:35 ERROR errorhandler.py:105: Property: Invalid value for "CSS Level 2.1" property: "#272822" [137:5: color]
2024-11-11 17:44:35 ERROR errorhandler.py:105: Property: Invalid value for "CSS Level 2.1" property: "#f8f8f2" [6:5: color]
2024-11-11 17:44:35 ERROR errorhandler.py:105: Property: Invalid value for "CSS Level 2.1" property: "#a1efe4" [50:5: color]
2024-11-11 17:44:35 ERROR errorhandler.py:105: Property: Invalid value for "CSS Level 2.1" property: "#f8f8f2" [63:5: color]
2024-11-11 17:44:35 ERROR errorhandler.py:105: Property: Invalid value for "CSS Level 2.1" property: "#f8f8f2" [67:5: color]
2024-11-11 17:44:35 ERROR errorhandler.py:105: Property: Invalid value for "CSS Level 2.1" property: "#f8f8f2" [72:5: color]
2024-11-11 17:44:35 ERROR errorhandler.py:105: Property: Invalid value for "CSS Level 2.1" property: "#f8f8f2" [119:5: color]
2024-11-11 17:44:35 ERROR errorhandler.py:105: Property: Invalid value for "CSS Level 2.1" property: "#272822" [137:5: color]
2024-11-11 17:44:35 ERROR errorhandler.py:105: Property: Invalid value for "CSS Level 2.1" property: "#f8f8f2" [6:5: color]
2024-11-11 17:44:35 ERROR errorhandler.py:105: Property: Invalid value for "CSS Level 2.1" property: "#a1efe4" [50:5: color]
2024-11-11 17:44:35 ERROR errorhandler.py:105: Property: Invalid value for "CSS Level 2.1" property: "#f8f8f2" [63:5: color]
2024-11-11 17:44:35 ERROR errorhandler.py:105: Property: Invalid value for "CSS Level 2.1" property: "#f8f8f2" [67:5: color]
2024-11-11 17:44:35 ERROR errorhandler.py:105: Property: Invalid value for "CSS Level 2.1" property: "#f8f8f2" [72:5: color]
2024-11-11 17:44:35 ERROR errorhandler.py:105: Property: Invalid value for "CSS Level 2.1" property: "#f8f8f2" [119:5: color]
2024-11-11 17:44:35 ERROR errorhandler.py:105: Property: Invalid value for "CSS Level 2.1" property: "#272822" [137:5: color]
2024-11-11 17:44:48 ERROR media.py:189: MediaWidget: Error setting thumbnail: y1 must be greater than or equal to y0
2024-11-11 17:44:48 ERROR media.py:189: MediaWidget: Error setting thumbnail: y1 must be greater than or equal to y0
2024-11-11 17:44:48 ERROR media.py:189: MediaWidget: Error setting thumbnail: y1 must be greater than or equal to y0
2024-11-11 17:44:48 ERROR media.py:189: MediaWidget: Error setting thumbnail: y1 must be greater than or equal to y0
2024-11-11 17:48:14 ERROR media.py:189: MediaWidget: Error setting thumbnail: y1 must be greater than or equal to y0
2024-11-11 17:48:14 ERROR media.py:189: MediaWidget: Error setting thumbnail: y1 must be greater than or equal to y0
2024-11-11 17:48:14 ERROR media.py:189: MediaWidget: Error setting thumbnail: y1 must be greater than or equal to y0
2024-11-11 17:48:14 ERROR media.py:189: MediaWidget: Error setting thumbnail: y1 must be greater than or equal to y0
2024-11-11 17:51:28 ERROR media.py:189: MediaWidget: Error setting thumbnail: y1 must be greater than or equal to y0
2024-11-11 17:51:28 ERROR media.py:189: MediaWidget: Error setting thumbnail: y1 must be greater than or equal to y0
2024-11-11 17:51:28 ERROR media.py:189: MediaWidget: Error setting thumbnail: y1 must be greater than or equal to y0
2024-11-11 17:51:28 ERROR media.py:189: MediaWidget: Error setting thumbnail: y1 must be greater than or equal to y0
2024-11-11 17:51:35 ERROR media.py:189: MediaWidget: Error setting thumbnail: y1 must be greater than or equal to y0
2024-11-11 17:51:35 ERROR media.py:189: MediaWidget: Error setting thumbnail: y1 must be greater than or equal to y0
2024-11-11 17:51:35 ERROR media.py:189: MediaWidget: Error setting thumbnail: y1 must be greater than or equal to y0
2024-11-11 17:51:35 ERROR media.py:189: MediaWidget: Error setting thumbnail: y1 must be greater than or equal to y0
2024-11-11 17:51:50 ERROR media.py:189: MediaWidget: Error setting thumbnail: y1 must be greater than or equal to y0
2024-11-11 17:51:50 ERROR media.py:189: MediaWidget: Error setting thumbnail: y1 must be greater than or equal to y0
2024-11-11 17:51:50 ERROR media.py:189: MediaWidget: Error setting thumbnail: y1 must be greater than or equal to y0
2024-11-11 17:51:50 ERROR media.py:189: MediaWidget: Error setting thumbnail: y1 must be greater than or equal to y0
2024-11-11 17:52:00 ERROR media.py:189: MediaWidget: Error setting thumbnail: y1 must be greater than or equal to y0
2024-11-11 17:52:00 ERROR media.py:189: MediaWidget: Error setting thumbnail: y1 must be greater than or equal to y0
2024-11-11 17:52:00 ERROR media.py:189: MediaWidget: Error setting thumbnail: y1 must be greater than or equal to y0
2024-11-11 17:52:00 ERROR media.py:189: MediaWidget: Error setting thumbnail: y1 must be greater than or equal to y0
2024-11-11 17:52:07 ERROR media.py:189: MediaWidget: Error setting thumbnail: y1 must be greater than or equal to y0
2024-11-11 17:52:07 ERROR media.py:189: MediaWidget: Error setting thumbnail: y1 must be greater than or equal to y0
2024-11-11 17:52:07 ERROR media.py:189: MediaWidget: Error setting thumbnail: y1 must be greater than or equal to y0
2024-11-11 17:52:07 ERROR media.py:189: MediaWidget: Error setting thumbnail: y1 must be greater than or equal to y0
2024-11-11 17:52:10 ERROR media.py:189: MediaWidget: Error setting thumbnail: y1 must be greater than or equal to y0
2024-11-11 17:52:10 ERROR media.py:189: MediaWidget: Error setting thumbnail: y1 must be greater than or equal to y0
2024-11-11 17:52:10 ERROR media.py:189: MediaWidget: Error setting thumbnail: y1 must be greater than or equal to y0
2024-11-11 17:52:10 ERROR media.py:189: MediaWidget: Error setting thumbnail: y1 must be greater than or equal to y0
2024-11-11 17:54:30 INFO weather.py:156: Fetched new weather data at 2024-11-11 17:54:30.658929
2024-11-11 17:54:31 INFO weather.py:156: Fetched new weather data at 2024-11-11 17:54:31.980626
2024-11-11 17:56:37 ERROR media.py:189: MediaWidget: Error setting thumbnail: y1 must be greater than or equal to y0
2024-11-11 17:56:37 ERROR media.py:189: MediaWidget: Error setting thumbnail: y1 must be greater than or equal to y0
2024-11-11 17:56:37 ERROR media.py:189: MediaWidget: Error setting thumbnail: y1 must be greater than or equal to y0
2024-11-11 17:56:37 ERROR media.py:189: MediaWidget: Error setting thumbnail: y1 must be greater than or equal to y0
2024-11-11 18:04:44 INFO weather.py:156: Fetched new weather data at 2024-11-11 18:04:44.801614
2024-11-11 18:04:45 INFO weather.py:156: Fetched new weather data at 2024-11-11 18:04:45.382735
2024-11-11 18:09:45 ERROR media.py:183: MediaCallback: Error occurred whilst fetching media properties and thumbnail: [WinError -2147023170] The remote procedure call failed
2024-11-11 18:14:30 INFO weather.py:156: Fetched new weather data at 2024-11-11 18:14:30.390508
2024-11-11 18:14:31 INFO weather.py:156: Fetched new weather data at 2024-11-11 18:14:31.680961
2024-11-11 18:24:30 INFO weather.py:156: Fetched new weather data at 2024-11-11 18:24:30.375477
2024-11-11 18:24:31 INFO weather.py:156: Fetched new weather data at 2024-11-11 18:24:31.686751
2024-11-11 18:35:15 INFO weather.py:156: Fetched new weather data at 2024-11-11 18:35:15.437801
2024-11-11 18:35:17 INFO weather.py:156: Fetched new weather data at 2024-11-11 18:35:17.886788
2024-11-11 18:44:35 INFO weather.py:156: Fetched new weather data at 2024-11-11 18:44:35.538361
2024-11-11 18:44:43 INFO weather.py:156: Fetched new weather data at 2024-11-11 18:44:43.466972
2024-11-11 18:54:35 INFO weather.py:156: Fetched new weather data at 2024-11-11 18:54:35.825727
2024-11-11 18:54:41 INFO weather.py:156: Fetched new weather data at 2024-11-11 18:54:41.022505
2024-11-11 19:04:30 INFO weather.py:156: Fetched new weather data at 2024-11-11 19:04:30.336826
2024-11-11 19:04:31 INFO weather.py:156: Fetched new weather data at 2024-11-11 19:04:31.612078
2024-11-11 19:14:30 INFO weather.py:156: Fetched new weather data at 2024-11-11 19:14:30.330557
2024-11-11 19:14:31 INFO weather.py:156: Fetched new weather data at 2024-11-11 19:14:31.632556
2024-11-11 19:24:30 INFO weather.py:156: Fetched new weather data at 2024-11-11 19:24:30.325901
2024-11-11 19:24:31 INFO weather.py:156: Fetched new weather data at 2024-11-11 19:24:31.590399
2024-11-11 19:34:30 INFO weather.py:156: Fetched new weather data at 2024-11-11 19:34:30.322213
2024-11-11 19:34:31 INFO weather.py:156: Fetched new weather data at 2024-11-11 19:34:31.570307
2024-11-11 19:44:30 INFO weather.py:156: Fetched new weather data at 2024-11-11 19:44:30.320416
2024-11-11 19:44:31 INFO weather.py:156: Fetched new weather data at 2024-11-11 19:44:31.530948
2024-11-11 19:54:30 INFO weather.py:156: Fetched new weather data at 2024-11-11 19:54:30.316083
2024-11-11 19:54:31 INFO weather.py:156: Fetched new weather data at 2024-11-11 19:54:31.577041
2024-11-11 20:04:30 INFO weather.py:156: Fetched new weather data at 2024-11-11 20:04:30.314582
2024-11-11 20:04:31 INFO weather.py:156: Fetched new weather data at 2024-11-11 20:04:31.585584
2024-11-11 20:14:30 INFO weather.py:156: Fetched new weather data at 2024-11-11 20:14:30.312419
2024-11-11 20:14:31 INFO weather.py:156: Fetched new weather data at 2024-11-11 20:14:31.609437
2024-11-11 20:24:30 INFO weather.py:156: Fetched new weather data at 2024-11-11 20:24:30.315145
2024-11-11 20:24:31 INFO weather.py:156: Fetched new weather data at 2024-11-11 20:24:31.616313
2024-11-11 20:34:30 INFO weather.py:156: Fetched new weather data at 2024-11-11 20:34:30.312477
2024-11-11 20:34:31 INFO weather.py:156: Fetched new weather data at 2024-11-11 20:34:31.627147
2024-11-11 20:44:30 INFO weather.py:156: Fetched new weather data at 2024-11-11 20:44:30.310531
2024-11-11 20:44:31 INFO weather.py:156: Fetched new weather data at 2024-11-11 20:44:31.496859
2024-11-11 20:54:30 INFO weather.py:156: Fetched new weather data at 2024-11-11 20:54:30.307645
2024-11-11 20:54:31 INFO weather.py:156: Fetched new weather data at 2024-11-11 20:54:31.601107
2024-11-15 09:47:29 INFO log.py:21: Yasb
2024-11-15 09:47:29 ERROR errorhandler.py:105: Property: Invalid value for "CSS Level 2.1" property: "#f8f8f2" [6:5: color]
2024-11-15 09:47:29 ERROR errorhandler.py:105: Property: Invalid value for "CSS Level 2.1" property: "#a1efe4" [50:5: color]
2024-11-15 09:47:29 ERROR errorhandler.py:105: Property: Invalid value for "CSS Level 2.1" property: "#f8f8f2" [63:5: color]
2024-11-15 09:47:29 ERROR errorhandler.py:105: Property: Invalid value for "CSS Level 2.1" property: "#f8f8f2" [67:5: color]
2024-11-15 09:47:29 ERROR errorhandler.py:105: Property: Invalid value for "CSS Level 2.1" property: "#f8f8f2" [72:5: color]
2024-11-15 09:47:29 ERROR errorhandler.py:105: Property: Invalid value for "CSS Level 2.1" property: "#f8f8f2" [119:5: color]
2024-11-15 09:47:29 ERROR errorhandler.py:105: Property: Invalid value for "CSS Level 2.1" property: "#272822" [137:5: color]
2024-11-15 09:47:30 DEBUG win32.py:58: Looking up time zone info from registry
2024-11-15 09:47:34 INFO weather.py:156: Fetched new weather data at 2024-11-15 09:47:34.127154
2024-11-15 09:47:34 DEBUG __init__.py:143: CoInitializeEx(None, 2)
2024-11-15 09:47:35 INFO weather.py:156: Fetched new weather data at 2024-11-15 09:47:35.614067
2024-11-15 09:47:35 INFO event_listener.py:52: Created named pipe yasb-71321fca-a2da-11ef-87cc-e848b8c82000
2024-11-15 09:47:35 INFO event_listener.py:106: Waiting for Komorebi to subscribe to named pipe yasb-71321fca-a2da-11ef-87cc-e848b8c82000
2024-11-15 09:47:36 WARNING event_listener.py:111: Komorebi failed to subscribe named pipe. Waiting for subscription...
2024-11-15 09:47:36 INFO watcher.py:39: Created file watcher for path C:\Users\jojat\.config\yasb
2024-11-15 09:47:36 DEBUG _windows.py:213: Starting (proactor: <_IocpProactor overlapped#=0 result#=0>)...
2024-11-15 09:47:36 DEBUG _windows.py:192: Thread started
2024-11-15 09:47:36 ERROR media.py:189: MediaWidget: Error setting thumbnail: y1 must be greater than or equal to y0
2024-11-15 09:47:36 ERROR media.py:189: MediaWidget: Error setting thumbnail: y1 must be greater than or equal to y0
2024-11-15 09:47:36 ERROR media.py:189: MediaWidget: Error setting thumbnail: y1 must be greater than or equal to y0
2024-11-15 09:47:36 ERROR media.py:189: MediaWidget: Error setting thumbnail: y1 must be greater than or equal to y0
2024-11-15 09:47:55 ERROR errorhandler.py:105: Property: Invalid value for "CSS Level 2.1" property: "#f8f8f2" [6:5: color]
2024-11-15 09:47:55 ERROR errorhandler.py:105: Property: Invalid value for "CSS Level 2.1" property: "#a1efe4" [50:5: color]
2024-11-15 09:47:55 ERROR errorhandler.py:105: Property: Invalid value for "CSS Level 2.1" property: "#f8f8f2" [63:5: color]
2024-11-15 09:47:55 ERROR errorhandler.py:105: Property: Invalid value for "CSS Level 2.1" property: "#f8f8f2" [67:5: color]
2024-11-15 09:47:55 ERROR errorhandler.py:105: Property: Invalid value for "CSS Level 2.1" property: "#f8f8f2" [72:5: color]
2024-11-15 09:47:55 ERROR errorhandler.py:105: Property: Invalid value for "CSS Level 2.1" property: "#f8f8f2" [119:5: color]
2024-11-15 09:47:55 ERROR errorhandler.py:105: Property: Invalid value for "CSS Level 2.1" property: "#272822" [137:5: color]
2024-11-15 09:47:56 ERROR errorhandler.py:105: Property: Invalid value for "CSS Level 2.1" property: "#f8f8f2" [6:5: color]
2024-11-15 09:47:56 ERROR errorhandler.py:105: Property: Invalid value for "CSS Level 2.1" property: "#a1efe4" [50:5: color]
2024-11-15 09:47:56 ERROR errorhandler.py:105: Property: Invalid value for "CSS Level 2.1" property: "#f8f8f2" [63:5: color]
2024-11-15 09:47:56 ERROR errorhandler.py:105: Property: Invalid value for "CSS Level 2.1" property: "#f8f8f2" [67:5: color]
2024-11-15 09:47:56 ERROR errorhandler.py:105: Property: Invalid value for "CSS Level 2.1" property: "#f8f8f2" [72:5: color]
2024-11-15 09:47:56 ERROR errorhandler.py:105: Property: Invalid value for "CSS Level 2.1" property: "#f8f8f2" [119:5: color]
2024-11-15 09:47:56 ERROR errorhandler.py:105: Property: Invalid value for "CSS Level 2.1" property: "#272822" [137:5: color]
2024-11-15 09:47:56 ERROR errorhandler.py:105: Property: Invalid value for "CSS Level 2.1" property: "#f8f8f2" [6:5: color]
2024-11-15 09:47:56 ERROR errorhandler.py:105: Property: Invalid value for "CSS Level 2.1" property: "#a1efe4" [50:5: color]
2024-11-15 09:47:56 ERROR errorhandler.py:105: Property: Invalid value for "CSS Level 2.1" property: "#f8f8f2" [63:5: color]
2024-11-15 09:47:56 ERROR errorhandler.py:105: Property: Invalid value for "CSS Level 2.1" property: "#f8f8f2" [67:5: color]
2024-11-15 09:47:56 ERROR errorhandler.py:105: Property: Invalid value for "CSS Level 2.1" property: "#f8f8f2" [72:5: color]
2024-11-15 09:47:56 ERROR errorhandler.py:105: Property: Invalid value for "CSS Level 2.1" property: "#f8f8f2" [119:5: color]
2024-11-15 09:47:56 ERROR errorhandler.py:105: Property: Invalid value for "CSS Level 2.1" property: "#272822" [137:5: color]
2024-11-15 09:47:56 INFO event_listener.py:118: Komorebi connected to named pipe: yasb-71321fca-a2da-11ef-87cc-e848b8c82000
2024-11-15 09:47:56 ERROR errorhandler.py:105: Property: Invalid value for "CSS Level 2.1" property: "#f8f8f2" [6:5: color]
2024-11-15 09:47:56 ERROR errorhandler.py:105: Property: Invalid value for "CSS Level 2.1" property: "#a1efe4" [50:5: color]
2024-11-15 09:47:56 ERROR errorhandler.py:105: Property: Invalid value for "CSS Level 2.1" property: "#f8f8f2" [63:5: color]
2024-11-15 09:47:56 ERROR errorhandler.py:105: Property: Invalid value for "CSS Level 2.1" property: "#f8f8f2" [67:5: color]
2024-11-15 09:47:56 ERROR errorhandler.py:105: Property: Invalid value for "CSS Level 2.1" property: "#f8f8f2" [72:5: color]
2024-11-15 09:47:56 ERROR errorhandler.py:105: Property: Invalid value for "CSS Level 2.1" property: "#f8f8f2" [119:5: color]
2024-11-15 09:47:56 ERROR errorhandler.py:105: Property: Invalid value for "CSS Level 2.1" property: "#272822" [137:5: color]
2024-11-15 09:47:56 ERROR errorhandler.py:105: Property: Invalid value for "CSS Level 2.1" property: "#f8f8f2" [6:5: color]
2024-11-15 09:47:56 ERROR errorhandler.py:105: Property: Invalid value for "CSS Level 2.1" property: "#a1efe4" [50:5: color]
2024-11-15 09:47:56 ERROR errorhandler.py:105: Property: Invalid value for "CSS Level 2.1" property: "#f8f8f2" [63:5: color]
2024-11-15 09:47:56 ERROR errorhandler.py:105: Property: Invalid value for "CSS Level 2.1" property: "#f8f8f2" [67:5: color]
2024-11-15 09:47:56 ERROR errorhandler.py:105: Property: Invalid value for "CSS Level 2.1" property: "#f8f8f2" [72:5: color]
2024-11-15 09:47:56 ERROR errorhandler.py:105: Property: Invalid value for "CSS Level 2.1" property: "#f8f8f2" [119:5: color]
2024-11-15 09:47:56 ERROR errorhandler.py:105: Property: Invalid value for "CSS Level 2.1" property: "#272822" [137:5: color]
2024-11-15 09:47:56 ERROR errorhandler.py:105: Property: Invalid value for "CSS Level 2.1" property: "#f8f8f2" [6:5: color]
2024-11-15 09:47:56 ERROR errorhandler.py:105: Property: Invalid value for "CSS Level 2.1" property: "#a1efe4" [50:5: color]
2024-11-15 09:47:56 ERROR errorhandler.py:105: Property: Invalid value for "CSS Level 2.1" property: "#f8f8f2" [63:5: color]
2024-11-15 09:47:56 ERROR errorhandler.py:105: Property: Invalid value for "CSS Level 2.1" property: "#f8f8f2" [67:5: color]
2024-11-15 09:47:56 ERROR errorhandler.py:105: Property: Invalid value for "CSS Level 2.1" property: "#f8f8f2" [72:5: color]
2024-11-15 09:47:56 ERROR errorhandler.py:105: Property: Invalid value for "CSS Level 2.1" property: "#f8f8f2" [119:5: color]
2024-11-15 09:47:56 ERROR errorhandler.py:105: Property: Invalid value for "CSS Level 2.1" property: "#272822" [137:5: color]
2024-11-15 09:47:56 ERROR errorhandler.py:105: Property: Invalid value for "CSS Level 2.1" property: "#f8f8f2" [6:5: color]
2024-11-15 09:47:56 ERROR errorhandler.py:105: Property: Invalid value for "CSS Level 2.1" property: "#a1efe4" [50:5: color]
2024-11-15 09:47:56 ERROR errorhandler.py:105: Property: Invalid value for "CSS Level 2.1" property: "#f8f8f2" [63:5: color]
2024-11-15 09:47:56 ERROR errorhandler.py:105: Property: Invalid value for "CSS Level 2.1" property: "#f8f8f2" [67:5: color]
2024-11-15 09:47:56 ERROR errorhandler.py:105: Property: Invalid value for "CSS Level 2.1" property: "#f8f8f2" [72:5: color]
2024-11-15 09:47:56 ERROR errorhandler.py:105: Property: Invalid value for "CSS Level 2.1" property: "#f8f8f2" [119:5: color]
2024-11-15 09:47:56 ERROR errorhandler.py:105: Property: Invalid value for "CSS Level 2.1" property: "#272822" [137:5: color]
2024-11-15 09:56:11 WARNING event_listener.py:83: Pipe has been ended: (109, 'PeekNamedPipe', 'The pipe has been ended.')
2024-11-15 09:56:11 INFO event_listener.py:93: Attempting to reconnect...
2024-11-15 10:13:11 INFO log.py:21: Yasb
2024-11-15 10:13:11 ERROR errorhandler.py:105: Property: Invalid value for "CSS Level 2.1" property: "#f8f8f2" [6:5: color]
2024-11-15 10:13:11 ERROR errorhandler.py:105: Property: Invalid value for "CSS Level 2.1" property: "#a1efe4" [50:5: color]
2024-11-15 10:13:11 ERROR errorhandler.py:105: Property: Invalid value for "CSS Level 2.1" property: "#f8f8f2" [63:5: color]
2024-11-15 10:13:11 ERROR errorhandler.py:105: Property: Invalid value for "CSS Level 2.1" property: "#f8f8f2" [67:5: color]
2024-11-15 10:13:11 ERROR errorhandler.py:105: Property: Invalid value for "CSS Level 2.1" property: "#f8f8f2" [72:5: color]
2024-11-15 10:13:11 ERROR errorhandler.py:105: Property: Invalid value for "CSS Level 2.1" property: "#f8f8f2" [119:5: color]
2024-11-15 10:13:11 ERROR errorhandler.py:105: Property: Invalid value for "CSS Level 2.1" property: "#272822" [137:5: color]
2024-11-15 10:13:12 DEBUG win32.py:58: Looking up time zone info from registry
2024-11-15 10:13:17 INFO weather.py:156: Fetched new weather data at 2024-11-15 10:13:17.589152
2024-11-15 10:13:17 DEBUG __init__.py:143: CoInitializeEx(None, 2)
2024-11-15 10:13:19 INFO weather.py:156: Fetched new weather data at 2024-11-15 10:13:19.647225
2024-11-15 10:13:20 INFO event_listener.py:52: Created named pipe yasb-09816574-a2de-11ef-a1f2-e848b8c82000
2024-11-15 10:13:20 INFO event_listener.py:106: Waiting for Komorebi to subscribe to named pipe yasb-09816574-a2de-11ef-a1f2-e848b8c82000
2024-11-15 10:13:20 INFO watcher.py:39: Created file watcher for path C:\Users\jojat\.config\yasb
2024-11-15 10:13:20 DEBUG _windows.py:213: Starting (proactor: <_IocpProactor overlapped#=0 result#=0>)...
2024-11-15 10:13:20 DEBUG _windows.py:192: Thread started
2024-11-15 10:13:20 INFO event_listener.py:118: Komorebi connected to named pipe: yasb-09816574-a2de-11ef-a1f2-e848b8c82000
2024-11-15 10:13:20 ERROR media.py:189: MediaWidget: Error setting thumbnail: y1 must be greater than or equal to y0
2024-11-15 10:13:20 ERROR media.py:189: MediaWidget: Error setting thumbnail: y1 must be greater than or equal to y0
2024-11-15 10:13:20 ERROR media.py:189: MediaWidget: Error setting thumbnail: y1 must be greater than or equal to y0
2024-11-15 10:13:20 ERROR media.py:189: MediaWidget: Error setting thumbnail: y1 must be greater than or equal to y0
2024-11-15 10:13:39 ERROR media.py:189: MediaWidget: Error setting thumbnail: y1 must be greater than or equal to y0
2024-11-15 10:13:39 ERROR media.py:189: MediaWidget: Error setting thumbnail: y1 must be greater than or equal to y0
2024-11-15 10:13:53 ERROR media.py:189: MediaWidget: Error setting thumbnail: y1 must be greater than or equal to y0
2024-11-15 10:13:53 ERROR media.py:189: MediaWidget: Error setting thumbnail: y1 must be greater than or equal to y0
2024-11-15 10:13:57 ERROR media.py:189: MediaWidget: Error setting thumbnail: y1 must be greater than or equal to y0
2024-11-15 10:13:57 ERROR media.py:189: MediaWidget: Error setting thumbnail: y1 must be greater than or equal to y0
2024-11-15 10:23:17 INFO weather.py:156: Fetched new weather data at 2024-11-15 10:23:17.587117
2024-11-15 10:23:19 INFO weather.py:156: Fetched new weather data at 2024-11-15 10:23:19.646755
2024-11-15 10:33:17 INFO weather.py:156: Fetched new weather data at 2024-11-15 10:33:17.587107
2024-11-15 10:33:19 INFO weather.py:156: Fetched new weather data at 2024-11-15 10:33:19.649580
2024-11-15 10:43:17 INFO weather.py:156: Fetched new weather data at 2024-11-15 10:43:17.584309
2024-11-15 10:43:19 INFO weather.py:156: Fetched new weather data at 2024-11-15 10:43:19.648447
2024-11-15 10:53:17 INFO weather.py:156: Fetched new weather data at 2024-11-15 10:53:17.587056
2024-11-15 10:53:19 INFO weather.py:156: Fetched new weather data at 2024-11-15 10:53:19.647345
2024-11-15 11:03:17 INFO weather.py:156: Fetched new weather data at 2024-11-15 11:03:17.588048
2024-11-15 11:03:19 INFO weather.py:156: Fetched new weather data at 2024-11-15 11:03:19.649133
2024-11-15 11:13:17 INFO weather.py:156: Fetched new weather data at 2024-11-15 11:13:17.586189
2024-11-15 11:13:19 INFO weather.py:156: Fetched new weather data at 2024-11-15 11:13:19.646951
2024-11-15 11:23:17 INFO weather.py:156: Fetched new weather data at 2024-11-15 11:23:17.588543
2024-11-15 11:23:19 INFO weather.py:156: Fetched new weather data at 2024-11-15 11:23:19.649630
2024-11-15 11:33:17 INFO weather.py:156: Fetched new weather data at 2024-11-15 11:33:17.588007
2024-11-15 11:33:19 INFO weather.py:156: Fetched new weather data at 2024-11-15 11:33:19.650925
2024-11-15 11:43:17 INFO weather.py:156: Fetched new weather data at 2024-11-15 11:43:17.585334
2024-11-15 11:43:19 INFO weather.py:156: Fetched new weather data at 2024-11-15 11:43:19.646698
2024-11-15 11:53:17 INFO weather.py:156: Fetched new weather data at 2024-11-15 11:53:17.586043
2024-11-15 11:53:19 INFO weather.py:156: Fetched new weather data at 2024-11-15 11:53:19.648573
2024-11-15 12:03:17 INFO weather.py:156: Fetched new weather data at 2024-11-15 12:03:17.584955
2024-11-15 12:03:19 INFO weather.py:156: Fetched new weather data at 2024-11-15 12:03:19.649097
2024-11-15 12:13:17 INFO weather.py:156: Fetched new weather data at 2024-11-15 12:13:17.583928
2024-11-15 12:13:19 INFO weather.py:156: Fetched new weather data at 2024-11-15 12:13:19.648132
2024-11-15 12:23:17 INFO weather.py:156: Fetched new weather data at 2024-11-15 12:23:17.584258
2024-11-15 12:23:19 INFO weather.py:156: Fetched new weather data at 2024-11-15 12:23:19.650606
2024-11-15 12:33:17 INFO weather.py:156: Fetched new weather data at 2024-11-15 12:33:17.584560
2024-11-15 12:33:19 INFO weather.py:156: Fetched new weather data at 2024-11-15 12:33:19.650675
2024-11-15 12:43:17 INFO weather.py:156: Fetched new weather data at 2024-11-15 12:43:17.584084
2024-11-15 12:43:19 INFO weather.py:156: Fetched new weather data at 2024-11-15 12:43:19.646566
2024-11-15 12:53:17 INFO weather.py:156: Fetched new weather data at 2024-11-15 12:53:17.587680
2024-11-15 12:53:19 INFO weather.py:156: Fetched new weather data at 2024-11-15 12:53:19.646751
2024-11-15 12:59:20 WARNING event_listener.py:83: Pipe has been ended: (109, 'PeekNamedPipe', 'The pipe has been ended.')
2024-11-15 12:59:20 INFO event_listener.py:93: Attempting to reconnect...
2024-11-15 12:59:25 INFO event_listener.py:52: Created named pipe yasb-09816574-a2de-11ef-a1f2-e848b8c82000
2024-11-15 12:59:25 INFO event_listener.py:106: Waiting for Komorebi to subscribe to named pipe yasb-09816574-a2de-11ef-a1f2-e848b8c82000
2024-11-15 12:59:25 WARNING event_listener.py:111: Komorebi failed to subscribe named pipe. Waiting for subscription...
2024-11-15 13:03:17 INFO weather.py:156: Fetched new weather data at 2024-11-15 13:03:17.585758
2024-11-15 13:03:19 INFO weather.py:156: Fetched new weather data at 2024-11-15 13:03:19.647235
2024-11-15 13:13:17 INFO weather.py:156: Fetched new weather data at 2024-11-15 13:13:17.572246
2024-11-15 13:13:19 INFO weather.py:156: Fetched new weather data at 2024-11-15 13:13:19.633917
2024-11-15 13:23:17 INFO weather.py:156: Fetched new weather data at 2024-11-15 13:23:17.553013
2024-11-15 13:23:19 INFO weather.py:156: Fetched new weather data at 2024-11-15 13:23:19.617773
2024-11-15 13:33:17 INFO weather.py:156: Fetched new weather data at 2024-11-15 13:33:17.538093
2024-11-15 13:33:19 INFO weather.py:156: Fetched new weather data at 2024-11-15 13:33:19.603013
2024-11-15 13:43:17 INFO weather.py:156: Fetched new weather data at 2024-11-15 13:43:17.525635
2024-11-15 13:43:19 INFO weather.py:156: Fetched new weather data at 2024-11-15 13:43:19.589010
2024-11-15 13:53:17 INFO weather.py:156: Fetched new weather data at 2024-11-15 13:53:17.515197
2024-11-15 13:53:19 INFO weather.py:156: Fetched new weather data at 2024-11-15 13:53:19.580171
2024-11-15 14:03:17 INFO weather.py:156: Fetched new weather data at 2024-11-15 14:03:17.507505
2024-11-15 14:03:19 INFO weather.py:156: Fetched new weather data at 2024-11-15 14:03:19.568366
2024-11-15 14:13:17 INFO weather.py:156: Fetched new weather data at 2024-11-15 14:13:17.497559
2024-11-15 14:13:19 INFO weather.py:156: Fetched new weather data at 2024-11-15 14:13:19.561837
2024-11-15 14:23:17 INFO weather.py:156: Fetched new weather data at 2024-11-15 14:23:17.494016
2024-11-15 14:23:19 INFO weather.py:156: Fetched new weather data at 2024-11-15 14:23:19.556617
2024-11-15 14:33:17 INFO weather.py:156: Fetched new weather data at 2024-11-15 14:33:17.488217
2024-11-15 14:33:19 INFO weather.py:156: Fetched new weather data at 2024-11-15 14:33:19.551727
2024-11-15 14:43:17 INFO weather.py:156: Fetched new weather data at 2024-11-15 14:43:17.481785
2024-11-15 14:43:19 INFO weather.py:156: Fetched new weather data at 2024-11-15 14:43:19.584335
2024-11-15 14:53:17 INFO weather.py:156: Fetched new weather data at 2024-11-15 14:53:17.481834
2024-11-15 14:53:19 INFO weather.py:156: Fetched new weather data at 2024-11-15 14:53:19.541874
2024-11-15 15:03:17 INFO weather.py:156: Fetched new weather data at 2024-11-15 15:03:17.475725
2024-11-15 15:03:19 INFO weather.py:156: Fetched new weather data at 2024-11-15 15:03:19.538031
2024-11-15 15:13:17 INFO weather.py:156: Fetched new weather data at 2024-11-15 15:13:17.475821
2024-11-15 15:13:19 INFO weather.py:156: Fetched new weather data at 2024-11-15 15:13:19.539369
2024-11-15 15:23:17 INFO weather.py:156: Fetched new weather data at 2024-11-15 15:23:17.473853
2024-11-15 15:23:19 INFO weather.py:156: Fetched new weather data at 2024-11-15 15:23:19.534435
2024-11-15 15:27:44 ERROR media.py:189: MediaWidget: Error setting thumbnail: y1 must be greater than or equal to y0
2024-11-15 15:27:44 ERROR media.py:189: MediaWidget: Error setting thumbnail: y1 must be greater than or equal to y0
2024-11-15 15:27:44 ERROR media.py:189: MediaWidget: Error setting thumbnail: y1 must be greater than or equal to y0
2024-11-15 15:27:44 ERROR media.py:189: MediaWidget: Error setting thumbnail: y1 must be greater than or equal to y0
2024-11-15 15:27:44 ERROR media.py:189: MediaWidget: Error setting thumbnail: y1 must be greater than or equal to y0
2024-11-15 15:27:44 ERROR media.py:189: MediaWidget: Error setting thumbnail: y1 must be greater than or equal to y0
2024-11-18 15:29:54 INFO log.py:21: Yasb
2024-11-18 15:29:54 ERROR errorhandler.py:105: Property: Invalid value for "CSS Level 2.1" property: "#f8f8f2" [6:5: color]
2024-11-18 15:29:54 ERROR errorhandler.py:105: Property: Invalid value for "CSS Level 2.1" property: "#a1efe4" [50:5: color]
2024-11-18 15:29:54 ERROR errorhandler.py:105: Property: Invalid value for "CSS Level 2.1" property: "#f8f8f2" [63:5: color]
2024-11-18 15:29:54 ERROR errorhandler.py:105: Property: Invalid value for "CSS Level 2.1" property: "#f8f8f2" [67:5: color]
2024-11-18 15:29:54 ERROR errorhandler.py:105: Property: Invalid value for "CSS Level 2.1" property: "#f8f8f2" [72:5: color]
2024-11-18 15:29:54 ERROR errorhandler.py:105: Property: Invalid value for "CSS Level 2.1" property: "#f8f8f2" [119:5: color]
2024-11-18 15:29:54 ERROR errorhandler.py:105: Property: Invalid value for "CSS Level 2.1" property: "#272822" [137:5: color]
2024-11-18 15:29:54 DEBUG win32.py:58: Looking up time zone info from registry
2024-11-18 15:29:59 INFO weather.py:156: Fetched new weather data at 2024-11-18 15:29:59.630147
2024-11-18 15:29:59 DEBUG __init__.py:143: CoInitializeEx(None, 2)
2024-11-18 15:30:01 INFO weather.py:156: Fetched new weather data at 2024-11-18 15:30:01.086237
2024-11-18 15:30:01 INFO event_listener.py:52: Created named pipe yasb-c67cceb2-a565-11ef-b708-e848b8c82000
2024-11-18 15:30:01 INFO event_listener.py:106: Waiting for Komorebi to subscribe to named pipe yasb-c67cceb2-a565-11ef-b708-e848b8c82000
2024-11-18 15:30:01 INFO watcher.py:39: Created file watcher for path C:\Users\jojat\.config\yasb
2024-11-18 15:30:01 DEBUG _windows.py:213: Starting (proactor: <_IocpProactor overlapped#=0 result#=0>)...
2024-11-18 15:30:01 DEBUG _windows.py:192: Thread started
2024-11-18 15:30:01 WARNING event_listener.py:111: Komorebi failed to subscribe named pipe. Waiting for subscription...
2024-11-18 15:30:01 ERROR media.py:189: MediaWidget: Error setting thumbnail: y1 must be greater than or equal to y0
2024-11-18 15:30:01 ERROR media.py:189: MediaWidget: Error setting thumbnail: y1 must be greater than or equal to y0
2024-11-18 15:30:01 ERROR media.py:189: MediaWidget: Error setting thumbnail: y1 must be greater than or equal to y0
2024-11-18 15:30:01 ERROR media.py:189: MediaWidget: Error setting thumbnail: y1 must be greater than or equal to y0
2024-11-18 15:30:51 INFO event_listener.py:118: Komorebi connected to named pipe: yasb-c67cceb2-a565-11ef-b708-e848b8c82000
2024-11-18 15:39:59 INFO weather.py:156: Fetched new weather data at 2024-11-18 15:39:59.624812
2024-11-18 15:40:01 INFO weather.py:156: Fetched new weather data at 2024-11-18 15:40:01.275949
2024-11-18 15:40:15 ERROR media.py:189: MediaWidget: Error setting thumbnail: y1 must be greater than or equal to y0
2024-11-18 15:40:15 ERROR media.py:189: MediaWidget: Error setting thumbnail: y1 must be greater than or equal to y0
2024-11-18 15:49:59 INFO weather.py:156: Fetched new weather data at 2024-11-18 15:49:59.624478
2024-11-18 15:50:01 INFO weather.py:156: Fetched new weather data at 2024-11-18 15:50:01.428037
2024-11-18 15:55:43 ERROR media.py:189: MediaWidget: Error setting thumbnail: y1 must be greater than or equal to y0
2024-11-18 15:55:43 ERROR media.py:189: MediaWidget: Error setting thumbnail: y1 must be greater than or equal to y0
2024-11-18 15:59:59 INFO weather.py:156: Fetched new weather data at 2024-11-18 15:59:59.623334
2024-11-18 16:00:01 INFO weather.py:156: Fetched new weather data at 2024-11-18 16:00:01.351713
2024-11-18 16:08:11 ERROR media.py:189: MediaWidget: Error setting thumbnail: y1 must be greater than or equal to y0
2024-11-18 16:08:11 ERROR media.py:189: MediaWidget: Error setting thumbnail: y1 must be greater than or equal to y0
2024-11-18 16:08:11 ERROR media.py:189: MediaWidget: Error setting thumbnail: y1 must be greater than or equal to y0
2024-11-18 16:08:11 ERROR media.py:189: MediaWidget: Error setting thumbnail: y1 must be greater than or equal to y0
2024-11-18 16:09:04 ERROR media.py:189: MediaWidget: Error setting thumbnail: y1 must be greater than or equal to y0
2024-11-18 16:09:05 ERROR media.py:189: MediaWidget: Error setting thumbnail: y1 must be greater than or equal to y0
2024-11-18 16:09:59 INFO weather.py:156: Fetched new weather data at 2024-11-18 16:09:59.619473
2024-11-18 16:10:01 INFO weather.py:156: Fetched new weather data at 2024-11-18 16:10:01.445863
2024-11-18 16:10:32 ERROR media.py:189: MediaWidget: Error setting thumbnail: y1 must be greater than or equal to y0
2024-11-18 16:10:32 ERROR media.py:189: MediaWidget: Error setting thumbnail: y1 must be greater than or equal to y0
2024-11-18 16:11:18 ERROR media.py:189: MediaWidget: Error setting thumbnail: y1 must be greater than or equal to y0
2024-11-18 16:11:18 ERROR media.py:189: MediaWidget: Error setting thumbnail: y1 must be greater than or equal to y0
2024-11-18 16:11:18 ERROR media.py:189: MediaWidget: Error setting thumbnail: y1 must be greater than or equal to y0
2024-11-18 16:11:18 ERROR media.py:189: MediaWidget: Error setting thumbnail: y1 must be greater than or equal to y0
2024-11-18 16:11:18 ERROR media.py:189: MediaWidget: Error setting thumbnail: y1 must be greater than or equal to y0
2024-11-18 16:11:18 ERROR media.py:189: MediaWidget: Error setting thumbnail: y1 must be greater than or equal to y0
2024-11-18 16:12:51 ERROR media.py:189: MediaWidget: Error setting thumbnail: y1 must be greater than or equal to y0
2024-11-18 16:12:51 ERROR media.py:189: MediaWidget: Error setting thumbnail: y1 must be greater than or equal to y0
2024-11-18 16:12:51 ERROR media.py:189: MediaWidget: Error setting thumbnail: y1 must be greater than or equal to y0
2024-11-18 16:12:51 ERROR media.py:189: MediaWidget: Error setting thumbnail: y1 must be greater than or equal to y0
2024-11-18 16:15:51 ERROR media.py:189: MediaWidget: Error setting thumbnail: y1 must be greater than or equal to y0
2024-11-18 16:15:51 ERROR media.py:189: MediaWidget: Error setting thumbnail: y1 must be greater than or equal to y0
2024-11-18 16:15:51 ERROR media.py:189: MediaWidget: Error setting thumbnail: y1 must be greater than or equal to y0
2024-11-18 16:15:51 ERROR media.py:189: MediaWidget: Error setting thumbnail: y1 must be greater than or equal to y0
2024-11-18 16:15:51 ERROR media.py:189: MediaWidget: Error setting thumbnail: y1 must be greater than or equal to y0
2024-11-18 16:15:51 ERROR media.py:189: MediaWidget: Error setting thumbnail: y1 must be greater than or equal to y0
2024-11-18 16:19:59 INFO weather.py:156: Fetched new weather data at 2024-11-18 16:19:59.619342
2024-11-18 16:20:01 INFO weather.py:156: Fetched new weather data at 2024-11-18 16:20:01.327132
2024-11-18 16:29:59 INFO weather.py:156: Fetched new weather data at 2024-11-18 16:29:59.617026
2024-11-18 16:30:01 INFO weather.py:156: Fetched new weather data at 2024-11-18 16:30:01.361118
2024-11-18 16:30:28 WARNING event_listener.py:83: Pipe has been ended: (109, 'PeekNamedPipe', 'The pipe has been ended.')
2024-11-18 16:30:28 INFO event_listener.py:93: Attempting to reconnect...
2024-11-18 16:30:31 INFO tray.py:205: Exiting Application from tray...
2024-11-18 16:30:31 DEBUG _windows.py:218: Stopping worker thread...
2024-11-18 16:30:31 DEBUG _windows.py:201: Exiting thread
2024-11-18 16:30:31 DEBUG _windows.py:75: Closing
2024-11-29 11:06:35 INFO log.py:21: Yasb
2024-11-29 11:06:35 ERROR errorhandler.py:105: Property: Invalid value for "CSS Level 2.1" property: "#f8f8f2" [6:5: color]
2024-11-29 11:06:35 ERROR errorhandler.py:105: Property: Invalid value for "CSS Level 2.1" property: "#a1efe4" [50:5: color]
2024-11-29 11:06:35 ERROR errorhandler.py:105: Property: Invalid value for "CSS Level 2.1" property: "#f8f8f2" [63:5: color]
2024-11-29 11:06:35 ERROR errorhandler.py:105: Property: Invalid value for "CSS Level 2.1" property: "#f8f8f2" [67:5: color]
2024-11-29 11:06:35 ERROR errorhandler.py:105: Property: Invalid value for "CSS Level 2.1" property: "#f8f8f2" [72:5: color]
2024-11-29 11:06:35 ERROR errorhandler.py:105: Property: Invalid value for "CSS Level 2.1" property: "#f8f8f2" [119:5: color]
2024-11-29 11:06:35 ERROR errorhandler.py:105: Property: Invalid value for "CSS Level 2.1" property: "#272822" [137:5: color]
2024-11-29 11:06:36 DEBUG win32.py:58: Looking up time zone info from registry
2024-11-29 11:06:39 INFO weather.py:156: Fetched new weather data at 2024-11-29 11:06:39.359746
2024-11-29 11:06:39 DEBUG __init__.py:143: CoInitializeEx(None, 2)
2024-11-29 11:06:40 INFO weather.py:156: Fetched new weather data at 2024-11-29 11:06:40.408605
2024-11-29 11:06:40 INFO event_listener.py:52: Created named pipe yasb-cf171172-ade5-11ef-a3a4-e848b8c82000
2024-11-29 11:06:40 INFO event_listener.py:106: Waiting for Komorebi to subscribe to named pipe yasb-cf171172-ade5-11ef-a3a4-e848b8c82000
2024-11-29 11:06:40 INFO watcher.py:39: Created file watcher for path C:\Users\jojat\.config\yasb
2024-11-29 11:06:40 DEBUG _windows.py:213: Starting (proactor: <_IocpProactor overlapped#=0 result#=0>)...
2024-11-29 11:06:40 DEBUG _windows.py:192: Thread started
2024-11-29 11:06:40 ERROR media.py:189: MediaWidget: Error setting thumbnail: y1 must be greater than or equal to y0
2024-11-29 11:06:40 ERROR media.py:189: MediaWidget: Error setting thumbnail: y1 must be greater than or equal to y0
2024-11-29 11:06:40 ERROR media.py:189: MediaWidget: Error setting thumbnail: y1 must be greater than or equal to y0
2024-11-29 11:06:40 ERROR media.py:189: MediaWidget: Error setting thumbnail: y1 must be greater than or equal to y0
2024-12-02 15:47:44 INFO log.py:21: Yasb
2024-12-02 15:47:44 ERROR errorhandler.py:105: Property: Invalid value for "CSS Level 2.1" property: "#f8f8f2" [6:5: color]
2024-12-02 15:47:44 ERROR errorhandler.py:105: Property: Invalid value for "CSS Level 2.1" property: "#a1efe4" [50:5: color]
2024-12-02 15:47:44 ERROR errorhandler.py:105: Property: Invalid value for "CSS Level 2.1" property: "#f8f8f2" [63:5: color]
2024-12-02 15:47:44 ERROR errorhandler.py:105: Property: Invalid value for "CSS Level 2.1" property: "#f8f8f2" [67:5: color]
2024-12-02 15:47:44 ERROR errorhandler.py:105: Property: Invalid value for "CSS Level 2.1" property: "#f8f8f2" [72:5: color]
2024-12-02 15:47:44 ERROR errorhandler.py:105: Property: Invalid value for "CSS Level 2.1" property: "#f8f8f2" [119:5: color]
2024-12-02 15:47:44 ERROR errorhandler.py:105: Property: Invalid value for "CSS Level 2.1" property: "#272822" [137:5: color]
2024-12-02 15:47:45 DEBUG win32.py:58: Looking up time zone info from registry
2024-12-02 15:47:48 INFO weather.py:156: Fetched new weather data at 2024-12-02 15:47:48.606573
2024-12-02 15:47:48 DEBUG __init__.py:143: CoInitializeEx(None, 2)
2024-12-02 15:47:49 INFO weather.py:156: Fetched new weather data at 2024-12-02 15:47:49.611665
2024-12-02 15:47:49 INFO event_listener.py:52: Created named pipe yasb-95224fce-b068-11ef-b13f-e848b8c82000
2024-12-02 15:47:49 INFO event_listener.py:106: Waiting for Komorebi to subscribe to named pipe yasb-95224fce-b068-11ef-b13f-e848b8c82000
2024-12-02 15:47:49 INFO watcher.py:39: Created file watcher for path C:\Users\jojat\.config\yasb
2024-12-02 15:47:49 DEBUG _windows.py:213: Starting (proactor: <_IocpProactor overlapped#=0 result#=0>)...
2024-12-02 15:47:49 DEBUG _windows.py:192: Thread started
2024-12-02 15:47:50 WARNING event_listener.py:111: Komorebi failed to subscribe named pipe. Waiting for subscription...
2024-12-02 15:47:50 ERROR media.py:189: MediaWidget: Error setting thumbnail: y1 must be greater than or equal to y0
2024-12-02 15:47:50 ERROR media.py:189: MediaWidget: Error setting thumbnail: y1 must be greater than or equal to y0
2024-12-02 15:47:50 ERROR media.py:189: MediaWidget: Error setting thumbnail: y1 must be greater than or equal to y0
2024-12-02 15:47:50 ERROR media.py:189: MediaWidget: Error setting thumbnail: y1 must be greater than or equal to y0
2024-12-02 15:47:51 ERROR errorhandler.py:105: Property: Invalid value for "CSS Level 2.1" property: "#f8f8f2" [6:5: color]
2024-12-02 15:47:51 ERROR errorhandler.py:105: Property: Invalid value for "CSS Level 2.1" property: "#a1efe4" [50:5: color]
2024-12-02 15:47:51 ERROR errorhandler.py:105: Property: Invalid value for "CSS Level 2.1" property: "#f8f8f2" [63:5: color]
2024-12-02 15:47:51 ERROR errorhandler.py:105: Property: Invalid value for "CSS Level 2.1" property: "#f8f8f2" [67:5: color]
2024-12-02 15:47:51 ERROR errorhandler.py:105: Property: Invalid value for "CSS Level 2.1" property: "#f8f8f2" [72:5: color]
2024-12-02 15:47:51 ERROR errorhandler.py:105: Property: Invalid value for "CSS Level 2.1" property: "#f8f8f2" [119:5: color]
2024-12-02 15:47:51 ERROR errorhandler.py:105: Property: Invalid value for "CSS Level 2.1" property: "#272822" [137:5: color]
2024-12-02 15:47:51 ERROR errorhandler.py:105: Property: Invalid value for "CSS Level 2.1" property: "#f8f8f2" [6:5: color]
2024-12-02 15:47:51 ERROR errorhandler.py:105: Property: Invalid value for "CSS Level 2.1" property: "#a1efe4" [50:5: color]
2024-12-02 15:47:51 ERROR errorhandler.py:105: Property: Invalid value for "CSS Level 2.1" property: "#f8f8f2" [63:5: color]
2024-12-02 15:47:51 ERROR errorhandler.py:105: Property: Invalid value for "CSS Level 2.1" property: "#f8f8f2" [67:5: color]
2024-12-02 15:47:51 ERROR errorhandler.py:105: Property: Invalid value for "CSS Level 2.1" property: "#f8f8f2" [72:5: color]
2024-12-02 15:47:51 ERROR errorhandler.py:105: Property: Invalid value for "CSS Level 2.1" property: "#f8f8f2" [119:5: color]
2024-12-02 15:47:51 ERROR errorhandler.py:105: Property: Invalid value for "CSS Level 2.1" property: "#272822" [137:5: color]
2024-12-02 15:47:52 ERROR errorhandler.py:105: Property: Invalid value for "CSS Level 2.1" property: "#f8f8f2" [6:5: color]
2024-12-02 15:47:52 ERROR errorhandler.py:105: Property: Invalid value for "CSS Level 2.1" property: "#a1efe4" [50:5: color]
2024-12-02 15:47:52 ERROR errorhandler.py:105: Property: Invalid value for "CSS Level 2.1" property: "#f8f8f2" [63:5: color]
2024-12-02 15:47:52 ERROR errorhandler.py:105: Property: Invalid value for "CSS Level 2.1" property: "#f8f8f2" [67:5: color]
2024-12-02 15:47:52 ERROR errorhandler.py:105: Property: Invalid value for "CSS Level 2.1" property: "#f8f8f2" [72:5: color]
2024-12-02 15:47:52 ERROR errorhandler.py:105: Property: Invalid value for "CSS Level 2.1" property: "#f8f8f2" [119:5: color]
2024-12-02 15:47:52 ERROR errorhandler.py:105: Property: Invalid value for "CSS Level 2.1" property: "#272822" [137:5: color]
2024-12-02 15:47:52 ERROR errorhandler.py:105: Property: Invalid value for "CSS Level 2.1" property: "#f8f8f2" [6:5: color]
2024-12-02 15:47:52 ERROR errorhandler.py:105: Property: Invalid value for "CSS Level 2.1" property: "#a1efe4" [50:5: color]
2024-12-02 15:47:52 ERROR errorhandler.py:105: Property: Invalid value for "CSS Level 2.1" property: "#f8f8f2" [63:5: color]
2024-12-02 15:47:52 ERROR errorhandler.py:105: Property: Invalid value for "CSS Level 2.1" property: "#f8f8f2" [67:5: color]
2024-12-02 15:47:52 ERROR errorhandler.py:105: Property: Invalid value for "CSS Level 2.1" property: "#f8f8f2" [72:5: color]
2024-12-02 15:47:52 ERROR errorhandler.py:105: Property: Invalid value for "CSS Level 2.1" property: "#f8f8f2" [119:5: color]
2024-12-02 15:47:52 ERROR errorhandler.py:105: Property: Invalid value for "CSS Level 2.1" property: "#272822" [137:5: color]
2024-12-02 15:47:52 ERROR errorhandler.py:105: Property: Invalid value for "CSS Level 2.1" property: "#f8f8f2" [6:5: color]
2024-12-02 15:47:52 ERROR errorhandler.py:105: Property: Invalid value for "CSS Level 2.1" property: "#a1efe4" [50:5: color]
2024-12-02 15:47:52 ERROR errorhandler.py:105: Property: Invalid value for "CSS Level 2.1" property: "#f8f8f2" [63:5: color]
2024-12-02 15:47:52 ERROR errorhandler.py:105: Property: Invalid value for "CSS Level 2.1" property: "#f8f8f2" [67:5: color]
2024-12-02 15:47:52 ERROR errorhandler.py:105: Property: Invalid value for "CSS Level 2.1" property: "#f8f8f2" [72:5: color]
2024-12-02 15:47:52 ERROR errorhandler.py:105: Property: Invalid value for "CSS Level 2.1" property: "#f8f8f2" [119:5: color]
2024-12-02 15:47:52 ERROR errorhandler.py:105: Property: Invalid value for "CSS Level 2.1" property: "#272822" [137:5: color]
2024-12-02 15:47:52 ERROR errorhandler.py:105: Property: Invalid value for "CSS Level 2.1" property: "#f8f8f2" [6:5: color]
2024-12-02 15:47:52 ERROR errorhandler.py:105: Property: Invalid value for "CSS Level 2.1" property: "#a1efe4" [50:5: color]
2024-12-02 15:47:52 ERROR errorhandler.py:105: Property: Invalid value for "CSS Level 2.1" property: "#f8f8f2" [63:5: color]
2024-12-02 15:47:52 ERROR errorhandler.py:105: Property: Invalid value for "CSS Level 2.1" property: "#f8f8f2" [67:5: color]
2024-12-02 15:47:52 ERROR errorhandler.py:105: Property: Invalid value for "CSS Level 2.1" property: "#f8f8f2" [72:5: color]
2024-12-02 15:47:52 ERROR errorhandler.py:105: Property: Invalid value for "CSS Level 2.1" property: "#f8f8f2" [119:5: color]
2024-12-02 15:47:52 ERROR errorhandler.py:105: Property: Invalid value for "CSS Level 2.1" property: "#272822" [137:5: color]
2024-12-02 15:47:52 ERROR errorhandler.py:105: Property: Invalid value for "CSS Level 2.1" property: "#f8f8f2" [6:5: color]
2024-12-02 15:47:52 ERROR errorhandler.py:105: Property: Invalid value for "CSS Level 2.1" property: "#a1efe4" [50:5: color]
2024-12-02 15:47:52 ERROR errorhandler.py:105: Property: Invalid value for "CSS Level 2.1" property: "#f8f8f2" [63:5: color]
2024-12-02 15:47:52 ERROR errorhandler.py:105: Property: Invalid value for "CSS Level 2.1" property: "#f8f8f2" [67:5: color]
2024-12-02 15:47:52 ERROR errorhandler.py:105: Property: Invalid value for "CSS Level 2.1" property: "#f8f8f2" [72:5: color]
2024-12-02 15:47:52 ERROR errorhandler.py:105: Property: Invalid value for "CSS Level 2.1" property: "#f8f8f2" [119:5: color]
2024-12-02 15:47:52 ERROR errorhandler.py:105: Property: Invalid value for "CSS Level 2.1" property: "#272822" [137:5: color]
2024-12-02 15:47:54 ERROR errorhandler.py:105: Property: Invalid value for "CSS Level 2.1" property: "#f8f8f2" [6:5: color]
2024-12-02 15:47:54 ERROR errorhandler.py:105: Property: Invalid value for "CSS Level 2.1" property: "#a1efe4" [50:5: color]
2024-12-02 15:47:54 ERROR errorhandler.py:105: Property: Invalid value for "CSS Level 2.1" property: "#f8f8f2" [63:5: color]
2024-12-02 15:47:54 ERROR errorhandler.py:105: Property: Invalid value for "CSS Level 2.1" property: "#f8f8f2" [67:5: color]
2024-12-02 15:47:54 ERROR errorhandler.py:105: Property: Invalid value for "CSS Level 2.1" property: "#f8f8f2" [72:5: color]
2024-12-02 15:47:54 ERROR errorhandler.py:105: Property: Invalid value for "CSS Level 2.1" property: "#f8f8f2" [119:5: color]
2024-12-02 15:47:54 ERROR errorhandler.py:105: Property: Invalid value for "CSS Level 2.1" property: "#272822" [137:5: color]
2024-12-02 15:47:54 ERROR errorhandler.py:105: Property: Invalid value for "CSS Level 2.1" property: "#f8f8f2" [6:5: color]
2024-12-02 15:47:54 ERROR errorhandler.py:105: Property: Invalid value for "CSS Level 2.1" property: "#a1efe4" [50:5: color]
2024-12-02 15:47:54 ERROR errorhandler.py:105: Property: Invalid value for "CSS Level 2.1" property: "#f8f8f2" [63:5: color]
2024-12-02 15:47:54 ERROR errorhandler.py:105: Property: Invalid value for "CSS Level 2.1" property: "#f8f8f2" [67:5: color]
2024-12-02 15:47:54 ERROR errorhandler.py:105: Property: Invalid value for "CSS Level 2.1" property: "#f8f8f2" [72:5: color]
2024-12-02 15:47:54 ERROR errorhandler.py:105: Property: Invalid value for "CSS Level 2.1" property: "#f8f8f2" [119:5: color]
2024-12-02 15:47:54 ERROR errorhandler.py:105: Property: Invalid value for "CSS Level 2.1" property: "#272822" [137:5: color]
2024-12-02 15:47:54 ERROR errorhandler.py:105: Property: Invalid value for "CSS Level 2.1" property: "#f8f8f2" [6:5: color]
2024-12-02 15:47:54 ERROR errorhandler.py:105: Property: Invalid value for "CSS Level 2.1" property: "#a1efe4" [50:5: color]
2024-12-02 15:47:54 ERROR errorhandler.py:105: Property: Invalid value for "CSS Level 2.1" property: "#f8f8f2" [63:5: color]
2024-12-02 15:47:54 ERROR errorhandler.py:105: Property: Invalid value for "CSS Level 2.1" property: "#f8f8f2" [67:5: color]
2024-12-02 15:47:54 ERROR errorhandler.py:105: Property: Invalid value for "CSS Level 2.1" property: "#f8f8f2" [72:5: color]
2024-12-02 15:47:54 ERROR errorhandler.py:105: Property: Invalid value for "CSS Level 2.1" property: "#f8f8f2" [119:5: color]
2024-12-02 15:47:54 ERROR errorhandler.py:105: Property: Invalid value for "CSS Level 2.1" property: "#272822" [137:5: color]
2024-12-02 15:47:54 ERROR errorhandler.py:105: Property: Invalid value for "CSS Level 2.1" property: "#f8f8f2" [6:5: color]
2024-12-02 15:47:54 ERROR errorhandler.py:105: Property: Invalid value for "CSS Level 2.1" property: "#a1efe4" [50:5: color]
2024-12-02 15:47:54 ERROR errorhandler.py:105: Property: Invalid value for "CSS Level 2.1" property: "#f8f8f2" [63:5: color]
2024-12-02 15:47:54 ERROR errorhandler.py:105: Property: Invalid value for "CSS Level 2.1" property: "#f8f8f2" [67:5: color]
2024-12-02 15:47:54 ERROR errorhandler.py:105: Property: Invalid value for "CSS Level 2.1" property: "#f8f8f2" [72:5: color]
2024-12-02 15:47:54 ERROR errorhandler.py:105: Property: Invalid value for "CSS Level 2.1" property: "#f8f8f2" [119:5: color]
2024-12-02 15:47:54 ERROR errorhandler.py:105: Property: Invalid value for "CSS Level 2.1" property: "#272822" [137:5: color]
2024-12-02 15:47:54 ERROR errorhandler.py:105: Property: Invalid value for "CSS Level 2.1" property: "#f8f8f2" [6:5: color]
2024-12-02 15:47:54 ERROR errorhandler.py:105: Property: Invalid value for "CSS Level 2.1" property: "#a1efe4" [50:5: color]
2024-12-02 15:47:54 ERROR errorhandler.py:105: Property: Invalid value for "CSS Level 2.1" property: "#f8f8f2" [63:5: color]
2024-12-02 15:47:54 ERROR errorhandler.py:105: Property: Invalid value for "CSS Level 2.1" property: "#f8f8f2" [67:5: color]
2024-12-02 15:47:54 ERROR errorhandler.py:105: Property: Invalid value for "CSS Level 2.1" property: "#f8f8f2" [72:5: color]
2024-12-02 15:47:54 ERROR errorhandler.py:105: Property: Invalid value for "CSS Level 2.1" property: "#f8f8f2" [119:5: color]
2024-12-02 15:47:54 ERROR errorhandler.py:105: Property: Invalid value for "CSS Level 2.1" property: "#272822" [137:5: color]
2024-12-02 15:47:55 ERROR errorhandler.py:105: Property: Invalid value for "CSS Level 2.1" property: "#f8f8f2" [6:5: color]
2024-12-02 15:47:55 ERROR errorhandler.py:105: Property: Invalid value for "CSS Level 2.1" property: "#a1efe4" [50:5: color]
2024-12-02 15:47:55 ERROR errorhandler.py:105: Property: Invalid value for "CSS Level 2.1" property: "#f8f8f2" [63:5: color]
2024-12-02 15:47:55 ERROR errorhandler.py:105: Property: Invalid value for "CSS Level 2.1" property: "#f8f8f2" [67:5: color]
2024-12-02 15:47:55 ERROR errorhandler.py:105: Property: Invalid value for "CSS Level 2.1" property: "#f8f8f2" [72:5: color]
2024-12-02 15:47:55 ERROR errorhandler.py:105: Property: Invalid value for "CSS Level 2.1" property: "#f8f8f2" [119:5: color]
2024-12-02 15:47:55 ERROR errorhandler.py:105: Property: Invalid value for "CSS Level 2.1" property: "#272822" [137:5: color]
2024-12-02 15:47:55 ERROR errorhandler.py:105: Property: Invalid value for "CSS Level 2.1" property: "#f8f8f2" [6:5: color]
2024-12-02 15:47:55 ERROR errorhandler.py:105: Property: Invalid value for "CSS Level 2.1" property: "#a1efe4" [50:5: color]
2024-12-02 15:47:55 ERROR errorhandler.py:105: Property: Invalid value for "CSS Level 2.1" property: "#f8f8f2" [63:5: color]
2024-12-02 15:47:55 ERROR errorhandler.py:105: Property: Invalid value for "CSS Level 2.1" property: "#f8f8f2" [67:5: color]
2024-12-02 15:47:55 ERROR errorhandler.py:105: Property: Invalid value for "CSS Level 2.1" property: "#f8f8f2" [72:5: color]
2024-12-02 15:47:55 ERROR errorhandler.py:105: Property: Invalid value for "CSS Level 2.1" property: "#f8f8f2" [119:5: color]
2024-12-02 15:47:55 ERROR errorhandler.py:105: Property: Invalid value for "CSS Level 2.1" property: "#272822" [137:5: color]
2024-12-02 15:47:55 ERROR errorhandler.py:105: Property: Invalid value for "CSS Level 2.1" property: "#f8f8f2" [6:5: color]
2024-12-02 15:47:55 ERROR errorhandler.py:105: Property: Invalid value for "CSS Level 2.1" property: "#a1efe4" [50:5: color]
2024-12-02 15:47:55 ERROR errorhandler.py:105: Property: Invalid value for "CSS Level 2.1" property: "#f8f8f2" [63:5: color]
2024-12-02 15:47:55 ERROR errorhandler.py:105: Property: Invalid value for "CSS Level 2.1" property: "#f8f8f2" [67:5: color]
2024-12-02 15:47:55 ERROR errorhandler.py:105: Property: Invalid value for "CSS Level 2.1" property: "#f8f8f2" [72:5: color]
2024-12-02 15:47:55 ERROR errorhandler.py:105: Property: Invalid value for "CSS Level 2.1" property: "#f8f8f2" [119:5: color]
2024-12-02 15:47:55 ERROR errorhandler.py:105: Property: Invalid value for "CSS Level 2.1" property: "#272822" [137:5: color]
2024-12-02 15:47:56 ERROR errorhandler.py:105: Property: Invalid value for "CSS Level 2.1" property: "#f8f8f2" [6:5: color]
2024-12-02 15:47:56 ERROR errorhandler.py:105: Property: Invalid value for "CSS Level 2.1" property: "#a1efe4" [50:5: color]
2024-12-02 15:47:56 ERROR errorhandler.py:105: Property: Invalid value for "CSS Level 2.1" property: "#f8f8f2" [63:5: color]
2024-12-02 15:47:56 ERROR errorhandler.py:105: Property: Invalid value for "CSS Level 2.1" property: "#f8f8f2" [67:5: color]
2024-12-02 15:47:56 ERROR errorhandler.py:105: Property: Invalid value for "CSS Level 2.1" property: "#f8f8f2" [72:5: color]
2024-12-02 15:47:56 ERROR errorhandler.py:105: Property: Invalid value for "CSS Level 2.1" property: "#f8f8f2" [119:5: color]
2024-12-02 15:47:56 ERROR errorhandler.py:105: Property: Invalid value for "CSS Level 2.1" property: "#272822" [137:5: color]
2024-12-02 15:47:56 ERROR errorhandler.py:105: Property: Invalid value for "CSS Level 2.1" property: "#f8f8f2" [6:5: color]
2024-12-02 15:47:56 ERROR errorhandler.py:105: Property: Invalid value for "CSS Level 2.1" property: "#a1efe4" [50:5: color]
2024-12-02 15:47:56 ERROR errorhandler.py:105: Property: Invalid value for "CSS Level 2.1" property: "#f8f8f2" [63:5: color]
2024-12-02 15:47:56 ERROR errorhandler.py:105: Property: Invalid value for "CSS Level 2.1" property: "#f8f8f2" [67:5: color]
2024-12-02 15:47:56 ERROR errorhandler.py:105: Property: Invalid value for "CSS Level 2.1" property: "#f8f8f2" [72:5: color]
2024-12-02 15:47:56 ERROR errorhandler.py:105: Property: Invalid value for "CSS Level 2.1" property: "#f8f8f2" [119:5: color]
2024-12-02 15:47:56 ERROR errorhandler.py:105: Property: Invalid value for "CSS Level 2.1" property: "#272822" [137:5: color]
2024-12-02 15:47:56 ERROR errorhandler.py:105: Property: Invalid value for "CSS Level 2.1" property: "#f8f8f2" [6:5: color]
2024-12-02 15:47:56 ERROR errorhandler.py:105: Property: Invalid value for "CSS Level 2.1" property: "#a1efe4" [50:5: color]
2024-12-02 15:47:56 ERROR errorhandler.py:105: Property: Invalid value for "CSS Level 2.1" property: "#f8f8f2" [63:5: color]
2024-12-02 15:47:56 ERROR errorhandler.py:105: Property: Invalid value for "CSS Level 2.1" property: "#f8f8f2" [67:5: color]
2024-12-02 15:47:56 ERROR errorhandler.py:105: Property: Invalid value for "CSS Level 2.1" property: "#f8f8f2" [72:5: color]
2024-12-02 15:47:56 ERROR errorhandler.py:105: Property: Invalid value for "CSS Level 2.1" property: "#f8f8f2" [119:5: color]
2024-12-02 15:47:56 ERROR errorhandler.py:105: Property: Invalid value for "CSS Level 2.1" property: "#272822" [137:5: color]
2024-12-02 15:47:56 ERROR errorhandler.py:105: Property: Invalid value for "CSS Level 2.1" property: "#f8f8f2" [6:5: color]
2024-12-02 15:47:56 ERROR errorhandler.py:105: Property: Invalid value for "CSS Level 2.1" property: "#a1efe4" [50:5: color]
2024-12-02 15:47:56 ERROR errorhandler.py:105: Property: Invalid value for "CSS Level 2.1" property: "#f8f8f2" [63:5: color]
2024-12-02 15:47:56 ERROR errorhandler.py:105: Property: Invalid value for "CSS Level 2.1" property: "#f8f8f2" [67:5: color]
2024-12-02 15:47:56 ERROR errorhandler.py:105: Property: Invalid value for "CSS Level 2.1" property: "#f8f8f2" [72:5: color]
2024-12-02 15:47:56 ERROR errorhandler.py:105: Property: Invalid value for "CSS Level 2.1" property: "#f8f8f2" [119:5: color]
2024-12-02 15:47:56 ERROR errorhandler.py:105: Property: Invalid value for "CSS Level 2.1" property: "#272822" [137:5: color]
2024-12-02 15:47:59 ERROR errorhandler.py:105: Property: Invalid value for "CSS Level 2.1" property: "#f8f8f2" [6:5: color]
2024-12-02 15:47:59 ERROR errorhandler.py:105: Property: Invalid value for "CSS Level 2.1" property: "#a1efe4" [50:5: color]
2024-12-02 15:47:59 ERROR errorhandler.py:105: Property: Invalid value for "CSS Level 2.1" property: "#f8f8f2" [63:5: color]
2024-12-02 15:47:59 ERROR errorhandler.py:105: Property: Invalid value for "CSS Level 2.1" property: "#f8f8f2" [67:5: color]
2024-12-02 15:47:59 ERROR errorhandler.py:105: Property: Invalid value for "CSS Level 2.1" property: "#f8f8f2" [72:5: color]
2024-12-02 15:47:59 ERROR errorhandler.py:105: Property: Invalid value for "CSS Level 2.1" property: "#f8f8f2" [119:5: color]
2024-12-02 15:47:59 ERROR errorhandler.py:105: Property: Invalid value for "CSS Level 2.1" property: "#272822" [137:5: color]
2024-12-02 15:47:59 ERROR errorhandler.py:105: Property: Invalid value for "CSS Level 2.1" property: "#f8f8f2" [6:5: color]
2024-12-02 15:47:59 ERROR errorhandler.py:105: Property: Invalid value for "CSS Level 2.1" property: "#a1efe4" [50:5: color]
2024-12-02 15:47:59 ERROR errorhandler.py:105: Property: Invalid value for "CSS Level 2.1" property: "#f8f8f2" [63:5: color]
2024-12-02 15:47:59 ERROR errorhandler.py:105: Property: Invalid value for "CSS Level 2.1" property: "#f8f8f2" [67:5: color]
2024-12-02 15:47:59 ERROR errorhandler.py:105: Property: Invalid value for "CSS Level 2.1" property: "#f8f8f2" [72:5: color]
2024-12-02 15:47:59 ERROR errorhandler.py:105: Property: Invalid value for "CSS Level 2.1" property: "#f8f8f2" [119:5: color]
2024-12-02 15:47:59 ERROR errorhandler.py:105: Property: Invalid value for "CSS Level 2.1" property: "#272822" [137:5: color]
2024-12-02 15:47:59 ERROR errorhandler.py:105: Property: Invalid value for "CSS Level 2.1" property: "#f8f8f2" [6:5: color]
2024-12-02 15:47:59 ERROR errorhandler.py:105: Property: Invalid value for "CSS Level 2.1" property: "#a1efe4" [50:5: color]
2024-12-02 15:47:59 ERROR errorhandler.py:105: Property: Invalid value for "CSS Level 2.1" property: "#f8f8f2" [63:5: color]
2024-12-02 15:47:59 ERROR errorhandler.py:105: Property: Invalid value for "CSS Level 2.1" property: "#f8f8f2" [67:5: color]
2024-12-02 15:47:59 ERROR errorhandler.py:105: Property: Invalid value for "CSS Level 2.1" property: "#f8f8f2" [72:5: color]
2024-12-02 15:47:59 ERROR errorhandler.py:105: Property: Invalid value for "CSS Level 2.1" property: "#f8f8f2" [119:5: color]
2024-12-02 15:47:59 ERROR errorhandler.py:105: Property: Invalid value for "CSS Level 2.1" property: "#272822" [137:5: color]
2024-12-02 15:47:59 ERROR errorhandler.py:105: Property: Invalid value for "CSS Level 2.1" property: "#f8f8f2" [6:5: color]
2024-12-02 15:47:59 ERROR errorhandler.py:105: Property: Invalid value for "CSS Level 2.1" property: "#a1efe4" [50:5: color]
2024-12-02 15:47:59 ERROR errorhandler.py:105: Property: Invalid value for "CSS Level 2.1" property: "#f8f8f2" [63:5: color]
2024-12-02 15:47:59 ERROR errorhandler.py:105: Property: Invalid value for "CSS Level 2.1" property: "#f8f8f2" [67:5: color]
2024-12-02 15:47:59 ERROR errorhandler.py:105: Property: Invalid value for "CSS Level 2.1" property: "#f8f8f2" [72:5: color]
2024-12-02 15:47:59 ERROR errorhandler.py:105: Property: Invalid value for "CSS Level 2.1" property: "#f8f8f2" [119:5: color]
2024-12-02 15:47:59 ERROR errorhandler.py:105: Property: Invalid value for "CSS Level 2.1" property: "#272822" [137:5: color]
2024-12-02 15:48:00 ERROR errorhandler.py:105: Property: Invalid value for "CSS Level 2.1" property: "#f8f8f2" [6:5: color]
2024-12-02 15:48:00 ERROR errorhandler.py:105: Property: Invalid value for "CSS Level 2.1" property: "#a1efe4" [50:5: color]
2024-12-02 15:48:00 ERROR errorhandler.py:105: Property: Invalid value for "CSS Level 2.1" property: "#f8f8f2" [63:5: color]
2024-12-02 15:48:00 ERROR errorhandler.py:105: Property: Invalid value for "CSS Level 2.1" property: "#f8f8f2" [67:5: color]
2024-12-02 15:48:00 ERROR errorhandler.py:105: Property: Invalid value for "CSS Level 2.1" property: "#f8f8f2" [72:5: color]
2024-12-02 15:48:00 ERROR errorhandler.py:105: Property: Invalid value for "CSS Level 2.1" property: "#f8f8f2" [119:5: color]
2024-12-02 15:48:00 ERROR errorhandler.py:105: Property: Invalid value for "CSS Level 2.1" property: "#272822" [137:5: color]
2024-12-02 15:48:00 ERROR errorhandler.py:105: Property: Invalid value for "CSS Level 2.1" property: "#f8f8f2" [6:5: color]
2024-12-02 15:48:00 ERROR errorhandler.py:105: Property: Invalid value for "CSS Level 2.1" property: "#a1efe4" [50:5: color]
2024-12-02 15:48:00 ERROR errorhandler.py:105: Property: Invalid value for "CSS Level 2.1" property: "#f8f8f2" [63:5: color]
2024-12-02 15:48:00 ERROR errorhandler.py:105: Property: Invalid value for "CSS Level 2.1" property: "#f8f8f2" [67:5: color]
2024-12-02 15:48:00 ERROR errorhandler.py:105: Property: Invalid value for "CSS Level 2.1" property: "#f8f8f2" [72:5: color]
2024-12-02 15:48:00 ERROR errorhandler.py:105: Property: Invalid value for "CSS Level 2.1" property: "#f8f8f2" [119:5: color]
2024-12-02 15:48:00 ERROR errorhandler.py:105: Property: Invalid value for "CSS Level 2.1" property: "#272822" [137:5: color]
2024-12-02 15:48:02 ERROR errorhandler.py:105: Property: Invalid value for "CSS Level 2.1" property: "#f8f8f2" [6:5: color]
2024-12-02 15:48:02 ERROR errorhandler.py:105: Property: Invalid value for "CSS Level 2.1" property: "#a1efe4" [50:5: color]
2024-12-02 15:48:02 ERROR errorhandler.py:105: Property: Invalid value for "CSS Level 2.1" property: "#f8f8f2" [63:5: color]
2024-12-02 15:48:02 ERROR errorhandler.py:105: Property: Invalid value for "CSS Level 2.1" property: "#f8f8f2" [67:5: color]
2024-12-02 15:48:02 ERROR errorhandler.py:105: Property: Invalid value for "CSS Level 2.1" property: "#f8f8f2" [72:5: color]
2024-12-02 15:48:02 ERROR errorhandler.py:105: Property: Invalid value for "CSS Level 2.1" property: "#f8f8f2" [119:5: color]
2024-12-02 15:48:02 ERROR errorhandler.py:105: Property: Invalid value for "CSS Level 2.1" property: "#272822" [137:5: color]
2024-12-02 15:48:02 ERROR errorhandler.py:105: Property: Invalid value for "CSS Level 2.1" property: "#f8f8f2" [6:5: color]
2024-12-02 15:48:02 ERROR errorhandler.py:105: Property: Invalid value for "CSS Level 2.1" property: "#a1efe4" [50:5: color]
2024-12-02 15:48:02 ERROR errorhandler.py:105: Property: Invalid value for "CSS Level 2.1" property: "#f8f8f2" [63:5: color]
2024-12-02 15:48:02 ERROR errorhandler.py:105: Property: Invalid value for "CSS Level 2.1" property: "#f8f8f2" [67:5: color]
2024-12-02 15:48:02 ERROR errorhandler.py:105: Property: Invalid value for "CSS Level 2.1" property: "#f8f8f2" [72:5: color]
2024-12-02 15:48:02 ERROR errorhandler.py:105: Property: Invalid value for "CSS Level 2.1" property: "#f8f8f2" [119:5: color]
2024-12-02 15:48:02 ERROR errorhandler.py:105: Property: Invalid value for "CSS Level 2.1" property: "#272822" [137:5: color]
2024-12-02 15:48:03 ERROR errorhandler.py:105: Property: Invalid value for "CSS Level 2.1" property: "#f8f8f2" [6:5: color]
2024-12-02 15:48:03 ERROR errorhandler.py:105: Property: Invalid value for "CSS Level 2.1" property: "#a1efe4" [50:5: color]
2024-12-02 15:48:03 ERROR errorhandler.py:105: Property: Invalid value for "CSS Level 2.1" property: "#f8f8f2" [63:5: color]
2024-12-02 15:48:03 ERROR errorhandler.py:105: Property: Invalid value for "CSS Level 2.1" property: "#f8f8f2" [67:5: color]
2024-12-02 15:48:03 ERROR errorhandler.py:105: Property: Invalid value for "CSS Level 2.1" property: "#f8f8f2" [72:5: color]
2024-12-02 15:48:03 ERROR errorhandler.py:105: Property: Invalid value for "CSS Level 2.1" property: "#f8f8f2" [119:5: color]
2024-12-02 15:48:03 ERROR errorhandler.py:105: Property: Invalid value for "CSS Level 2.1" property: "#272822" [137:5: color]
2024-12-02 15:48:03 ERROR errorhandler.py:105: Property: Invalid value for "CSS Level 2.1" property: "#f8f8f2" [6:5: color]
2024-12-02 15:48:03 ERROR errorhandler.py:105: Property: Invalid value for "CSS Level 2.1" property: "#a1efe4" [50:5: color]
2024-12-02 15:48:03 ERROR errorhandler.py:105: Property: Invalid value for "CSS Level 2.1" property: "#f8f8f2" [63:5: color]
2024-12-02 15:48:03 ERROR errorhandler.py:105: Property: Invalid value for "CSS Level 2.1" property: "#f8f8f2" [67:5: color]
2024-12-02 15:48:03 ERROR errorhandler.py:105: Property: Invalid value for "CSS Level 2.1" property: "#f8f8f2" [72:5: color]
2024-12-02 15:48:03 ERROR errorhandler.py:105: Property: Invalid value for "CSS Level 2.1" property: "#f8f8f2" [119:5: color]
2024-12-02 15:48:03 ERROR errorhandler.py:105: Property: Invalid value for "CSS Level 2.1" property: "#272822" [137:5: color]
2024-12-02 15:48:03 ERROR errorhandler.py:105: Property: Invalid value for "CSS Level 2.1" property: "#f8f8f2" [6:5: color]
2024-12-02 15:48:03 ERROR errorhandler.py:105: Property: Invalid value for "CSS Level 2.1" property: "#a1efe4" [50:5: color]
2024-12-02 15:48:03 ERROR errorhandler.py:105: Property: Invalid value for "CSS Level 2.1" property: "#f8f8f2" [63:5: color]
2024-12-02 15:48:03 ERROR errorhandler.py:105: Property: Invalid value for "CSS Level 2.1" property: "#f8f8f2" [67:5: color]
2024-12-02 15:48:03 ERROR errorhandler.py:105: Property: Invalid value for "CSS Level 2.1" property: "#f8f8f2" [72:5: color]
2024-12-02 15:48:03 ERROR errorhandler.py:105: Property: Invalid value for "CSS Level 2.1" property: "#f8f8f2" [119:5: color]
2024-12-02 15:48:03 ERROR errorhandler.py:105: Property: Invalid value for "CSS Level 2.1" property: "#272822" [137:5: color]
2024-12-02 15:48:03 ERROR errorhandler.py:105: Property: Invalid value for "CSS Level 2.1" property: "#f8f8f2" [6:5: color]
2024-12-02 15:48:03 ERROR errorhandler.py:105: Property: Invalid value for "CSS Level 2.1" property: "#a1efe4" [50:5: color]
2024-12-02 15:48:03 ERROR errorhandler.py:105: Property: Invalid value for "CSS Level 2.1" property: "#f8f8f2" [63:5: color]
2024-12-02 15:48:03 ERROR errorhandler.py:105: Property: Invalid value for "CSS Level 2.1" property: "#f8f8f2" [67:5: color]
2024-12-02 15:48:03 ERROR errorhandler.py:105: Property: Invalid value for "CSS Level 2.1" property: "#f8f8f2" [72:5: color]
2024-12-02 15:48:03 ERROR errorhandler.py:105: Property: Invalid value for "CSS Level 2.1" property: "#f8f8f2" [119:5: color]
2024-12-02 15:48:03 ERROR errorhandler.py:105: Property: Invalid value for "CSS Level 2.1" property: "#272822" [137:5: color]
2024-12-02 15:48:03 ERROR errorhandler.py:105: Property: Invalid value for "CSS Level 2.1" property: "#f8f8f2" [6:5: color]
2024-12-02 15:48:03 ERROR errorhandler.py:105: Property: Invalid value for "CSS Level 2.1" property: "#a1efe4" [50:5: color]
2024-12-02 15:48:03 ERROR errorhandler.py:105: Property: Invalid value for "CSS Level 2.1" property: "#f8f8f2" [63:5: color]
2024-12-02 15:48:03 ERROR errorhandler.py:105: Property: Invalid value for "CSS Level 2.1" property: "#f8f8f2" [67:5: color]
2024-12-02 15:48:03 ERROR errorhandler.py:105: Property: Invalid value for "CSS Level 2.1" property: "#f8f8f2" [72:5: color]
2024-12-02 15:48:03 ERROR errorhandler.py:105: Property: Invalid value for "CSS Level 2.1" property: "#f8f8f2" [119:5: color]
2024-12-02 15:48:03 ERROR errorhandler.py:105: Property: Invalid value for "CSS Level 2.1" property: "#272822" [137:5: color]
2024-12-02 15:48:03 ERROR errorhandler.py:105: Property: Invalid value for "CSS Level 2.1" property: "#f8f8f2" [6:5: color]
2024-12-02 15:48:03 ERROR errorhandler.py:105: Property: Invalid value for "CSS Level 2.1" property: "#a1efe4" [50:5: color]
2024-12-02 15:48:03 ERROR errorhandler.py:105: Property: Invalid value for "CSS Level 2.1" property: "#f8f8f2" [63:5: color]
2024-12-02 15:48:03 ERROR errorhandler.py:105: Property: Invalid value for "CSS Level 2.1" property: "#f8f8f2" [67:5: color]
2024-12-02 15:48:03 ERROR errorhandler.py:105: Property: Invalid value for "CSS Level 2.1" property: "#f8f8f2" [72:5: color]
2024-12-02 15:48:03 ERROR errorhandler.py:105: Property: Invalid value for "CSS Level 2.1" property: "#f8f8f2" [119:5: color]
2024-12-02 15:48:03 ERROR errorhandler.py:105: Property: Invalid value for "CSS Level 2.1" property: "#272822" [137:5: color]
2024-12-02 15:48:04 ERROR errorhandler.py:105: Property: Invalid value for "CSS Level 2.1" property: "#f8f8f2" [6:5: color]
2024-12-02 15:48:04 ERROR errorhandler.py:105: Property: Invalid value for "CSS Level 2.1" property: "#a1efe4" [50:5: color]
2024-12-02 15:48:04 ERROR errorhandler.py:105: Property: Invalid value for "CSS Level 2.1" property: "#f8f8f2" [63:5: color]
2024-12-02 15:48:04 ERROR errorhandler.py:105: Property: Invalid value for "CSS Level 2.1" property: "#f8f8f2" [67:5: color]
2024-12-02 15:48:04 ERROR errorhandler.py:105: Property: Invalid value for "CSS Level 2.1" property: "#f8f8f2" [72:5: color]
2024-12-02 15:48:04 ERROR errorhandler.py:105: Property: Invalid value for "CSS Level 2.1" property: "#f8f8f2" [119:5: color]
2024-12-02 15:48:04 ERROR errorhandler.py:105: Property: Invalid value for "CSS Level 2.1" property: "#272822" [137:5: color]
2024-12-02 15:48:04 ERROR errorhandler.py:105: Property: Invalid value for "CSS Level 2.1" property: "#f8f8f2" [6:5: color]
2024-12-02 15:48:04 ERROR errorhandler.py:105: Property: Invalid value for "CSS Level 2.1" property: "#a1efe4" [50:5: color]
2024-12-02 15:48:04 ERROR errorhandler.py:105: Property: Invalid value for "CSS Level 2.1" property: "#f8f8f2" [63:5: color]
2024-12-02 15:48:04 ERROR errorhandler.py:105: Property: Invalid value for "CSS Level 2.1" property: "#f8f8f2" [67:5: color]
2024-12-02 15:48:04 ERROR errorhandler.py:105: Property: Invalid value for "CSS Level 2.1" property: "#f8f8f2" [72:5: color]
2024-12-02 15:48:04 ERROR errorhandler.py:105: Property: Invalid value for "CSS Level 2.1" property: "#f8f8f2" [119:5: color]
2024-12-02 15:48:04 ERROR errorhandler.py:105: Property: Invalid value for "CSS Level 2.1" property: "#272822" [137:5: color]
2024-12-02 15:48:04 ERROR errorhandler.py:105: Property: Invalid value for "CSS Level 2.1" property: "#f8f8f2" [6:5: color]
2024-12-02 15:48:04 ERROR errorhandler.py:105: Property: Invalid value for "CSS Level 2.1" property: "#a1efe4" [50:5: color]
2024-12-02 15:48:04 ERROR errorhandler.py:105: Property: Invalid value for "CSS Level 2.1" property: "#f8f8f2" [63:5: color]
2024-12-02 15:48:04 ERROR errorhandler.py:105: Property: Invalid value for "CSS Level 2.1" property: "#f8f8f2" [67:5: color]
2024-12-02 15:48:04 ERROR errorhandler.py:105: Property: Invalid value for "CSS Level 2.1" property: "#f8f8f2" [72:5: color]
2024-12-02 15:48:04 ERROR errorhandler.py:105: Property: Invalid value for "CSS Level 2.1" property: "#f8f8f2" [119:5: color]
2024-12-02 15:48:04 ERROR errorhandler.py:105: Property: Invalid value for "CSS Level 2.1" property: "#272822" [137:5: color]
2024-12-02 15:48:04 ERROR errorhandler.py:105: Property: Invalid value for "CSS Level 2.1" property: "#f8f8f2" [6:5: color]
2024-12-02 15:48:04 ERROR errorhandler.py:105: Property: Invalid value for "CSS Level 2.1" property: "#a1efe4" [50:5: color]
2024-12-02 15:48:04 ERROR errorhandler.py:105: Property: Invalid value for "CSS Level 2.1" property: "#f8f8f2" [63:5: color]
2024-12-02 15:48:04 ERROR errorhandler.py:105: Property: Invalid value for "CSS Level 2.1" property: "#f8f8f2" [67:5: color]
2024-12-02 15:48:04 ERROR errorhandler.py:105: Property: Invalid value for "CSS Level 2.1" property: "#f8f8f2" [72:5: color]
2024-12-02 15:48:04 ERROR errorhandler.py:105: Property: Invalid value for "CSS Level 2.1" property: "#f8f8f2" [119:5: color]
2024-12-02 15:48:04 ERROR errorhandler.py:105: Property: Invalid value for "CSS Level 2.1" property: "#272822" [137:5: color]
2024-12-02 15:48:05 ERROR errorhandler.py:105: Property: Invalid value for "CSS Level 2.1" property: "#f8f8f2" [6:5: color]
2024-12-02 15:48:05 ERROR errorhandler.py:105: Property: Invalid value for "CSS Level 2.1" property: "#a1efe4" [50:5: color]
2024-12-02 15:48:05 ERROR errorhandler.py:105: Property: Invalid value for "CSS Level 2.1" property: "#f8f8f2" [63:5: color]
2024-12-02 15:48:05 ERROR errorhandler.py:105: Property: Invalid value for "CSS Level 2.1" property: "#f8f8f2" [67:5: color]
2024-12-02 15:48:05 ERROR errorhandler.py:105: Property: Invalid value for "CSS Level 2.1" property: "#f8f8f2" [72:5: color]
2024-12-02 15:48:05 ERROR errorhandler.py:105: Property: Invalid value for "CSS Level 2.1" property: "#f8f8f2" [119:5: color]
2024-12-02 15:48:05 ERROR errorhandler.py:105: Property: Invalid value for "CSS Level 2.1" property: "#272822" [137:5: color]
2024-12-02 15:48:05 ERROR errorhandler.py:105: Property: Invalid value for "CSS Level 2.1" property: "#f8f8f2" [6:5: color]
2024-12-02 15:48:05 ERROR errorhandler.py:105: Property: Invalid value for "CSS Level 2.1" property: "#a1efe4" [50:5: color]
2024-12-02 15:48:05 ERROR errorhandler.py:105: Property: Invalid value for "CSS Level 2.1" property: "#f8f8f2" [63:5: color]
2024-12-02 15:48:05 ERROR errorhandler.py:105: Property: Invalid value for "CSS Level 2.1" property: "#f8f8f2" [67:5: color]
2024-12-02 15:48:05 ERROR errorhandler.py:105: Property: Invalid value for "CSS Level 2.1" property: "#f8f8f2" [72:5: color]
2024-12-02 15:48:05 ERROR errorhandler.py:105: Property: Invalid value for "CSS Level 2.1" property: "#f8f8f2" [119:5: color]
2024-12-02 15:48:05 ERROR errorhandler.py:105: Property: Invalid value for "CSS Level 2.1" property: "#272822" [137:5: color]
2024-12-02 15:48:05 ERROR errorhandler.py:105: Property: Invalid value for "CSS Level 2.1" property: "#f8f8f2" [6:5: color]
2024-12-02 15:48:05 ERROR errorhandler.py:105: Property: Invalid value for "CSS Level 2.1" property: "#a1efe4" [50:5: color]
2024-12-02 15:48:05 ERROR errorhandler.py:105: Property: Invalid value for "CSS Level 2.1" property: "#f8f8f2" [63:5: color]
2024-12-02 15:48:05 ERROR errorhandler.py:105: Property: Invalid value for "CSS Level 2.1" property: "#f8f8f2" [67:5: color]
2024-12-02 15:48:05 ERROR errorhandler.py:105: Property: Invalid value for "CSS Level 2.1" property: "#f8f8f2" [72:5: color]
2024-12-02 15:48:05 ERROR errorhandler.py:105: Property: Invalid value for "CSS Level 2.1" property: "#f8f8f2" [119:5: color]
2024-12-02 15:48:05 ERROR errorhandler.py:105: Property: Invalid value for "CSS Level 2.1" property: "#272822" [137:5: color]
2024-12-02 15:48:05 ERROR errorhandler.py:105: Property: Invalid value for "CSS Level 2.1" property: "#f8f8f2" [6:5: color]
2024-12-02 15:48:05 ERROR errorhandler.py:105: Property: Invalid value for "CSS Level 2.1" property: "#a1efe4" [50:5: color]
2024-12-02 15:48:05 ERROR errorhandler.py:105: Property: Invalid value for "CSS Level 2.1" property: "#f8f8f2" [63:5: color]
2024-12-02 15:48:05 ERROR errorhandler.py:105: Property: Invalid value for "CSS Level 2.1" property: "#f8f8f2" [67:5: color]
2024-12-02 15:48:05 ERROR errorhandler.py:105: Property: Invalid value for "CSS Level 2.1" property: "#f8f8f2" [72:5: color]
2024-12-02 15:48:05 ERROR errorhandler.py:105: Property: Invalid value for "CSS Level 2.1" property: "#f8f8f2" [119:5: color]
2024-12-02 15:48:05 ERROR errorhandler.py:105: Property: Invalid value for "CSS Level 2.1" property: "#272822" [137:5: color]
2024-12-02 15:48:05 ERROR errorhandler.py:105: Property: Invalid value for "CSS Level 2.1" property: "#f8f8f2" [6:5: color]
2024-12-02 15:48:05 ERROR errorhandler.py:105: Property: Invalid value for "CSS Level 2.1" property: "#a1efe4" [50:5: color]
2024-12-02 15:48:05 ERROR errorhandler.py:105: Property: Invalid value for "CSS Level 2.1" property: "#f8f8f2" [63:5: color]
2024-12-02 15:48:05 ERROR errorhandler.py:105: Property: Invalid value for "CSS Level 2.1" property: "#f8f8f2" [67:5: color]
2024-12-02 15:48:05 ERROR errorhandler.py:105: Property: Invalid value for "CSS Level 2.1" property: "#f8f8f2" [72:5: color]
2024-12-02 15:48:05 ERROR errorhandler.py:105: Property: Invalid value for "CSS Level 2.1" property: "#f8f8f2" [119:5: color]
2024-12-02 15:48:05 ERROR errorhandler.py:105: Property: Invalid value for "CSS Level 2.1" property: "#272822" [137:5: color]
2024-12-02 15:48:05 ERROR errorhandler.py:105: Property: Invalid value for "CSS Level 2.1" property: "#f8f8f2" [6:5: color]
2024-12-02 15:48:05 ERROR errorhandler.py:105: Property: Invalid value for "CSS Level 2.1" property: "#a1efe4" [50:5: color]
2024-12-02 15:48:05 ERROR errorhandler.py:105: Property: Invalid value for "CSS Level 2.1" property: "#f8f8f2" [63:5: color]
2024-12-02 15:48:05 ERROR errorhandler.py:105: Property: Invalid value for "CSS Level 2.1" property: "#f8f8f2" [67:5: color]
2024-12-02 15:48:05 ERROR errorhandler.py:105: Property: Invalid value for "CSS Level 2.1" property: "#f8f8f2" [72:5: color]
2024-12-02 15:48:05 ERROR errorhandler.py:105: Property: Invalid value for "CSS Level 2.1" property: "#f8f8f2" [119:5: color]
2024-12-02 15:48:05 ERROR errorhandler.py:105: Property: Invalid value for "CSS Level 2.1" property: "#272822" [137:5: color]
2024-12-02 15:48:15 INFO tray.py:205: Exiting Application from tray...
2024-12-02 15:48:15 DEBUG _windows.py:218: Stopping worker thread...
2024-12-02 15:48:15 DEBUG _windows.py:201: Exiting thread
2024-12-02 15:48:15 DEBUG _windows.py:75: Closing
2024-12-08 17:07:20 INFO log.py:21: Yasb
2024-12-08 17:07:20 ERROR errorhandler.py:105: Property: Invalid value for "CSS Level 2.1" property: "#f8f8f2" [6:5: color]
2024-12-08 17:07:20 ERROR errorhandler.py:105: Property: Invalid value for "CSS Level 2.1" property: "#a1efe4" [50:5: color]
2024-12-08 17:07:20 ERROR errorhandler.py:105: Property: Invalid value for "CSS Level 2.1" property: "#f8f8f2" [63:5: color]
2024-12-08 17:07:21 ERROR errorhandler.py:105: Property: Invalid value for "CSS Level 2.1" property: "#f8f8f2" [67:5: color]
2024-12-08 17:07:21 ERROR errorhandler.py:105: Property: Invalid value for "CSS Level 2.1" property: "#f8f8f2" [72:5: color]
2024-12-08 17:07:21 ERROR errorhandler.py:105: Property: Invalid value for "CSS Level 2.1" property: "#f8f8f2" [119:5: color]
2024-12-08 17:07:21 ERROR errorhandler.py:105: Property: Invalid value for "CSS Level 2.1" property: "#272822" [137:5: color]
2024-12-08 17:07:21 DEBUG win32.py:58: Looking up time zone info from registry
2024-12-08 17:07:24 INFO weather.py:156: Fetched new weather data at 2024-12-08 17:07:24.465127
2024-12-08 17:07:24 DEBUG __init__.py:143: CoInitializeEx(None, 2)
2024-12-08 17:07:25 INFO weather.py:156: Fetched new weather data at 2024-12-08 17:07:25.296496
2024-12-08 17:07:25 INFO event_listener.py:52: Created named pipe yasb-b223e318-b52a-11ef-8ccc-e848b8c82000
2024-12-08 17:07:25 INFO event_listener.py:106: Waiting for Komorebi to subscribe to named pipe yasb-b223e318-b52a-11ef-8ccc-e848b8c82000
2024-12-08 17:07:25 INFO watcher.py:39: Created file watcher for path C:\Users\jojat\.config\yasb
2024-12-08 17:07:25 DEBUG _windows.py:213: Starting (proactor: <_IocpProactor overlapped#=0 result#=0>)...
2024-12-08 17:07:25 DEBUG _windows.py:192: Thread started
2024-12-08 17:07:25 INFO event_listener.py:118: Komorebi connected to named pipe: yasb-b223e318-b52a-11ef-8ccc-e848b8c82000
2024-12-08 17:07:31 ERROR errorhandler.py:105: Property: Invalid value for "CSS Level 2.1" property: "#f8f8f2" [6:5: color]
2024-12-08 17:07:31 ERROR errorhandler.py:105: Property: Invalid value for "CSS Level 2.1" property: "#a1efe4" [50:5: color]
2024-12-08 17:07:31 ERROR errorhandler.py:105: Property: Invalid value for "CSS Level 2.1" property: "#f8f8f2" [63:5: color]
2024-12-08 17:07:31 ERROR errorhandler.py:105: Property: Invalid value for "CSS Level 2.1" property: "#f8f8f2" [67:5: color]
2024-12-08 17:07:31 ERROR errorhandler.py:105: Property: Invalid value for "CSS Level 2.1" property: "#f8f8f2" [72:5: color]
2024-12-08 17:07:31 ERROR errorhandler.py:105: Property: Invalid value for "CSS Level 2.1" property: "#f8f8f2" [119:5: color]
2024-12-08 17:07:31 ERROR errorhandler.py:105: Property: Invalid value for "CSS Level 2.1" property: "#272822" [137:5: color]
2024-12-08 17:07:31 ERROR errorhandler.py:105: Property: Invalid value for "CSS Level 2.1" property: "#f8f8f2" [6:5: color]
2024-12-08 17:07:31 ERROR errorhandler.py:105: Property: Invalid value for "CSS Level 2.1" property: "#a1efe4" [50:5: color]
2024-12-08 17:07:31 ERROR errorhandler.py:105: Property: Invalid value for "CSS Level 2.1" property: "#f8f8f2" [63:5: color]
2024-12-08 17:07:31 ERROR errorhandler.py:105: Property: Invalid value for "CSS Level 2.1" property: "#f8f8f2" [67:5: color]
2024-12-08 17:07:31 ERROR errorhandler.py:105: Property: Invalid value for "CSS Level 2.1" property: "#f8f8f2" [72:5: color]
2024-12-08 17:07:31 ERROR errorhandler.py:105: Property: Invalid value for "CSS Level 2.1" property: "#f8f8f2" [119:5: color]
2024-12-08 17:07:31 ERROR errorhandler.py:105: Property: Invalid value for "CSS Level 2.1" property: "#272822" [137:5: color]
2024-12-08 17:07:31 ERROR errorhandler.py:105: Property: Invalid value for "CSS Level 2.1" property: "#f8f8f2" [6:5: color]
2024-12-08 17:07:31 ERROR errorhandler.py:105: Property: Invalid value for "CSS Level 2.1" property: "#a1efe4" [50:5: color]
2024-12-08 17:07:31 ERROR errorhandler.py:105: Property: Invalid value for "CSS Level 2.1" property: "#f8f8f2" [63:5: color]
2024-12-08 17:07:31 ERROR errorhandler.py:105: Property: Invalid value for "CSS Level 2.1" property: "#f8f8f2" [67:5: color]
2024-12-08 17:07:31 ERROR errorhandler.py:105: Property: Invalid value for "CSS Level 2.1" property: "#f8f8f2" [72:5: color]
2024-12-08 17:07:31 ERROR errorhandler.py:105: Property: Invalid value for "CSS Level 2.1" property: "#f8f8f2" [119:5: color]
2024-12-08 17:07:31 ERROR errorhandler.py:105: Property: Invalid value for "CSS Level 2.1" property: "#272822" [137:5: color]
2024-12-08 17:07:31 ERROR errorhandler.py:105: Property: Invalid value for "CSS Level 2.1" property: "#f8f8f2" [6:5: color]
2024-12-08 17:07:31 ERROR errorhandler.py:105: Property: Invalid value for "CSS Level 2.1" property: "#a1efe4" [50:5: color]
2024-12-08 17:07:31 ERROR errorhandler.py:105: Property: Invalid value for "CSS Level 2.1" property: "#f8f8f2" [63:5: color]
2024-12-08 17:07:31 ERROR errorhandler.py:105: Property: Invalid value for "CSS Level 2.1" property: "#f8f8f2" [67:5: color]
2024-12-08 17:07:31 ERROR errorhandler.py:105: Property: Invalid value for "CSS Level 2.1" property: "#f8f8f2" [72:5: color]
2024-12-08 17:07:31 ERROR errorhandler.py:105: Property: Invalid value for "CSS Level 2.1" property: "#f8f8f2" [119:5: color]
2024-12-08 17:07:31 ERROR errorhandler.py:105: Property: Invalid value for "CSS Level 2.1" property: "#272822" [137:5: color]
2024-12-08 17:07:32 ERROR errorhandler.py:105: Property: Invalid value for "CSS Level 2.1" property: "#f8f8f2" [6:5: color]
2024-12-08 17:07:32 ERROR errorhandler.py:105: Property: Invalid value for "CSS Level 2.1" property: "#a1efe4" [50:5: color]
2024-12-08 17:07:32 ERROR errorhandler.py:105: Property: Invalid value for "CSS Level 2.1" property: "#f8f8f2" [63:5: color]
2024-12-08 17:07:32 ERROR errorhandler.py:105: Property: Invalid value for "CSS Level 2.1" property: "#f8f8f2" [67:5: color]
2024-12-08 17:07:32 ERROR errorhandler.py:105: Property: Invalid value for "CSS Level 2.1" property: "#f8f8f2" [72:5: color]
2024-12-08 17:07:32 ERROR errorhandler.py:105: Property: Invalid value for "CSS Level 2.1" property: "#f8f8f2" [119:5: color]
2024-12-08 17:07:32 ERROR errorhandler.py:105: Property: Invalid value for "CSS Level 2.1" property: "#272822" [137:5: color]
2024-12-08 17:07:32 ERROR errorhandler.py:105: Property: Invalid value for "CSS Level 2.1" property: "#f8f8f2" [6:5: color]
2024-12-08 17:07:32 ERROR errorhandler.py:105: Property: Invalid value for "CSS Level 2.1" property: "#a1efe4" [50:5: color]
2024-12-08 17:07:32 ERROR errorhandler.py:105: Property: Invalid value for "CSS Level 2.1" property: "#f8f8f2" [63:5: color]
2024-12-08 17:07:32 ERROR errorhandler.py:105: Property: Invalid value for "CSS Level 2.1" property: "#f8f8f2" [67:5: color]
2024-12-08 17:07:32 ERROR errorhandler.py:105: Property: Invalid value for "CSS Level 2.1" property: "#f8f8f2" [72:5: color]
2024-12-08 17:07:32 ERROR errorhandler.py:105: Property: Invalid value for "CSS Level 2.1" property: "#f8f8f2" [119:5: color]
2024-12-08 17:07:32 ERROR errorhandler.py:105: Property: Invalid value for "CSS Level 2.1" property: "#272822" [137:5: color]
2024-12-08 17:07:32 ERROR errorhandler.py:105: Property: Invalid value for "CSS Level 2.1" property: "#f8f8f2" [6:5: color]
2024-12-08 17:07:32 ERROR errorhandler.py:105: Property: Invalid value for "CSS Level 2.1" property: "#a1efe4" [50:5: color]
2024-12-08 17:07:32 ERROR errorhandler.py:105: Property: Invalid value for "CSS Level 2.1" property: "#f8f8f2" [63:5: color]
2024-12-08 17:07:32 ERROR errorhandler.py:105: Property: Invalid value for "CSS Level 2.1" property: "#f8f8f2" [67:5: color]
2024-12-08 17:07:32 ERROR errorhandler.py:105: Property: Invalid value for "CSS Level 2.1" property: "#f8f8f2" [72:5: color]
2024-12-08 17:07:32 ERROR errorhandler.py:105: Property: Invalid value for "CSS Level 2.1" property: "#f8f8f2" [119:5: color]
2024-12-08 17:07:32 ERROR errorhandler.py:105: Property: Invalid value for "CSS Level 2.1" property: "#272822" [137:5: color]
2024-12-08 17:07:35 ERROR errorhandler.py:105: Property: Invalid value for "CSS Level 2.1" property: "#f8f8f2" [6:5: color]
2024-12-08 17:07:35 ERROR errorhandler.py:105: Property: Invalid value for "CSS Level 2.1" property: "#a1efe4" [50:5: color]
2024-12-08 17:07:35 ERROR errorhandler.py:105: Property: Invalid value for "CSS Level 2.1" property: "#f8f8f2" [63:5: color]
2024-12-08 17:07:35 ERROR errorhandler.py:105: Property: Invalid value for "CSS Level 2.1" property: "#f8f8f2" [67:5: color]
2024-12-08 17:07:35 ERROR errorhandler.py:105: Property: Invalid value for "CSS Level 2.1" property: "#f8f8f2" [72:5: color]
2024-12-08 17:07:35 ERROR errorhandler.py:105: Property: Invalid value for "CSS Level 2.1" property: "#f8f8f2" [119:5: color]
2024-12-08 17:07:35 ERROR errorhandler.py:105: Property: Invalid value for "CSS Level 2.1" property: "#272822" [137:5: color]
2024-12-08 17:07:35 ERROR errorhandler.py:105: Property: Invalid value for "CSS Level 2.1" property: "#f8f8f2" [6:5: color]
2024-12-08 17:07:35 ERROR errorhandler.py:105: Property: Invalid value for "CSS Level 2.1" property: "#a1efe4" [50:5: color]
2024-12-08 17:07:35 ERROR errorhandler.py:105: Property: Invalid value for "CSS Level 2.1" property: "#f8f8f2" [63:5: color]
2024-12-08 17:07:35 ERROR errorhandler.py:105: Property: Invalid value for "CSS Level 2.1" property: "#f8f8f2" [67:5: color]
2024-12-08 17:07:35 ERROR errorhandler.py:105: Property: Invalid value for "CSS Level 2.1" property: "#f8f8f2" [72:5: color]
2024-12-08 17:07:35 ERROR errorhandler.py:105: Property: Invalid value for "CSS Level 2.1" property: "#f8f8f2" [119:5: color]
2024-12-08 17:07:35 ERROR errorhandler.py:105: Property: Invalid value for "CSS Level 2.1" property: "#272822" [137:5: color]
2024-12-08 17:07:35 ERROR errorhandler.py:105: Property: Invalid value for "CSS Level 2.1" property: "#f8f8f2" [6:5: color]
2024-12-08 17:07:35 ERROR errorhandler.py:105: Property: Invalid value for "CSS Level 2.1" property: "#a1efe4" [50:5: color]
2024-12-08 17:07:35 ERROR errorhandler.py:105: Property: Invalid value for "CSS Level 2.1" property: "#f8f8f2" [63:5: color]
2024-12-08 17:07:35 ERROR errorhandler.py:105: Property: Invalid value for "CSS Level 2.1" property: "#f8f8f2" [67:5: color]
2024-12-08 17:07:35 ERROR errorhandler.py:105: Property: Invalid value for "CSS Level 2.1" property: "#f8f8f2" [72:5: color]
2024-12-08 17:07:35 ERROR errorhandler.py:105: Property: Invalid value for "CSS Level 2.1" property: "#f8f8f2" [119:5: color]
2024-12-08 17:07:35 ERROR errorhandler.py:105: Property: Invalid value for "CSS Level 2.1" property: "#272822" [137:5: color]
2024-12-08 17:07:35 ERROR errorhandler.py:105: Property: Invalid value for "CSS Level 2.1" property: "#f8f8f2" [6:5: color]
2024-12-08 17:07:35 ERROR errorhandler.py:105: Property: Invalid value for "CSS Level 2.1" property: "#a1efe4" [50:5: color]
2024-12-08 17:07:35 ERROR errorhandler.py:105: Property: Invalid value for "CSS Level 2.1" property: "#f8f8f2" [63:5: color]
2024-12-08 17:07:35 ERROR errorhandler.py:105: Property: Invalid value for "CSS Level 2.1" property: "#f8f8f2" [67:5: color]
2024-12-08 17:07:35 ERROR errorhandler.py:105: Property: Invalid value for "CSS Level 2.1" property: "#f8f8f2" [72:5: color]
2024-12-08 17:07:35 ERROR errorhandler.py:105: Property: Invalid value for "CSS Level 2.1" property: "#f8f8f2" [119:5: color]
2024-12-08 17:07:35 ERROR errorhandler.py:105: Property: Invalid value for "CSS Level 2.1" property: "#272822" [137:5: color]
2024-12-08 17:07:35 ERROR errorhandler.py:105: Property: Invalid value for "CSS Level 2.1" property: "#f8f8f2" [6:5: color]
2024-12-08 17:07:35 ERROR errorhandler.py:105: Property: Invalid value for "CSS Level 2.1" property: "#a1efe4" [50:5: color]
2024-12-08 17:07:35 ERROR errorhandler.py:105: Property: Invalid value for "CSS Level 2.1" property: "#f8f8f2" [63:5: color]
2024-12-08 17:07:35 ERROR errorhandler.py:105: Property: Invalid value for "CSS Level 2.1" property: "#f8f8f2" [67:5: color]
2024-12-08 17:07:35 ERROR errorhandler.py:105: Property: Invalid value for "CSS Level 2.1" property: "#f8f8f2" [72:5: color]
2024-12-08 17:07:35 ERROR errorhandler.py:105: Property: Invalid value for "CSS Level 2.1" property: "#f8f8f2" [119:5: color]
2024-12-08 17:07:35 ERROR errorhandler.py:105: Property: Invalid value for "CSS Level 2.1" property: "#272822" [137:5: color]
2024-12-08 17:07:35 ERROR errorhandler.py:105: Property: Invalid value for "CSS Level 2.1" property: "#f8f8f2" [6:5: color]
2024-12-08 17:07:35 ERROR errorhandler.py:105: Property: Invalid value for "CSS Level 2.1" property: "#a1efe4" [50:5: color]
2024-12-08 17:07:35 ERROR errorhandler.py:105: Property: Invalid value for "CSS Level 2.1" property: "#f8f8f2" [63:5: color]
2024-12-08 17:07:35 ERROR errorhandler.py:105: Property: Invalid value for "CSS Level 2.1" property: "#f8f8f2" [67:5: color]
2024-12-08 17:07:35 ERROR errorhandler.py:105: Property: Invalid value for "CSS Level 2.1" property: "#f8f8f2" [72:5: color]
2024-12-08 17:07:35 ERROR errorhandler.py:105: Property: Invalid value for "CSS Level 2.1" property: "#f8f8f2" [119:5: color]
2024-12-08 17:07:35 ERROR errorhandler.py:105: Property: Invalid value for "CSS Level 2.1" property: "#272822" [137:5: color]
2024-12-08 17:07:44 ERROR errorhandler.py:105: Property: Invalid value for "CSS Level 2.1" property: "#f8f8f2" [6:5: color]
2024-12-08 17:07:44 ERROR errorhandler.py:105: Property: Invalid value for "CSS Level 2.1" property: "#a1efe4" [50:5: color]
2024-12-08 17:07:44 ERROR errorhandler.py:105: Property: Invalid value for "CSS Level 2.1" property: "#f8f8f2" [63:5: color]
2024-12-08 17:07:44 ERROR errorhandler.py:105: Property: Invalid value for "CSS Level 2.1" property: "#f8f8f2" [67:5: color]
2024-12-08 17:07:44 ERROR errorhandler.py:105: Property: Invalid value for "CSS Level 2.1" property: "#f8f8f2" [72:5: color]
2024-12-08 17:07:44 ERROR errorhandler.py:105: Property: Invalid value for "CSS Level 2.1" property: "#f8f8f2" [119:5: color]
2024-12-08 17:07:44 ERROR errorhandler.py:105: Property: Invalid value for "CSS Level 2.1" property: "#272822" [137:5: color]
2024-12-08 17:07:44 ERROR errorhandler.py:105: Property: Invalid value for "CSS Level 2.1" property: "#f8f8f2" [6:5: color]
2024-12-08 17:07:44 ERROR errorhandler.py:105: Property: Invalid value for "CSS Level 2.1" property: "#a1efe4" [50:5: color]
2024-12-08 17:07:44 ERROR errorhandler.py:105: Property: Invalid value for "CSS Level 2.1" property: "#f8f8f2" [63:5: color]
2024-12-08 17:07:44 ERROR errorhandler.py:105: Property: Invalid value for "CSS Level 2.1" property: "#f8f8f2" [67:5: color]
2024-12-08 17:07:44 ERROR errorhandler.py:105: Property: Invalid value for "CSS Level 2.1" property: "#f8f8f2" [72:5: color]
2024-12-08 17:07:44 ERROR errorhandler.py:105: Property: Invalid value for "CSS Level 2.1" property: "#f8f8f2" [119:5: color]
2024-12-08 17:07:44 ERROR errorhandler.py:105: Property: Invalid value for "CSS Level 2.1" property: "#272822" [137:5: color]
2024-12-08 17:07:44 ERROR errorhandler.py:105: Property: Invalid value for "CSS Level 2.1" property: "#f8f8f2" [6:5: color]
2024-12-08 17:07:44 ERROR errorhandler.py:105: Property: Invalid value for "CSS Level 2.1" property: "#a1efe4" [50:5: color]
2024-12-08 17:07:44 ERROR errorhandler.py:105: Property: Invalid value for "CSS Level 2.1" property: "#f8f8f2" [63:5: color]
2024-12-08 17:07:44 ERROR errorhandler.py:105: Property: Invalid value for "CSS Level 2.1" property: "#f8f8f2" [67:5: color]
2024-12-08 17:07:44 ERROR errorhandler.py:105: Property: Invalid value for "CSS Level 2.1" property: "#f8f8f2" [72:5: color]
2024-12-08 17:07:44 ERROR errorhandler.py:105: Property: Invalid value for "CSS Level 2.1" property: "#f8f8f2" [119:5: color]
2024-12-08 17:07:44 ERROR errorhandler.py:105: Property: Invalid value for "CSS Level 2.1" property: "#272822" [137:5: color]
2024-12-08 17:07:44 ERROR errorhandler.py:105: Property: Invalid value for "CSS Level 2.1" property: "#f8f8f2" [6:5: color]
2024-12-08 17:07:44 ERROR errorhandler.py:105: Property: Invalid value for "CSS Level 2.1" property: "#a1efe4" [50:5: color]
2024-12-08 17:07:44 ERROR errorhandler.py:105: Property: Invalid value for "CSS Level 2.1" property: "#f8f8f2" [63:5: color]
2024-12-08 17:07:44 ERROR errorhandler.py:105: Property: Invalid value for "CSS Level 2.1" property: "#f8f8f2" [67:5: color]
2024-12-08 17:07:44 ERROR errorhandler.py:105: Property: Invalid value for "CSS Level 2.1" property: "#f8f8f2" [72:5: color]
2024-12-08 17:07:44 ERROR errorhandler.py:105: Property: Invalid value for "CSS Level 2.1" property: "#f8f8f2" [119:5: color]
2024-12-08 17:07:44 ERROR errorhandler.py:105: Property: Invalid value for "CSS Level 2.1" property: "#272822" [137:5: color]
2024-12-08 17:07:44 ERROR errorhandler.py:105: Property: Invalid value for "CSS Level 2.1" property: "#f8f8f2" [6:5: color]
2024-12-08 17:07:44 ERROR errorhandler.py:105: Property: Invalid value for "CSS Level 2.1" property: "#a1efe4" [50:5: color]
2024-12-08 17:07:44 ERROR errorhandler.py:105: Property: Invalid value for "CSS Level 2.1" property: "#f8f8f2" [63:5: color]
2024-12-08 17:07:44 ERROR errorhandler.py:105: Property: Invalid value for "CSS Level 2.1" property: "#f8f8f2" [67:5: color]
2024-12-08 17:07:44 ERROR errorhandler.py:105: Property: Invalid value for "CSS Level 2.1" property: "#f8f8f2" [72:5: color]
2024-12-08 17:07:44 ERROR errorhandler.py:105: Property: Invalid value for "CSS Level 2.1" property: "#f8f8f2" [119:5: color]
2024-12-08 17:07:44 ERROR errorhandler.py:105: Property: Invalid value for "CSS Level 2.1" property: "#272822" [137:5: color]
2024-12-08 17:07:44 ERROR errorhandler.py:105: Property: Invalid value for "CSS Level 2.1" property: "#f8f8f2" [6:5: color]
2024-12-08 17:07:44 ERROR errorhandler.py:105: Property: Invalid value for "CSS Level 2.1" property: "#a1efe4" [50:5: color]
2024-12-08 17:07:44 ERROR errorhandler.py:105: Property: Invalid value for "CSS Level 2.1" property: "#f8f8f2" [63:5: color]
2024-12-08 17:07:44 ERROR errorhandler.py:105: Property: Invalid value for "CSS Level 2.1" property: "#f8f8f2" [67:5: color]
2024-12-08 17:07:44 ERROR errorhandler.py:105: Property: Invalid value for "CSS Level 2.1" property: "#f8f8f2" [72:5: color]
2024-12-08 17:07:44 ERROR errorhandler.py:105: Property: Invalid value for "CSS Level 2.1" property: "#f8f8f2" [119:5: color]
2024-12-08 17:07:44 ERROR errorhandler.py:105: Property: Invalid value for "CSS Level 2.1" property: "#272822" [137:5: color]
2024-12-08 17:07:45 ERROR errorhandler.py:105: Property: Invalid value for "CSS Level 2.1" property: "#f8f8f2" [6:5: color]
2024-12-08 17:07:45 ERROR errorhandler.py:105: Property: Invalid value for "CSS Level 2.1" property: "#a1efe4" [50:5: color]
2024-12-08 17:07:45 ERROR errorhandler.py:105: Property: Invalid value for "CSS Level 2.1" property: "#f8f8f2" [63:5: color]
2024-12-08 17:07:45 ERROR errorhandler.py:105: Property: Invalid value for "CSS Level 2.1" property: "#f8f8f2" [67:5: color]
2024-12-08 17:07:45 ERROR errorhandler.py:105: Property: Invalid value for "CSS Level 2.1" property: "#f8f8f2" [72:5: color]
2024-12-08 17:07:45 ERROR errorhandler.py:105: Property: Invalid value for "CSS Level 2.1" property: "#f8f8f2" [119:5: color]
2024-12-08 17:07:45 ERROR errorhandler.py:105: Property: Invalid value for "CSS Level 2.1" property: "#272822" [137:5: color]
2024-12-08 17:07:45 ERROR errorhandler.py:105: Property: Invalid value for "CSS Level 2.1" property: "#f8f8f2" [6:5: color]
2024-12-08 17:07:45 ERROR errorhandler.py:105: Property: Invalid value for "CSS Level 2.1" property: "#a1efe4" [50:5: color]
2024-12-08 17:07:45 ERROR errorhandler.py:105: Property: Invalid value for "CSS Level 2.1" property: "#f8f8f2" [63:5: color]
2024-12-08 17:07:45 ERROR errorhandler.py:105: Property: Invalid value for "CSS Level 2.1" property: "#f8f8f2" [67:5: color]
2024-12-08 17:07:45 ERROR errorhandler.py:105: Property: Invalid value for "CSS Level 2.1" property: "#f8f8f2" [72:5: color]
2024-12-08 17:07:45 ERROR errorhandler.py:105: Property: Invalid value for "CSS Level 2.1" property: "#f8f8f2" [119:5: color]
2024-12-08 17:07:45 ERROR errorhandler.py:105: Property: Invalid value for "CSS Level 2.1" property: "#272822" [137:5: color]
2024-12-08 17:07:46 ERROR errorhandler.py:105: Property: Invalid value for "CSS Level 2.1" property: "#f8f8f2" [6:5: color]
2024-12-08 17:07:46 ERROR errorhandler.py:105: Property: Invalid value for "CSS Level 2.1" property: "#a1efe4" [50:5: color]
2024-12-08 17:07:46 ERROR errorhandler.py:105: Property: Invalid value for "CSS Level 2.1" property: "#f8f8f2" [63:5: color]
2024-12-08 17:07:46 ERROR errorhandler.py:105: Property: Invalid value for "CSS Level 2.1" property: "#f8f8f2" [67:5: color]
2024-12-08 17:07:46 ERROR errorhandler.py:105: Property: Invalid value for "CSS Level 2.1" property: "#f8f8f2" [72:5: color]
2024-12-08 17:07:46 ERROR errorhandler.py:105: Property: Invalid value for "CSS Level 2.1" property: "#f8f8f2" [119:5: color]
2024-12-08 17:07:46 ERROR errorhandler.py:105: Property: Invalid value for "CSS Level 2.1" property: "#272822" [137:5: color]
2024-12-08 17:07:46 ERROR errorhandler.py:105: Property: Invalid value for "CSS Level 2.1" property: "#f8f8f2" [6:5: color]
2024-12-08 17:07:46 ERROR errorhandler.py:105: Property: Invalid value for "CSS Level 2.1" property: "#a1efe4" [50:5: color]
2024-12-08 17:07:46 ERROR errorhandler.py:105: Property: Invalid value for "CSS Level 2.1" property: "#f8f8f2" [63:5: color]
2024-12-08 17:07:46 ERROR errorhandler.py:105: Property: Invalid value for "CSS Level 2.1" property: "#f8f8f2" [67:5: color]
2024-12-08 17:07:46 ERROR errorhandler.py:105: Property: Invalid value for "CSS Level 2.1" property: "#f8f8f2" [72:5: color]
2024-12-08 17:07:46 ERROR errorhandler.py:105: Property: Invalid value for "CSS Level 2.1" property: "#f8f8f2" [119:5: color]
2024-12-08 17:07:46 ERROR errorhandler.py:105: Property: Invalid value for "CSS Level 2.1" property: "#272822" [137:5: color]
2024-12-08 17:07:46 ERROR errorhandler.py:105: Property: Invalid value for "CSS Level 2.1" property: "#f8f8f2" [6:5: color]
2024-12-08 17:07:46 ERROR errorhandler.py:105: Property: Invalid value for "CSS Level 2.1" property: "#a1efe4" [50:5: color]
2024-12-08 17:07:46 ERROR errorhandler.py:105: Property: Invalid value for "CSS Level 2.1" property: "#f8f8f2" [63:5: color]
2024-12-08 17:07:46 ERROR errorhandler.py:105: Property: Invalid value for "CSS Level 2.1" property: "#f8f8f2" [67:5: color]
2024-12-08 17:07:46 ERROR errorhandler.py:105: Property: Invalid value for "CSS Level 2.1" property: "#f8f8f2" [72:5: color]
2024-12-08 17:07:46 ERROR errorhandler.py:105: Property: Invalid value for "CSS Level 2.1" property: "#f8f8f2" [119:5: color]
2024-12-08 17:07:46 ERROR errorhandler.py:105: Property: Invalid value for "CSS Level 2.1" property: "#272822" [137:5: color]
2024-12-08 17:07:46 ERROR errorhandler.py:105: Property: Invalid value for "CSS Level 2.1" property: "#f8f8f2" [6:5: color]
2024-12-08 17:07:46 ERROR errorhandler.py:105: Property: Invalid value for "CSS Level 2.1" property: "#a1efe4" [50:5: color]
2024-12-08 17:07:46 ERROR errorhandler.py:105: Property: Invalid value for "CSS Level 2.1" property: "#f8f8f2" [63:5: color]
2024-12-08 17:07:46 ERROR errorhandler.py:105: Property: Invalid value for "CSS Level 2.1" property: "#f8f8f2" [67:5: color]
2024-12-08 17:07:46 ERROR errorhandler.py:105: Property: Invalid value for "CSS Level 2.1" property: "#f8f8f2" [72:5: color]
2024-12-08 17:07:46 ERROR errorhandler.py:105: Property: Invalid value for "CSS Level 2.1" property: "#f8f8f2" [119:5: color]
2024-12-08 17:07:46 ERROR errorhandler.py:105: Property: Invalid value for "CSS Level 2.1" property: "#272822" [137:5: color]
2024-12-08 17:07:48 ERROR errorhandler.py:105: Property: Invalid value for "CSS Level 2.1" property: "#f8f8f2" [6:5: color]
2024-12-08 17:07:48 ERROR errorhandler.py:105: Property: Invalid value for "CSS Level 2.1" property: "#a1efe4" [50:5: color]
2024-12-08 17:07:48 ERROR errorhandler.py:105: Property: Invalid value for "CSS Level 2.1" property: "#f8f8f2" [63:5: color]
2024-12-08 17:07:48 ERROR errorhandler.py:105: Property: Invalid value for "CSS Level 2.1" property: "#f8f8f2" [67:5: color]
2024-12-08 17:07:48 ERROR errorhandler.py:105: Property: Invalid value for "CSS Level 2.1" property: "#f8f8f2" [72:5: color]
2024-12-08 17:07:48 ERROR errorhandler.py:105: Property: Invalid value for "CSS Level 2.1" property: "#f8f8f2" [119:5: color]
2024-12-08 17:07:48 ERROR errorhandler.py:105: Property: Invalid value for "CSS Level 2.1" property: "#272822" [137:5: color]
2024-12-08 17:07:48 ERROR errorhandler.py:105: Property: Invalid value for "CSS Level 2.1" property: "#f8f8f2" [6:5: color]
2024-12-08 17:07:48 ERROR errorhandler.py:105: Property: Invalid value for "CSS Level 2.1" property: "#a1efe4" [50:5: color]
2024-12-08 17:07:48 ERROR errorhandler.py:105: Property: Invalid value for "CSS Level 2.1" property: "#f8f8f2" [63:5: color]
2024-12-08 17:07:48 ERROR errorhandler.py:105: Property: Invalid value for "CSS Level 2.1" property: "#f8f8f2" [67:5: color]
2024-12-08 17:07:48 ERROR errorhandler.py:105: Property: Invalid value for "CSS Level 2.1" property: "#f8f8f2" [72:5: color]
2024-12-08 17:07:48 ERROR errorhandler.py:105: Property: Invalid value for "CSS Level 2.1" property: "#f8f8f2" [119:5: color]
2024-12-08 17:07:48 ERROR errorhandler.py:105: Property: Invalid value for "CSS Level 2.1" property: "#272822" [137:5: color]
2024-12-08 17:07:48 ERROR errorhandler.py:105: Property: Invalid value for "CSS Level 2.1" property: "#f8f8f2" [6:5: color]
2024-12-08 17:07:48 ERROR errorhandler.py:105: Property: Invalid value for "CSS Level 2.1" property: "#a1efe4" [50:5: color]
2024-12-08 17:07:48 ERROR errorhandler.py:105: Property: Invalid value for "CSS Level 2.1" property: "#f8f8f2" [63:5: color]
2024-12-08 17:07:48 ERROR errorhandler.py:105: Property: Invalid value for "CSS Level 2.1" property: "#f8f8f2" [67:5: color]
2024-12-08 17:07:48 ERROR errorhandler.py:105: Property: Invalid value for "CSS Level 2.1" property: "#f8f8f2" [72:5: color]
2024-12-08 17:07:48 ERROR errorhandler.py:105: Property: Invalid value for "CSS Level 2.1" property: "#f8f8f2" [119:5: color]
2024-12-08 17:07:48 ERROR errorhandler.py:105: Property: Invalid value for "CSS Level 2.1" property: "#272822" [137:5: color]
2024-12-08 17:07:48 ERROR errorhandler.py:105: Property: Invalid value for "CSS Level 2.1" property: "#f8f8f2" [6:5: color]
2024-12-08 17:07:48 ERROR errorhandler.py:105: Property: Invalid value for "CSS Level 2.1" property: "#a1efe4" [50:5: color]
2024-12-08 17:07:48 ERROR errorhandler.py:105: Property: Invalid value for "CSS Level 2.1" property: "#f8f8f2" [63:5: color]
2024-12-08 17:07:48 ERROR errorhandler.py:105: Property: Invalid value for "CSS Level 2.1" property: "#f8f8f2" [67:5: color]
2024-12-08 17:07:48 ERROR errorhandler.py:105: Property: Invalid value for "CSS Level 2.1" property: "#f8f8f2" [72:5: color]
2024-12-08 17:07:48 ERROR errorhandler.py:105: Property: Invalid value for "CSS Level 2.1" property: "#f8f8f2" [119:5: color]
2024-12-08 17:07:48 ERROR errorhandler.py:105: Property: Invalid value for "CSS Level 2.1" property: "#272822" [137:5: color]
2024-12-08 17:07:48 ERROR errorhandler.py:105: Property: Invalid value for "CSS Level 2.1" property: "#f8f8f2" [6:5: color]
2024-12-08 17:07:48 ERROR errorhandler.py:105: Property: Invalid value for "CSS Level 2.1" property: "#a1efe4" [50:5: color]
2024-12-08 17:07:48 ERROR errorhandler.py:105: Property: Invalid value for "CSS Level 2.1" property: "#f8f8f2" [63:5: color]
2024-12-08 17:07:48 ERROR errorhandler.py:105: Property: Invalid value for "CSS Level 2.1" property: "#f8f8f2" [67:5: color]
2024-12-08 17:07:48 ERROR errorhandler.py:105: Property: Invalid value for "CSS Level 2.1" property: "#f8f8f2" [72:5: color]
2024-12-08 17:07:48 ERROR errorhandler.py:105: Property: Invalid value for "CSS Level 2.1" property: "#f8f8f2" [119:5: color]
2024-12-08 17:07:48 ERROR errorhandler.py:105: Property: Invalid value for "CSS Level 2.1" property: "#272822" [137:5: color]
2024-12-08 17:07:48 ERROR errorhandler.py:105: Property: Invalid value for "CSS Level 2.1" property: "#f8f8f2" [6:5: color]
2024-12-08 17:07:48 ERROR errorhandler.py:105: Property: Invalid value for "CSS Level 2.1" property: "#a1efe4" [50:5: color]
2024-12-08 17:07:48 ERROR errorhandler.py:105: Property: Invalid value for "CSS Level 2.1" property: "#f8f8f2" [63:5: color]
2024-12-08 17:07:48 ERROR errorhandler.py:105: Property: Invalid value for "CSS Level 2.1" property: "#f8f8f2" [67:5: color]
2024-12-08 17:07:48 ERROR errorhandler.py:105: Property: Invalid value for "CSS Level 2.1" property: "#f8f8f2" [72:5: color]
2024-12-08 17:07:48 ERROR errorhandler.py:105: Property: Invalid value for "CSS Level 2.1" property: "#f8f8f2" [119:5: color]
2024-12-08 17:07:48 ERROR errorhandler.py:105: Property: Invalid value for "CSS Level 2.1" property: "#272822" [137:5: color]
2024-12-08 17:08:01 INFO tray.py:205: Exiting Application from tray...
2024-12-08 17:08:01 DEBUG _windows.py:218: Stopping worker thread...
2024-12-08 17:08:01 DEBUG _windows.py:201: Exiting thread
2024-12-08 17:08:01 DEBUG _windows.py:75: Closing
2024-12-12 10:54:57 INFO log.py:21: Yasb
2024-12-12 10:54:57 ERROR errorhandler.py:105: Property: Invalid value for "CSS Level 2.1" property: "#f8f8f2" [6:5: color]
2024-12-12 10:54:57 ERROR errorhandler.py:105: Property: Invalid value for "CSS Level 2.1" property: "#a1efe4" [50:5: color]
2024-12-12 10:54:57 ERROR errorhandler.py:105: Property: Invalid value for "CSS Level 2.1" property: "#f8f8f2" [63:5: color]
2024-12-12 10:54:57 ERROR errorhandler.py:105: Property: Invalid value for "CSS Level 2.1" property: "#f8f8f2" [67:5: color]
2024-12-12 10:54:57 ERROR errorhandler.py:105: Property: Invalid value for "CSS Level 2.1" property: "#f8f8f2" [72:5: color]
2024-12-12 10:54:57 ERROR errorhandler.py:105: Property: Invalid value for "CSS Level 2.1" property: "#f8f8f2" [119:5: color]
2024-12-12 10:54:57 ERROR errorhandler.py:105: Property: Invalid value for "CSS Level 2.1" property: "#272822" [137:5: color]
2024-12-12 10:54:57 DEBUG win32.py:58: Looking up time zone info from registry
2024-12-12 10:55:00 INFO weather.py:156: Fetched new weather data at 2024-12-12 10:55:00.728014
2024-12-12 10:55:00 DEBUG __init__.py:143: CoInitializeEx(None, 2)
2024-12-12 10:55:01 INFO weather.py:156: Fetched new weather data at 2024-12-12 10:55:01.608670
2024-12-12 10:55:01 INFO event_listener.py:52: Created named pipe yasb-55ee484a-b81b-11ef-8f89-e848b8c82000
2024-12-12 10:55:01 INFO event_listener.py:106: Waiting for Komorebi to subscribe to named pipe yasb-55ee484a-b81b-11ef-8f89-e848b8c82000
2024-12-12 10:55:01 INFO watcher.py:39: Created file watcher for path C:\Users\jojat\.config\yasb
2024-12-12 10:55:01 DEBUG _windows.py:213: Starting (proactor: <_IocpProactor overlapped#=0 result#=0>)...
2024-12-12 10:55:01 DEBUG _windows.py:192: Thread started
2024-12-12 10:55:01 INFO event_listener.py:118: Komorebi connected to named pipe: yasb-55ee484a-b81b-11ef-8f89-e848b8c82000
2024-12-12 10:55:02 ERROR media.py:189: MediaWidget: Error setting thumbnail: y1 must be greater than or equal to y0
2024-12-12 10:55:02 ERROR media.py:189: MediaWidget: Error setting thumbnail: y1 must be greater than or equal to y0
2024-12-12 10:55:02 ERROR media.py:189: MediaWidget: Error setting thumbnail: y1 must be greater than or equal to y0
2024-12-12 10:55:02 ERROR media.py:189: MediaWidget: Error setting thumbnail: y1 must be greater than or equal to y0
2024-12-12 10:55:05 ERROR errorhandler.py:105: Property: Invalid value for "CSS Level 2.1" property: "#f8f8f2" [6:5: color]
2024-12-12 10:55:05 ERROR errorhandler.py:105: Property: Invalid value for "CSS Level 2.1" property: "#a1efe4" [50:5: color]
2024-12-12 10:55:05 ERROR errorhandler.py:105: Property: Invalid value for "CSS Level 2.1" property: "#f8f8f2" [63:5: color]
2024-12-12 10:55:05 ERROR errorhandler.py:105: Property: Invalid value for "CSS Level 2.1" property: "#f8f8f2" [67:5: color]
2024-12-12 10:55:05 ERROR errorhandler.py:105: Property: Invalid value for "CSS Level 2.1" property: "#f8f8f2" [72:5: color]
2024-12-12 10:55:05 ERROR errorhandler.py:105: Property: Invalid value for "CSS Level 2.1" property: "#f8f8f2" [119:5: color]
2024-12-12 10:55:05 ERROR errorhandler.py:105: Property: Invalid value for "CSS Level 2.1" property: "#272822" [137:5: color]
2024-12-12 10:55:06 ERROR errorhandler.py:105: Property: Invalid value for "CSS Level 2.1" property: "#f8f8f2" [6:5: color]
2024-12-12 10:55:06 ERROR errorhandler.py:105: Property: Invalid value for "CSS Level 2.1" property: "#a1efe4" [50:5: color]
2024-12-12 10:55:06 ERROR errorhandler.py:105: Property: Invalid value for "CSS Level 2.1" property: "#f8f8f2" [63:5: color]
2024-12-12 10:55:06 ERROR errorhandler.py:105: Property: Invalid value for "CSS Level 2.1" property: "#f8f8f2" [67:5: color]
2024-12-12 10:55:06 ERROR errorhandler.py:105: Property: Invalid value for "CSS Level 2.1" property: "#f8f8f2" [72:5: color]
2024-12-12 10:55:06 ERROR errorhandler.py:105: Property: Invalid value for "CSS Level 2.1" property: "#f8f8f2" [119:5: color]
2024-12-12 10:55:06 ERROR errorhandler.py:105: Property: Invalid value for "CSS Level 2.1" property: "#272822" [137:5: color]
2024-12-12 10:55:06 ERROR errorhandler.py:105: Property: Invalid value for "CSS Level 2.1" property: "#f8f8f2" [6:5: color]
2024-12-12 10:55:06 ERROR errorhandler.py:105: Property: Invalid value for "CSS Level 2.1" property: "#a1efe4" [50:5: color]
2024-12-12 10:55:06 ERROR errorhandler.py:105: Property: Invalid value for "CSS Level 2.1" property: "#f8f8f2" [63:5: color]
2024-12-12 10:55:06 ERROR errorhandler.py:105: Property: Invalid value for "CSS Level 2.1" property: "#f8f8f2" [67:5: color]
2024-12-12 10:55:06 ERROR errorhandler.py:105: Property: Invalid value for "CSS Level 2.1" property: "#f8f8f2" [72:5: color]
2024-12-12 10:55:06 ERROR errorhandler.py:105: Property: Invalid value for "CSS Level 2.1" property: "#f8f8f2" [119:5: color]
2024-12-12 10:55:06 ERROR errorhandler.py:105: Property: Invalid value for "CSS Level 2.1" property: "#272822" [137:5: color]
2024-12-12 11:05:00 INFO weather.py:156: Fetched new weather data at 2024-12-12 11:05:00.727553
2024-12-12 11:05:01 INFO weather.py:156: Fetched new weather data at 2024-12-12 11:05:01.899557
2024-12-12 11:15:00 INFO weather.py:156: Fetched new weather data at 2024-12-12 11:15:00.726832
2024-12-12 11:15:01 INFO weather.py:156: Fetched new weather data at 2024-12-12 11:15:01.956945
2024-12-12 11:25:00 INFO weather.py:156: Fetched new weather data at 2024-12-12 11:25:00.725446
2024-12-12 11:25:02 INFO weather.py:156: Fetched new weather data at 2024-12-12 11:25:02.006396
2024-12-12 11:35:00 INFO weather.py:156: Fetched new weather data at 2024-12-12 11:35:00.726487
2024-12-12 11:35:01 INFO weather.py:156: Fetched new weather data at 2024-12-12 11:35:01.934856
2024-12-12 11:40:09 ERROR media.py:189: MediaWidget: Error setting thumbnail: y1 must be greater than or equal to y0
2024-12-12 11:40:09 ERROR media.py:189: MediaWidget: Error setting thumbnail: y1 must be greater than or equal to y0
2024-12-12 11:45:00 INFO weather.py:156: Fetched new weather data at 2024-12-12 11:45:00.729198
2024-12-12 11:45:01 INFO weather.py:156: Fetched new weather data at 2024-12-12 11:45:01.958225
2024-12-12 11:55:00 INFO weather.py:156: Fetched new weather data at 2024-12-12 11:55:00.728173
2024-12-12 11:55:01 INFO weather.py:156: Fetched new weather data at 2024-12-12 11:55:01.940069
2024-12-12 12:05:00 INFO weather.py:156: Fetched new weather data at 2024-12-12 12:05:00.729071
2024-12-12 12:05:01 INFO weather.py:156: Fetched new weather data at 2024-12-12 12:05:01.943148
2024-12-12 12:15:00 INFO weather.py:156: Fetched new weather data at 2024-12-12 12:15:00.726843
2024-12-12 12:15:01 INFO weather.py:156: Fetched new weather data at 2024-12-12 12:15:01.897342
2024-12-12 12:25:00 INFO weather.py:156: Fetched new weather data at 2024-12-12 12:25:00.726282
2024-12-12 12:25:01 INFO weather.py:156: Fetched new weather data at 2024-12-12 12:25:01.945956
2024-12-12 12:35:00 INFO weather.py:156: Fetched new weather data at 2024-12-12 12:35:00.726199
2024-12-12 12:35:01 INFO weather.py:156: Fetched new weather data at 2024-12-12 12:35:01.911937
2024-12-12 12:45:00 INFO weather.py:156: Fetched new weather data at 2024-12-12 12:45:00.728319
2024-12-12 12:45:02 INFO weather.py:156: Fetched new weather data at 2024-12-12 12:45:02.003723
2024-12-12 12:55:00 INFO weather.py:156: Fetched new weather data at 2024-12-12 12:55:00.726140
2024-12-12 12:55:01 INFO weather.py:156: Fetched new weather data at 2024-12-12 12:55:01.986320
2024-12-12 13:05:00 INFO weather.py:156: Fetched new weather data at 2024-12-12 13:05:00.727191
2024-12-12 13:05:02 INFO weather.py:156: Fetched new weather data at 2024-12-12 13:05:02.025573
2024-12-12 13:15:00 INFO weather.py:156: Fetched new weather data at 2024-12-12 13:15:00.729154
2024-12-12 13:15:01 INFO weather.py:156: Fetched new weather data at 2024-12-12 13:15:01.865978
2024-12-12 13:25:00 INFO weather.py:156: Fetched new weather data at 2024-12-12 13:25:00.732102
2024-12-12 13:25:01 INFO weather.py:156: Fetched new weather data at 2024-12-12 13:25:01.903654
2024-12-12 13:35:00 INFO weather.py:156: Fetched new weather data at 2024-12-12 13:35:00.732757
2024-12-12 13:35:01 INFO weather.py:156: Fetched new weather data at 2024-12-12 13:35:01.871295
2024-12-12 13:45:00 INFO weather.py:156: Fetched new weather data at 2024-12-12 13:45:00.731559
2024-12-12 13:45:01 INFO weather.py:156: Fetched new weather data at 2024-12-12 13:45:01.901014
2024-12-12 13:55:00 INFO weather.py:156: Fetched new weather data at 2024-12-12 13:55:00.732947
2024-12-12 13:55:01 INFO weather.py:156: Fetched new weather data at 2024-12-12 13:55:01.873412
2024-12-12 14:02:48 ERROR media.py:189: MediaWidget: Error setting thumbnail: y1 must be greater than or equal to y0
2024-12-12 14:02:48 ERROR media.py:189: MediaWidget: Error setting thumbnail: y1 must be greater than or equal to y0
2024-12-12 14:05:00 INFO weather.py:156: Fetched new weather data at 2024-12-12 14:05:00.734980
2024-12-12 14:05:01 INFO weather.py:156: Fetched new weather data at 2024-12-12 14:05:01.911802
2024-12-12 14:09:25 ERROR media.py:189: MediaWidget: Error setting thumbnail: y1 must be greater than or equal to y0
2024-12-12 14:09:25 ERROR media.py:189: MediaWidget: Error setting thumbnail: y1 must be greater than or equal to y0
2024-12-12 14:09:25 ERROR media.py:189: MediaWidget: Error setting thumbnail: y1 must be greater than or equal to y0
2024-12-12 14:09:25 ERROR media.py:189: MediaWidget: Error setting thumbnail: y1 must be greater than or equal to y0
2024-12-12 14:11:56 ERROR media.py:189: MediaWidget: Error setting thumbnail: y1 must be greater than or equal to y0
2024-12-12 14:11:56 ERROR media.py:189: MediaWidget: Error setting thumbnail: y1 must be greater than or equal to y0
2024-12-12 14:15:00 INFO weather.py:156: Fetched new weather data at 2024-12-12 14:15:00.733450
2024-12-12 14:15:01 INFO weather.py:156: Fetched new weather data at 2024-12-12 14:15:01.879870
2024-12-12 14:25:00 INFO weather.py:156: Fetched new weather data at 2024-12-12 14:25:00.733976
2024-12-12 14:25:01 INFO weather.py:156: Fetched new weather data at 2024-12-12 14:25:01.905478
2024-12-12 14:28:34 INFO tray.py:205: Exiting Application from tray...
2024-12-12 14:28:34 DEBUG _windows.py:218: Stopping worker thread...
2024-12-12 14:28:34 DEBUG _windows.py:201: Exiting thread
2024-12-12 14:28:34 DEBUG _windows.py:75: Closing
2024-12-27 11:38:44 INFO log.py:21: Yasb
2024-12-27 11:38:44 ERROR errorhandler.py:105: Property: Invalid value for "CSS Level 2.1" property: "#f8f8f2" [6:5: color]
2024-12-27 11:38:44 ERROR errorhandler.py:105: Property: Invalid value for "CSS Level 2.1" property: "#a1efe4" [50:5: color]
2024-12-27 11:38:44 ERROR errorhandler.py:105: Property: Invalid value for "CSS Level 2.1" property: "#f8f8f2" [63:5: color]
2024-12-27 11:38:44 ERROR errorhandler.py:105: Property: Invalid value for "CSS Level 2.1" property: "#f8f8f2" [67:5: color]
2024-12-27 11:38:44 ERROR errorhandler.py:105: Property: Invalid value for "CSS Level 2.1" property: "#f8f8f2" [72:5: color]
2024-12-27 11:38:44 ERROR errorhandler.py:105: Property: Invalid value for "CSS Level 2.1" property: "#f8f8f2" [119:5: color]
2024-12-27 11:38:44 ERROR errorhandler.py:105: Property: Invalid value for "CSS Level 2.1" property: "#272822" [137:5: color]
2024-12-27 11:38:45 DEBUG win32.py:58: Looking up time zone info from registry
2024-12-27 11:38:48 INFO weather.py:156: Fetched new weather data at 2024-12-27 11:38:48.332232
2024-12-27 11:38:48 DEBUG __init__.py:143: CoInitializeEx(None, 2)
2024-12-27 11:38:49 INFO weather.py:156: Fetched new weather data at 2024-12-27 11:38:49.649072
2024-12-27 11:38:49 INFO event_listener.py:52: Created named pipe yasb-f090f981-c3ea-11ef-ba9b-e848b8c82000
2024-12-27 11:38:49 INFO event_listener.py:106: Waiting for Komorebi to subscribe to named pipe yasb-f090f981-c3ea-11ef-ba9b-e848b8c82000
2024-12-27 11:38:49 INFO watcher.py:39: Created file watcher for path C:\Users\jojat\.config\yasb
2024-12-27 11:38:49 DEBUG _windows.py:213: Starting (proactor: <_IocpProactor overlapped#=0 result#=0>)...
2024-12-27 11:38:49 DEBUG _windows.py:192: Thread started
2024-12-27 11:38:50 INFO event_listener.py:118: Komorebi connected to named pipe: yasb-f090f981-c3ea-11ef-ba9b-e848b8c82000
2024-12-27 11:38:50 ERROR media.py:189: MediaWidget: Error setting thumbnail: y1 must be greater than or equal to y0
2024-12-27 11:38:50 ERROR media.py:189: MediaWidget: Error setting thumbnail: y1 must be greater than or equal to y0
2024-12-27 11:38:50 ERROR media.py:189: MediaWidget: Error setting thumbnail: y1 must be greater than or equal to y0
2024-12-27 11:38:50 ERROR media.py:189: MediaWidget: Error setting thumbnail: y1 must be greater than or equal to y0
2024-12-27 11:43:49 INFO log.py:21: Yasb
2024-12-27 11:43:49 ERROR errorhandler.py:105: Property: Invalid value for "CSS Level 2.1" property: "#f8f8f2" [6:5: color]
2024-12-27 11:43:49 ERROR errorhandler.py:105: Property: Invalid value for "CSS Level 2.1" property: "#a1efe4" [50:5: color]
2024-12-27 11:43:49 ERROR errorhandler.py:105: Property: Invalid value for "CSS Level 2.1" property: "#f8f8f2" [63:5: color]
2024-12-27 11:43:49 ERROR errorhandler.py:105: Property: Invalid value for "CSS Level 2.1" property: "#f8f8f2" [67:5: color]
2024-12-27 11:43:49 ERROR errorhandler.py:105: Property: Invalid value for "CSS Level 2.1" property: "#f8f8f2" [72:5: color]
2024-12-27 11:43:49 ERROR errorhandler.py:105: Property: Invalid value for "CSS Level 2.1" property: "#f8f8f2" [119:5: color]
2024-12-27 11:43:49 ERROR errorhandler.py:105: Property: Invalid value for "CSS Level 2.1" property: "#272822" [137:5: color]
2024-12-27 11:43:49 DEBUG win32.py:58: Looking up time zone info from registry
2024-12-27 11:43:50 INFO weather.py:156: Fetched new weather data at 2024-12-27 11:43:50.125491
2024-12-27 11:43:50 DEBUG __init__.py:143: CoInitializeEx(None, 2)
2024-12-27 11:43:50 INFO weather.py:156: Fetched new weather data at 2024-12-27 11:43:50.907732
2024-12-27 11:43:51 INFO event_listener.py:52: Created named pipe yasb-a4204288-c3eb-11ef-be02-e848b8c82000
2024-12-27 11:43:51 INFO event_listener.py:106: Waiting for Komorebi to subscribe to named pipe yasb-a4204288-c3eb-11ef-be02-e848b8c82000
2024-12-27 11:43:51 INFO watcher.py:39: Created file watcher for path C:\Users\jojat\.config\yasb
2024-12-27 11:43:51 DEBUG _windows.py:213: Starting (proactor: <_IocpProactor overlapped#=0 result#=0>)...
2024-12-27 11:43:51 DEBUG _windows.py:192: Thread started
2024-12-27 11:43:51 INFO event_listener.py:118: Komorebi connected to named pipe: yasb-a4204288-c3eb-11ef-be02-e848b8c82000
2024-12-27 11:43:51 ERROR media.py:189: MediaWidget: Error setting thumbnail: y1 must be greater than or equal to y0
2024-12-27 11:43:51 ERROR media.py:189: MediaWidget: Error setting thumbnail: y1 must be greater than or equal to y0
2024-12-27 11:43:51 ERROR media.py:189: MediaWidget: Error setting thumbnail: y1 must be greater than or equal to y0
2024-12-27 11:43:51 ERROR media.py:189: MediaWidget: Error setting thumbnail: y1 must be greater than or equal to y0
2024-12-27 11:44:05 INFO log.py:21: Yasb
2024-12-27 11:44:05 ERROR errorhandler.py:105: Property: Invalid value for "CSS Level 2.1" property: "#f8f8f2" [6:5: color]
2024-12-27 11:44:05 ERROR errorhandler.py:105: Property: Invalid value for "CSS Level 2.1" property: "#a1efe4" [50:5: color]
2024-12-27 11:44:05 ERROR errorhandler.py:105: Property: Invalid value for "CSS Level 2.1" property: "#f8f8f2" [63:5: color]
2024-12-27 11:44:05 ERROR errorhandler.py:105: Property: Invalid value for "CSS Level 2.1" property: "#f8f8f2" [67:5: color]
2024-12-27 11:44:05 ERROR errorhandler.py:105: Property: Invalid value for "CSS Level 2.1" property: "#f8f8f2" [72:5: color]
2024-12-27 11:44:05 ERROR errorhandler.py:105: Property: Invalid value for "CSS Level 2.1" property: "#f8f8f2" [119:5: color]
2024-12-27 11:44:05 ERROR errorhandler.py:105: Property: Invalid value for "CSS Level 2.1" property: "#272822" [137:5: color]
2024-12-27 11:44:06 DEBUG win32.py:58: Looking up time zone info from registry
2024-12-27 11:44:06 INFO weather.py:156: Fetched new weather data at 2024-12-27 11:44:06.886658
2024-12-27 11:44:06 DEBUG __init__.py:143: CoInitializeEx(None, 2)
2024-12-27 11:44:07 INFO weather.py:156: Fetched new weather data at 2024-12-27 11:44:07.663889
2024-12-27 11:44:07 INFO event_listener.py:52: Created named pipe yasb-ae1cf6fe-c3eb-11ef-adfc-e848b8c82000
2024-12-27 11:44:07 INFO event_listener.py:106: Waiting for Komorebi to subscribe to named pipe yasb-ae1cf6fe-c3eb-11ef-adfc-e848b8c82000
2024-12-27 11:44:07 INFO watcher.py:39: Created file watcher for path C:\Users\jojat\.config\yasb
2024-12-27 11:44:07 DEBUG _windows.py:213: Starting (proactor: <_IocpProactor overlapped#=0 result#=0>)...
2024-12-27 11:44:07 DEBUG _windows.py:192: Thread started
2024-12-27 11:44:08 INFO event_listener.py:118: Komorebi connected to named pipe: yasb-ae1cf6fe-c3eb-11ef-adfc-e848b8c82000
2024-12-27 11:44:08 ERROR media.py:189: MediaWidget: Error setting thumbnail: y1 must be greater than or equal to y0
2024-12-27 11:44:08 ERROR media.py:189: MediaWidget: Error setting thumbnail: y1 must be greater than or equal to y0
2024-12-27 11:44:08 ERROR media.py:189: MediaWidget: Error setting thumbnail: y1 must be greater than or equal to y0
2024-12-27 11:44:08 ERROR media.py:189: MediaWidget: Error setting thumbnail: y1 must be greater than or equal to y0
2024-12-27 11:48:00 INFO log.py:21: Yasb
2024-12-27 11:48:00 ERROR main.py:73: Another instance of the YASB is already running.
2024-12-27 11:48:28 INFO log.py:21: Yasb
2024-12-27 11:48:28 ERROR main.py:73: Another instance of the YASB is already running.
2024-12-27 11:48:31 INFO log.py:21: Yasb
2024-12-27 11:48:31 ERROR main.py:73: Another instance of the YASB is already running.
2024-12-27 11:50:49 INFO log.py:21: Yasb
2024-12-27 11:50:49 ERROR errorhandler.py:105: Property: Invalid value for "CSS Level 2.1" property: "#f8f8f2" [6:5: color]
2024-12-27 11:50:49 ERROR errorhandler.py:105: Property: Invalid value for "CSS Level 2.1" property: "#a1efe4" [50:5: color]
2024-12-27 11:50:49 ERROR errorhandler.py:105: Property: Invalid value for "CSS Level 2.1" property: "#f8f8f2" [63:5: color]
2024-12-27 11:50:49 ERROR errorhandler.py:105: Property: Invalid value for "CSS Level 2.1" property: "#f8f8f2" [67:5: color]
2024-12-27 11:50:49 ERROR errorhandler.py:105: Property: Invalid value for "CSS Level 2.1" property: "#f8f8f2" [72:5: color]
2024-12-27 11:50:49 ERROR errorhandler.py:105: Property: Invalid value for "CSS Level 2.1" property: "#f8f8f2" [119:5: color]
2024-12-27 11:50:49 ERROR errorhandler.py:105: Property: Invalid value for "CSS Level 2.1" property: "#272822" [137:5: color]
2024-12-27 11:50:49 DEBUG win32.py:58: Looking up time zone info from registry
2024-12-27 11:50:49 INFO weather.py:156: Fetched new weather data at 2024-12-27 11:50:49.707950
2024-12-27 11:50:49 DEBUG __init__.py:143: CoInitializeEx(None, 2)
2024-12-27 11:50:49 WARNING widget_builder.py:38: No widget config could be found for widget 'microphone
2024-12-27 11:50:50 INFO weather.py:156: Fetched new weather data at 2024-12-27 11:50:50.251499
2024-12-27 11:50:50 WARNING widget_builder.py:35: Ignoring construction of invalid widget 'microphone'
2024-12-27 11:50:55 INFO watcher.py:39: Created file watcher for path C:\Users\jojat\.config\yasb
2024-12-27 11:50:55 DEBUG _windows.py:213: Starting (proactor: <_IocpProactor overlapped#=0 result#=0>)...
2024-12-27 11:50:55 DEBUG _windows.py:192: Thread started
2024-12-27 11:55:32 INFO log.py:21: Yasb
2024-12-27 11:55:32 ERROR errorhandler.py:105: Property: Invalid value for "CSS Level 2.1" property: "#f8f8f2" [6:5: color]
2024-12-27 11:55:32 ERROR errorhandler.py:105: Property: Invalid value for "CSS Level 2.1" property: "#a1efe4" [50:5: color]
2024-12-27 11:55:32 ERROR errorhandler.py:105: Property: Invalid value for "CSS Level 2.1" property: "#f8f8f2" [63:5: color]
2024-12-27 11:55:32 ERROR errorhandler.py:105: Property: Invalid value for "CSS Level 2.1" property: "#f8f8f2" [67:5: color]
2024-12-27 11:55:32 ERROR errorhandler.py:105: Property: Invalid value for "CSS Level 2.1" property: "#f8f8f2" [72:5: color]
2024-12-27 11:55:32 ERROR errorhandler.py:105: Property: Invalid value for "CSS Level 2.1" property: "#f8f8f2" [119:5: color]
2024-12-27 11:55:32 ERROR errorhandler.py:105: Property: Invalid value for "CSS Level 2.1" property: "#272822" [137:5: color]
2024-12-27 11:55:33 DEBUG win32.py:58: Looking up time zone info from registry
2024-12-27 11:55:33 INFO weather.py:156: Fetched new weather data at 2024-12-27 11:55:33.100865
2024-12-27 11:55:33 DEBUG __init__.py:143: CoInitializeEx(None, 2)
2024-12-27 11:55:33 ERROR widget_builder.py:64: Failed to import widget with type yasb.microphone.MicrophoneWidget
Traceback (most recent call last):
  File "D:\a\yasb\yasb\src\core\utils\widget_builder.py", line 42, in _build_widget
  File "C:\hostedtoolcache\windows\Python\3.12.7\x64\Lib\importlib\__init__.py", line 90, in import_module
  File "<frozen importlib._bootstrap>", line 1387, in _gcd_import
  File "<frozen importlib._bootstrap>", line 1360, in _find_and_load
  File "<frozen importlib._bootstrap>", line 1324, in _find_and_load_unlocked
ModuleNotFoundError: No module named 'core.widgets.yasb.microphone'
2024-12-27 11:55:33 INFO weather.py:156: Fetched new weather data at 2024-12-27 11:55:33.534105
2024-12-27 11:55:33 ERROR widget_builder.py:64: Failed to import widget with type yasb.microphone.MicrophoneWidget
Traceback (most recent call last):
  File "D:\a\yasb\yasb\src\core\utils\widget_builder.py", line 42, in _build_widget
  File "C:\hostedtoolcache\windows\Python\3.12.7\x64\Lib\importlib\__init__.py", line 90, in import_module
  File "<frozen importlib._bootstrap>", line 1387, in _gcd_import
  File "<frozen importlib._bootstrap>", line 1360, in _find_and_load
  File "<frozen importlib._bootstrap>", line 1324, in _find_and_load_unlocked
ModuleNotFoundError: No module named 'core.widgets.yasb.microphone'
2024-12-27 11:56:04 INFO watcher.py:39: Created file watcher for path C:\Users\jojat\.config\yasb
2024-12-27 11:56:04 DEBUG _windows.py:213: Starting (proactor: <_IocpProactor overlapped#=0 result#=0>)...
2024-12-27 11:56:04 DEBUG _windows.py:192: Thread started
2024-12-27 11:56:52 INFO tray.py:201: Reloading Application...
2024-12-27 11:56:53 INFO log.py:21: Yasb
2024-12-27 11:56:53 ERROR errorhandler.py:105: Property: Invalid value for "CSS Level 2.1" property: "#f8f8f2" [6:5: color]
2024-12-27 11:56:53 ERROR errorhandler.py:105: Property: Invalid value for "CSS Level 2.1" property: "#a1efe4" [50:5: color]
2024-12-27 11:56:53 ERROR errorhandler.py:105: Property: Invalid value for "CSS Level 2.1" property: "#f8f8f2" [63:5: color]
2024-12-27 11:56:53 ERROR errorhandler.py:105: Property: Invalid value for "CSS Level 2.1" property: "#f8f8f2" [67:5: color]
2024-12-27 11:56:53 ERROR errorhandler.py:105: Property: Invalid value for "CSS Level 2.1" property: "#f8f8f2" [72:5: color]
2024-12-27 11:56:53 ERROR errorhandler.py:105: Property: Invalid value for "CSS Level 2.1" property: "#f8f8f2" [119:5: color]
2024-12-27 11:56:53 ERROR errorhandler.py:105: Property: Invalid value for "CSS Level 2.1" property: "#272822" [137:5: color]
2024-12-27 11:56:53 DEBUG win32.py:58: Looking up time zone info from registry
2024-12-27 11:56:53 INFO weather.py:156: Fetched new weather data at 2024-12-27 11:56:53.544151
2024-12-27 11:56:53 DEBUG __init__.py:143: CoInitializeEx(None, 2)
2024-12-27 11:56:53 ERROR widget_builder.py:64: Failed to import widget with type yasb.microphone.MicrophoneWidget
Traceback (most recent call last):
  File "D:\a\yasb\yasb\src\core\utils\widget_builder.py", line 42, in _build_widget
  File "C:\hostedtoolcache\windows\Python\3.12.7\x64\Lib\importlib\__init__.py", line 90, in import_module
  File "<frozen importlib._bootstrap>", line 1387, in _gcd_import
  File "<frozen importlib._bootstrap>", line 1360, in _find_and_load
  File "<frozen importlib._bootstrap>", line 1324, in _find_and_load_unlocked
ModuleNotFoundError: No module named 'core.widgets.yasb.microphone'
2024-12-27 11:56:53 INFO weather.py:156: Fetched new weather data at 2024-12-27 11:56:53.987266
2024-12-27 11:56:53 ERROR widget_builder.py:64: Failed to import widget with type yasb.microphone.MicrophoneWidget
Traceback (most recent call last):
  File "D:\a\yasb\yasb\src\core\utils\widget_builder.py", line 42, in _build_widget
  File "C:\hostedtoolcache\windows\Python\3.12.7\x64\Lib\importlib\__init__.py", line 90, in import_module
  File "<frozen importlib._bootstrap>", line 1387, in _gcd_import
  File "<frozen importlib._bootstrap>", line 1360, in _find_and_load
  File "<frozen importlib._bootstrap>", line 1324, in _find_and_load_unlocked
ModuleNotFoundError: No module named 'core.widgets.yasb.microphone'
2024-12-27 11:59:20 INFO watcher.py:39: Created file watcher for path C:\Users\jojat\.config\yasb
2024-12-27 11:59:20 DEBUG _windows.py:213: Starting (proactor: <_IocpProactor overlapped#=0 result#=0>)...
2024-12-27 11:59:20 DEBUG _windows.py:192: Thread started
2024-12-27 11:59:26 INFO tray.py:205: Exiting Application from tray...
2024-12-27 11:59:26 DEBUG _windows.py:218: Stopping worker thread...
2024-12-27 11:59:26 DEBUG _windows.py:201: Exiting thread
2024-12-27 11:59:26 DEBUG _windows.py:75: Closing
2024-12-27 11:59:26 ERROR event_service.py:30: Failed to emit signal <bound PYQT_SIGNAL foreground_change of ActiveWindowWidget object at 0x0000024EDEBB96D0>. Removing link to WinEvent.EventSystemForeground.
2024-12-27 11:59:29 INFO log.py:21: Yasb
2024-12-27 11:59:29 ERROR errorhandler.py:105: Property: Invalid value for "CSS Level 2.1" property: "#f8f8f2" [6:5: color]
2024-12-27 11:59:29 ERROR errorhandler.py:105: Property: Invalid value for "CSS Level 2.1" property: "#a1efe4" [50:5: color]
2024-12-27 11:59:29 ERROR errorhandler.py:105: Property: Invalid value for "CSS Level 2.1" property: "#f8f8f2" [63:5: color]
2024-12-27 11:59:29 ERROR errorhandler.py:105: Property: Invalid value for "CSS Level 2.1" property: "#f8f8f2" [67:5: color]
2024-12-27 11:59:29 ERROR errorhandler.py:105: Property: Invalid value for "CSS Level 2.1" property: "#f8f8f2" [72:5: color]
2024-12-27 11:59:29 ERROR errorhandler.py:105: Property: Invalid value for "CSS Level 2.1" property: "#f8f8f2" [119:5: color]
2024-12-27 11:59:29 ERROR errorhandler.py:105: Property: Invalid value for "CSS Level 2.1" property: "#272822" [137:5: color]
2024-12-27 11:59:29 DEBUG win32.py:58: Looking up time zone info from registry
2024-12-27 11:59:30 INFO weather.py:156: Fetched new weather data at 2024-12-27 11:59:30.039813
2024-12-27 11:59:30 DEBUG __init__.py:143: CoInitializeEx(None, 2)
2024-12-27 11:59:30 ERROR widget_builder.py:64: Failed to import widget with type yasb.microphone.MicrophoneWidget
Traceback (most recent call last):
  File "D:\a\yasb\yasb\src\core\utils\widget_builder.py", line 42, in _build_widget
  File "C:\hostedtoolcache\windows\Python\3.12.7\x64\Lib\importlib\__init__.py", line 90, in import_module
  File "<frozen importlib._bootstrap>", line 1387, in _gcd_import
  File "<frozen importlib._bootstrap>", line 1360, in _find_and_load
  File "<frozen importlib._bootstrap>", line 1324, in _find_and_load_unlocked
ModuleNotFoundError: No module named 'core.widgets.yasb.microphone'
2024-12-27 11:59:30 INFO weather.py:156: Fetched new weather data at 2024-12-27 11:59:30.403220
2024-12-27 11:59:30 ERROR widget_builder.py:64: Failed to import widget with type yasb.microphone.MicrophoneWidget
Traceback (most recent call last):
  File "D:\a\yasb\yasb\src\core\utils\widget_builder.py", line 42, in _build_widget
  File "C:\hostedtoolcache\windows\Python\3.12.7\x64\Lib\importlib\__init__.py", line 90, in import_module
  File "<frozen importlib._bootstrap>", line 1387, in _gcd_import
  File "<frozen importlib._bootstrap>", line 1360, in _find_and_load
  File "<frozen importlib._bootstrap>", line 1324, in _find_and_load_unlocked
ModuleNotFoundError: No module named 'core.widgets.yasb.microphone'
2024-12-27 11:59:38 INFO watcher.py:39: Created file watcher for path C:\Users\jojat\.config\yasb
2024-12-27 11:59:38 DEBUG _windows.py:213: Starting (proactor: <_IocpProactor overlapped#=0 result#=0>)...
2024-12-27 11:59:38 DEBUG _windows.py:192: Thread started
2024-12-27 12:00:05 INFO tray.py:205: Exiting Application from tray...
2024-12-27 12:00:05 DEBUG _windows.py:218: Stopping worker thread...
2024-12-27 12:00:05 DEBUG _windows.py:201: Exiting thread
2024-12-27 12:00:05 DEBUG _windows.py:75: Closing
2024-12-27 12:00:20 INFO log.py:21: Yasb
2024-12-27 12:00:20 ERROR errorhandler.py:105: Property: Invalid value for "CSS Level 2.1" property: "#f8f8f2" [6:5: color]
2024-12-27 12:00:20 ERROR errorhandler.py:105: Property: Invalid value for "CSS Level 2.1" property: "#a1efe4" [50:5: color]
2024-12-27 12:00:20 ERROR errorhandler.py:105: Property: Invalid value for "CSS Level 2.1" property: "#f8f8f2" [63:5: color]
2024-12-27 12:00:21 ERROR errorhandler.py:105: Property: Invalid value for "CSS Level 2.1" property: "#f8f8f2" [67:5: color]
2024-12-27 12:00:21 ERROR errorhandler.py:105: Property: Invalid value for "CSS Level 2.1" property: "#f8f8f2" [72:5: color]
2024-12-27 12:00:21 ERROR errorhandler.py:105: Property: Invalid value for "CSS Level 2.1" property: "#f8f8f2" [119:5: color]
2024-12-27 12:00:21 ERROR errorhandler.py:105: Property: Invalid value for "CSS Level 2.1" property: "#272822" [137:5: color]
2024-12-27 12:00:21 DEBUG win32.py:58: Looking up time zone info from registry
2024-12-27 12:00:22 INFO weather.py:158: Fetched new weather data at 2024-12-27 12:00:22.501246
2024-12-27 12:00:22 DEBUG __init__.py:143: CoInitializeEx(None, 2)
2024-12-27 12:00:23 INFO weather.py:158: Fetched new weather data at 2024-12-27 12:00:23.073512
2024-12-27 12:00:23 INFO watcher.py:39: Created file watcher for path C:\Users\jojat\.config\yasb
2024-12-27 12:00:23 DEBUG _windows.py:213: Starting (proactor: <_IocpProactor overlapped#=0 result#=0>)...
2024-12-27 12:00:23 DEBUG _windows.py:192: Thread started
2024-12-27 12:00:28 ERROR base.py:89: Failed to execute callback of type 'toggle_mute' with args: []
Traceback (most recent call last):
  File "D:\a\yasb\yasb\src\core\widgets\base.py", line 87, in _run_callback
  File "D:\a\yasb\yasb\src\core\widgets\yasb\microphone.py", line 195, in toggle_mute
_ctypes.COMError: (-2147024463, 'A device which does not exist was specified.', (None, None, None, 0, None))
2024-12-27 12:10:22 INFO weather.py:158: Fetched new weather data at 2024-12-27 12:10:22.491101
2024-12-27 12:10:23 INFO weather.py:158: Fetched new weather data at 2024-12-27 12:10:23.409050
2024-12-27 12:20:22 INFO weather.py:158: Fetched new weather data at 2024-12-27 12:20:22.495158
2024-12-27 12:20:23 INFO weather.py:158: Fetched new weather data at 2024-12-27 12:20:23.226465
2024-12-27 12:21:50 ERROR errorhandler.py:105: Property: Invalid value for "CSS Level 2.1" property: "#f8f8f2" [6:5: color]
2024-12-27 12:21:50 ERROR errorhandler.py:105: Property: Invalid value for "CSS Level 2.1" property: "#a1efe4" [50:5: color]
2024-12-27 12:21:50 ERROR errorhandler.py:105: Property: Invalid value for "CSS Level 2.1" property: "#f8f8f2" [63:5: color]
2024-12-27 12:21:50 ERROR errorhandler.py:105: Property: Invalid value for "CSS Level 2.1" property: "#f8f8f2" [67:5: color]
2024-12-27 12:21:50 ERROR errorhandler.py:105: Property: Invalid value for "CSS Level 2.1" property: "#f8f8f2" [72:5: color]
2024-12-27 12:21:50 ERROR errorhandler.py:105: Property: Invalid value for "CSS Level 2.1" property: "#f8f8f2" [119:5: color]
2024-12-27 12:21:50 ERROR errorhandler.py:105: Property: Invalid value for "CSS Level 2.1" property: "#272822" [137:5: color]
2024-12-27 12:30:22 INFO weather.py:158: Fetched new weather data at 2024-12-27 12:30:22.491985
2024-12-27 12:30:23 INFO weather.py:158: Fetched new weather data at 2024-12-27 12:30:23.227186
2024-12-27 12:32:57 ERROR errorhandler.py:105: Property: Invalid value for "CSS Level 2.1" property: "#f8f8f2" [6:5: color]
2024-12-27 12:32:57 ERROR errorhandler.py:105: Property: Invalid value for "CSS Level 2.1" property: "#a1efe4" [50:5: color]
2024-12-27 12:32:57 ERROR errorhandler.py:105: Property: Invalid value for "CSS Level 2.1" property: "#f8f8f2" [63:5: color]
2024-12-27 12:32:57 ERROR errorhandler.py:105: Property: Invalid value for "CSS Level 2.1" property: "#f8f8f2" [67:5: color]
2024-12-27 12:32:57 ERROR errorhandler.py:105: Property: Invalid value for "CSS Level 2.1" property: "#f8f8f2" [72:5: color]
2024-12-27 12:32:57 ERROR errorhandler.py:105: Property: Invalid value for "CSS Level 2.1" property: "#f8f8f2" [119:5: color]
2024-12-27 12:32:57 ERROR errorhandler.py:105: Property: Invalid value for "CSS Level 2.1" property: "#272822" [137:5: color]
2024-12-27 12:34:42 ERROR errorhandler.py:105: Property: Invalid value for "CSS Level 2.1" property: "#f1ebeb" [6:5: color]
2024-12-27 12:34:42 ERROR errorhandler.py:105: Property: Invalid value for "CSS Level 2.1" property: "#66d9ee" [50:5: color]
2024-12-27 12:34:42 ERROR errorhandler.py:105: Property: Invalid value for "CSS Level 2.1" property: "#f1ebeb" [63:5: color]
2024-12-27 12:34:42 ERROR errorhandler.py:105: Property: Invalid value for "CSS Level 2.1" property: "#f1ebeb" [67:5: color]
2024-12-27 12:34:42 ERROR errorhandler.py:105: Property: Invalid value for "CSS Level 2.1" property: "#f1ebeb" [72:5: color]
2024-12-27 12:34:42 ERROR errorhandler.py:105: Property: Invalid value for "CSS Level 2.1" property: "#f1ebeb" [119:5: color]
2024-12-27 12:34:42 ERROR errorhandler.py:105: Property: Invalid value for "CSS Level 2.1" property: "#48483e" [137:5: color]
2024-12-27 12:34:42 INFO bar_manager.py:46: Successfully loaded updated stylesheet and applied to all bars.
2024-12-27 12:36:12 ERROR errorhandler.py:105: Property: Invalid value for "CSS Level 2.1" property: "#f1ebeb" [6:5: color]
2024-12-27 12:36:12 ERROR config.py:116: The file 'C:\Users\jojat\.config\yasb\styles.css' contains Syntax Error(s). Please fix:
COLOR_VALUE: Missing token for production Sequence(comma, Choice(unary +-, number, percentage)): ('FUNCTION', 'var(', 15, 28)
2024-12-27 12:36:31 ERROR errorhandler.py:105: Property: Invalid value for "CSS Level 2.1" property: "#f1ebeb" [6:5: color]
2024-12-27 12:36:31 ERROR config.py:116: The file 'C:\Users\jojat\.config\yasb\styles.css' contains Syntax Error(s). Please fix:
COLOR_VALUE: Missing token for production Sequence(comma, Choice(unary +-, number, percentage)): ('STRING', '"#272822"', 15, 28)
2024-12-27 12:37:03 ERROR errorhandler.py:105: Property: Invalid value for "CSS Level 2.1" property: "#f1ebeb" [6:5: color]
2024-12-27 12:37:03 ERROR config.py:116: The file 'C:\Users\jojat\.config\yasb\styles.css' contains Syntax Error(s). Please fix:
COLOR_VALUE: Missing token for production Sequence(comma, Choice(unary +-, number, percentage)): ('STRING', '"#272822"', 15, 28)
2024-12-27 12:37:34 ERROR errorhandler.py:105: Property: Invalid value for "CSS Level 2.1" property: "#f1ebeb" [6:5: color]
2024-12-27 12:37:34 ERROR config.py:116: The file 'C:\Users\jojat\.config\yasb\styles.css' contains Syntax Error(s). Please fix:
COLOR_VALUE: Missing token for production Sequence(comma, Choice(unary +-, number, percentage)): ('HASH', '#272822', 15, 28)
2024-12-27 12:37:42 ERROR errorhandler.py:105: Property: Invalid value for "CSS Level 2.1" property: "#f1ebeb" [6:5: color]
2024-12-27 12:37:42 ERROR config.py:116: The file 'C:\Users\jojat\.config\yasb\styles.css' contains Syntax Error(s). Please fix:
COLOR_VALUE: Missing token for production Sequence(comma, Choice(unary +-, number, percentage)): ('STRING', '"#272822"', 15, 28)
2024-12-27 12:39:04 ERROR errorhandler.py:105: Property: Invalid value for "CSS Level 2.1" property: "#f1ebeb" [6:5: color]
2024-12-27 12:39:04 ERROR config.py:116: The file 'C:\Users\jojat\.config\yasb\styles.css' contains Syntax Error(s). Please fix:
PropertyValue: Missing token for production Choice(ColorValue, Dimension, URIValue, Value, variable, MSValue, CSSCalc, function): ('CHAR', '+', 15, 33)
2024-12-27 12:39:04 ERROR errorhandler.py:105: Property: Invalid value for "CSS Level 2.1" property: "#f1ebeb" [6:5: color]
2024-12-27 12:39:04 ERROR config.py:116: The file 'C:\Users\jojat\.config\yasb\styles.css' contains Syntax Error(s). Please fix:
PropertyValue: Missing token for production Choice(ColorValue, Dimension, URIValue, Value, variable, MSValue, CSSCalc, function): ('CHAR', '+', 15, 33)
2024-12-27 12:40:22 INFO weather.py:158: Fetched new weather data at 2024-12-27 12:40:22.456312
2024-12-27 12:40:23 INFO weather.py:158: Fetched new weather data at 2024-12-27 12:40:23.367860
2024-12-27 12:41:45 ERROR errorhandler.py:105: Property: Invalid value for "CSS Level 2.1" property: "#f1ebeb" [6:5: color]
2024-12-27 12:41:45 ERROR errorhandler.py:105: Property: Invalid value for "CSS Level 2.1" property: "#66d9ee" [50:5: color]
2024-12-27 12:41:45 ERROR errorhandler.py:105: Property: Invalid value for "CSS Level 2.1" property: "#f1ebeb" [63:5: color]
2024-12-27 12:41:45 ERROR errorhandler.py:105: Property: Invalid value for "CSS Level 2.1" property: "#f1ebeb" [67:5: color]
2024-12-27 12:41:45 ERROR errorhandler.py:105: Property: Invalid value for "CSS Level 2.1" property: "#f1ebeb" [72:5: color]
2024-12-27 12:41:45 ERROR errorhandler.py:105: Property: Invalid value for "CSS Level 2.1" property: "#f1ebeb" [119:5: color]
2024-12-27 12:41:45 ERROR errorhandler.py:105: Property: Invalid value for "CSS Level 2.1" property: "#48483e" [137:5: color]
2024-12-27 12:41:45 ERROR errorhandler.py:105: Property: Invalid value for "CSS Level 2.1" property: "#f1ebeb" [6:5: color]
2024-12-27 12:41:45 ERROR errorhandler.py:105: Property: Invalid value for "CSS Level 2.1" property: "#66d9ee" [50:5: color]
2024-12-27 12:41:45 ERROR errorhandler.py:105: Property: Invalid value for "CSS Level 2.1" property: "#f1ebeb" [63:5: color]
2024-12-27 12:41:45 ERROR errorhandler.py:105: Property: Invalid value for "CSS Level 2.1" property: "#f1ebeb" [67:5: color]
2024-12-27 12:41:45 ERROR errorhandler.py:105: Property: Invalid value for "CSS Level 2.1" property: "#f1ebeb" [72:5: color]
2024-12-27 12:41:45 ERROR errorhandler.py:105: Property: Invalid value for "CSS Level 2.1" property: "#f1ebeb" [119:5: color]
2024-12-27 12:41:45 ERROR errorhandler.py:105: Property: Invalid value for "CSS Level 2.1" property: "#48483e" [137:5: color]
2024-12-27 12:46:07 ERROR errorhandler.py:105: Property: Invalid value for "CSS Level 2.1" property: 241, 235, 235 [6:5: color]
2024-12-27 12:46:07 ERROR errorhandler.py:105: Property: Invalid value for "CSS Level 2.1" property: 102, 207, 238 [50:5: color]
2024-12-27 12:46:07 ERROR errorhandler.py:105: Property: Invalid value for "CSS Level 2.1" property: 241, 235, 235 [63:5: color]
2024-12-27 12:46:07 ERROR errorhandler.py:105: Property: Invalid value for "CSS Level 2.1" property: 241, 235, 235 [67:5: color]
2024-12-27 12:46:07 ERROR errorhandler.py:105: Property: Invalid value for "CSS Level 2.1" property: 241, 235, 235 [72:5: color]
2024-12-27 12:46:07 ERROR errorhandler.py:105: Property: Invalid value for "CSS Level 2.1" property: 241, 235, 235 [119:5: color]
2024-12-27 12:46:07 ERROR errorhandler.py:105: Property: Invalid value for "CSS Level 2.1" property: 72, 72, 62 [137:5: color]
2024-12-27 12:46:07 INFO bar_manager.py:46: Successfully loaded updated stylesheet and applied to all bars.
2024-12-27 12:46:28 ERROR errorhandler.py:105: Property: Invalid value for "CSS Level 2.1" property: 241, 235, 235 [6:5: color]
2024-12-27 12:46:28 ERROR errorhandler.py:105: Property: Invalid value for "CSS Level 2.1" property: 102, 207, 238 [50:5: color]
2024-12-27 12:46:28 ERROR errorhandler.py:105: Property: Invalid value for "CSS Level 2.1" property: 241, 235, 235 [63:5: color]
2024-12-27 12:46:28 ERROR errorhandler.py:105: Property: Invalid value for "CSS Level 2.1" property: 241, 235, 235 [67:5: color]
2024-12-27 12:46:28 ERROR errorhandler.py:105: Property: Invalid value for "CSS Level 2.1" property: 241, 235, 235 [72:5: color]
2024-12-27 12:46:28 ERROR errorhandler.py:105: Property: Invalid value for "CSS Level 2.1" property: 241, 235, 235 [119:5: color]
2024-12-27 12:46:28 ERROR errorhandler.py:105: Property: Invalid value for "CSS Level 2.1" property: 72, 72, 62 [137:5: color]
2024-12-27 12:46:32 ERROR errorhandler.py:105: Property: Invalid value for "CSS Level 2.1" property: 241, 235, 235 [6:5: color]
2024-12-27 12:46:32 ERROR errorhandler.py:105: Property: Invalid value for "CSS Level 2.1" property: 102, 207, 238 [50:5: color]
2024-12-27 12:46:32 ERROR errorhandler.py:105: Property: Invalid value for "CSS Level 2.1" property: 241, 235, 235 [63:5: color]
2024-12-27 12:46:32 ERROR errorhandler.py:105: Property: Invalid value for "CSS Level 2.1" property: 241, 235, 235 [67:5: color]
2024-12-27 12:46:32 ERROR errorhandler.py:105: Property: Invalid value for "CSS Level 2.1" property: 241, 235, 235 [72:5: color]
2024-12-27 12:46:32 ERROR errorhandler.py:105: Property: Invalid value for "CSS Level 2.1" property: 241, 235, 235 [119:5: color]
2024-12-27 12:46:32 ERROR errorhandler.py:105: Property: Invalid value for "CSS Level 2.1" property: 72, 72, 62 [137:5: color]
2024-12-27 12:46:39 ERROR errorhandler.py:105: Property: Invalid value for "CSS Level 2.1" property: 241, 235, 235 [6:5: color]
2024-12-27 12:46:39 ERROR errorhandler.py:105: Property: Invalid value for "CSS Level 2.1" property: 102, 207, 238 [50:5: color]
2024-12-27 12:46:39 ERROR errorhandler.py:105: Property: Invalid value for "CSS Level 2.1" property: 241, 235, 235 [63:5: color]
2024-12-27 12:46:39 ERROR errorhandler.py:105: Property: Invalid value for "CSS Level 2.1" property: 241, 235, 235 [67:5: color]
2024-12-27 12:46:40 ERROR errorhandler.py:105: Property: Invalid value for "CSS Level 2.1" property: 241, 235, 235 [72:5: color]
2024-12-27 12:46:40 ERROR errorhandler.py:105: Property: Invalid value for "CSS Level 2.1" property: 241, 235, 235 [119:5: color]
2024-12-27 12:46:40 ERROR errorhandler.py:105: Property: Invalid value for "CSS Level 2.1" property: 72, 72, 62 [137:5: color]
2024-12-27 12:46:40 INFO bar_manager.py:46: Successfully loaded updated stylesheet and applied to all bars.
2024-12-27 12:46:50 ERROR errorhandler.py:105: Property: Invalid value for "CSS Level 2.1" property: 241, 235, 235 [6:5: color]
2024-12-27 12:46:50 ERROR errorhandler.py:105: Property: Invalid value for "CSS Level 2.1" property: 102, 207, 238 [50:5: color]
2024-12-27 12:46:50 ERROR errorhandler.py:105: Property: Invalid value for "CSS Level 2.1" property: 241, 235, 235 [63:5: color]
2024-12-27 12:46:50 ERROR errorhandler.py:105: Property: Invalid value for "CSS Level 2.1" property: 241, 235, 235 [67:5: color]
2024-12-27 12:46:50 ERROR errorhandler.py:105: Property: Invalid value for "CSS Level 2.1" property: 241, 235, 235 [72:5: color]
2024-12-27 12:46:50 ERROR errorhandler.py:105: Property: Invalid value for "CSS Level 2.1" property: 241, 235, 235 [119:5: color]
2024-12-27 12:46:50 ERROR errorhandler.py:105: Property: Invalid value for "CSS Level 2.1" property: 72, 72, 62 [137:5: color]
2024-12-27 12:46:50 INFO bar_manager.py:46: Successfully loaded updated stylesheet and applied to all bars.
2024-12-27 12:46:55 ERROR errorhandler.py:105: Property: Invalid value for "CSS Level 2.1" property: 241, 235, 235 [6:5: color]
2024-12-27 12:46:55 ERROR errorhandler.py:105: Property: Invalid value for "CSS Level 2.1" property: 102, 207, 238 [50:5: color]
2024-12-27 12:46:55 ERROR errorhandler.py:105: Property: Invalid value for "CSS Level 2.1" property: 241, 235, 235 [63:5: color]
2024-12-27 12:46:55 ERROR errorhandler.py:105: Property: Invalid value for "CSS Level 2.1" property: 241, 235, 235 [67:5: color]
2024-12-27 12:46:55 ERROR errorhandler.py:105: Property: Invalid value for "CSS Level 2.1" property: 241, 235, 235 [72:5: color]
2024-12-27 12:46:55 ERROR errorhandler.py:105: Property: Invalid value for "CSS Level 2.1" property: 241, 235, 235 [119:5: color]
2024-12-27 12:46:55 ERROR errorhandler.py:105: Property: Invalid value for "CSS Level 2.1" property: 72, 72, 62 [137:5: color]
2024-12-27 12:46:55 INFO bar_manager.py:46: Successfully loaded updated stylesheet and applied to all bars.
2024-12-27 12:47:06 ERROR errorhandler.py:105: Property: Invalid value for "CSS Level 2.1" property: 241, 235, 235 [6:5: color]
2024-12-27 12:47:06 ERROR errorhandler.py:105: Property: Invalid value for "CSS Fonts Module Level 3 @font-face properties/CSS Level 2.1" property: regular [7:5: font-weight]
2024-12-27 12:47:06 ERROR errorhandler.py:105: Property: Invalid value for "CSS Level 2.1" property: 102, 207, 238 [50:5: color]
2024-12-27 12:47:06 ERROR errorhandler.py:105: Property: Invalid value for "CSS Level 2.1" property: 241, 235, 235 [63:5: color]
2024-12-27 12:47:06 ERROR errorhandler.py:105: Property: Invalid value for "CSS Level 2.1" property: 241, 235, 235 [67:5: color]
2024-12-27 12:47:06 ERROR errorhandler.py:105: Property: Invalid value for "CSS Level 2.1" property: 241, 235, 235 [72:5: color]
2024-12-27 12:47:06 ERROR errorhandler.py:105: Property: Invalid value for "CSS Level 2.1" property: 241, 235, 235 [119:5: color]
2024-12-27 12:47:06 ERROR errorhandler.py:105: Property: Invalid value for "CSS Level 2.1" property: 72, 72, 62 [137:5: color]
2024-12-27 12:47:06 INFO bar_manager.py:46: Successfully loaded updated stylesheet and applied to all bars.
2024-12-27 12:47:37 ERROR errorhandler.py:105: Property: Invalid value for "CSS Level 2.1" property: 241, 235, 235 [6:5: color]
2024-12-27 12:47:37 ERROR errorhandler.py:105: Property: Invalid value for "CSS Fonts Module Level 3 @font-face properties/CSS Level 2.1" property: regular [7:5: font-weight]
2024-12-27 12:47:37 ERROR errorhandler.py:105: Property: Invalid value for "CSS Level 2.1" property: 102, 207, 238 [50:5: color]
2024-12-27 12:47:37 ERROR errorhandler.py:105: Property: Invalid value for "CSS Level 2.1" property: 241, 235, 235 [63:5: color]
2024-12-27 12:47:37 ERROR errorhandler.py:105: Property: Invalid value for "CSS Level 2.1" property: 241, 235, 235 [67:5: color]
2024-12-27 12:47:37 ERROR errorhandler.py:105: Property: Invalid value for "CSS Level 2.1" property: 241, 235, 235 [72:5: color]
2024-12-27 12:47:37 ERROR errorhandler.py:105: Property: Invalid value for "CSS Level 2.1" property: 241, 235, 235 [119:5: color]
2024-12-27 12:47:37 ERROR errorhandler.py:105: Property: Invalid value for "CSS Level 2.1" property: 72, 72, 62 [137:5: color]
2024-12-27 12:47:37 INFO bar_manager.py:46: Successfully loaded updated stylesheet and applied to all bars.
2024-12-27 12:47:48 ERROR errorhandler.py:105: Property: Invalid value for "CSS Level 2.1" property: 241, 235, 235 [6:5: color]
2024-12-27 12:47:48 ERROR errorhandler.py:105: Property: Invalid value for "CSS Fonts Module Level 3 @font-face properties/CSS Level 2.1" property: regular [7:5: font-weight]
2024-12-27 12:47:48 ERROR errorhandler.py:105: Property: Invalid value for "CSS Level 2.1" property: 102, 207, 238 [50:5: color]
2024-12-27 12:47:48 ERROR errorhandler.py:105: Property: Invalid value for "CSS Level 2.1" property: 241, 235, 235 [63:5: color]
2024-12-27 12:47:48 ERROR errorhandler.py:105: Property: Invalid value for "CSS Level 2.1" property: 241, 235, 235 [67:5: color]
2024-12-27 12:47:48 ERROR errorhandler.py:105: Property: Invalid value for "CSS Level 2.1" property: 241, 235, 235 [72:5: color]
2024-12-27 12:47:48 ERROR errorhandler.py:105: Property: Invalid value for "CSS Level 2.1" property: 241, 235, 235 [119:5: color]
2024-12-27 12:47:48 ERROR errorhandler.py:105: Property: Invalid value for "CSS Level 2.1" property: 72, 72, 62 [137:5: color]
2024-12-27 12:47:48 INFO bar_manager.py:46: Successfully loaded updated stylesheet and applied to all bars.
2024-12-27 12:47:55 ERROR errorhandler.py:105: Property: Invalid value for "CSS Level 2.1" property: 241, 235, 235 [6:5: color]
2024-12-27 12:47:55 ERROR errorhandler.py:105: Property: Invalid value for "CSS Fonts Module Level 3 @font-face properties/CSS Level 2.1" property: regular [7:5: font-weight]
2024-12-27 12:47:55 ERROR errorhandler.py:105: Property: Invalid value for "CSS Level 2.1" property: 102, 207, 238 [50:5: color]
2024-12-27 12:47:55 ERROR errorhandler.py:105: Property: Invalid value for "CSS Level 2.1" property: 241, 235, 235 [63:5: color]
2024-12-27 12:47:55 ERROR errorhandler.py:105: Property: Invalid value for "CSS Level 2.1" property: 241, 235, 235 [67:5: color]
2024-12-27 12:47:55 ERROR errorhandler.py:105: Property: Invalid value for "CSS Level 2.1" property: 241, 235, 235 [72:5: color]
2024-12-27 12:47:55 ERROR errorhandler.py:105: Property: Invalid value for "CSS Level 2.1" property: 241, 235, 235 [119:5: color]
2024-12-27 12:47:55 ERROR errorhandler.py:105: Property: Invalid value for "CSS Level 2.1" property: 72, 72, 62 [137:5: color]
2024-12-27 12:47:55 INFO bar_manager.py:46: Successfully loaded updated stylesheet and applied to all bars.
2024-12-27 12:48:06 ERROR errorhandler.py:105: Property: Invalid value for "CSS Level 2.1" property: 241, 235, 235 [6:5: color]
2024-12-27 12:48:06 ERROR errorhandler.py:105: Property: Invalid value for "CSS Fonts Module Level 3 @font-face properties/CSS Level 2.1" property: regular [7:5: font-weight]
2024-12-27 12:48:06 ERROR errorhandler.py:105: Property: Invalid value for "CSS Level 2.1" property: 102, 207, 238 [50:5: color]
2024-12-27 12:48:06 ERROR errorhandler.py:105: Property: Invalid value for "CSS Level 2.1" property: 241, 235, 235 [63:5: color]
2024-12-27 12:48:06 ERROR errorhandler.py:105: Property: Invalid value for "CSS Level 2.1" property: 241, 235, 235 [67:5: color]
2024-12-27 12:48:06 ERROR errorhandler.py:105: Property: Invalid value for "CSS Level 2.1" property: 241, 235, 235 [72:5: color]
2024-12-27 12:48:06 ERROR errorhandler.py:105: Property: Invalid value for "CSS Level 2.1" property: 241, 235, 235 [119:5: color]
2024-12-27 12:48:06 ERROR errorhandler.py:105: Property: Invalid value for "CSS Level 2.1" property: 72, 72, 62 [137:5: color]
2024-12-27 12:48:06 INFO bar_manager.py:46: Successfully loaded updated stylesheet and applied to all bars.
2024-12-27 12:48:06 ERROR errorhandler.py:105: Property: Invalid value for "CSS Level 2.1" property: 241, 235, 235 [6:5: color]
2024-12-27 12:48:06 ERROR errorhandler.py:105: Property: Invalid value for "CSS Fonts Module Level 3 @font-face properties/CSS Level 2.1" property: regular [7:5: font-weight]
2024-12-27 12:48:06 ERROR errorhandler.py:105: Property: Invalid value for "CSS Level 2.1" property: 102, 207, 238 [50:5: color]
2024-12-27 12:48:06 ERROR errorhandler.py:105: Property: Invalid value for "CSS Level 2.1" property: 241, 235, 235 [63:5: color]
2024-12-27 12:48:06 ERROR errorhandler.py:105: Property: Invalid value for "CSS Level 2.1" property: 241, 235, 235 [67:5: color]
2024-12-27 12:48:06 ERROR errorhandler.py:105: Property: Invalid value for "CSS Level 2.1" property: 241, 235, 235 [72:5: color]
2024-12-27 12:48:06 ERROR errorhandler.py:105: Property: Invalid value for "CSS Level 2.1" property: 241, 235, 235 [119:5: color]
2024-12-27 12:48:06 ERROR errorhandler.py:105: Property: Invalid value for "CSS Level 2.1" property: 72, 72, 62 [137:5: color]
2024-12-27 12:48:11 ERROR errorhandler.py:105: Property: Invalid value for "CSS Level 2.1" property: 241, 235, 235 [6:5: color]
2024-12-27 12:48:11 ERROR errorhandler.py:105: Property: Invalid value for "CSS Fonts Module Level 3 @font-face properties/CSS Level 2.1" property: regular [7:5: font-weight]
2024-12-27 12:48:11 ERROR errorhandler.py:105: Property: Invalid value for "CSS Level 2.1" property: 102, 207, 238 [50:5: color]
2024-12-27 12:48:11 ERROR errorhandler.py:105: Property: Invalid value for "CSS Level 2.1" property: 241, 235, 235 [63:5: color]
2024-12-27 12:48:11 ERROR errorhandler.py:105: Property: Invalid value for "CSS Level 2.1" property: 241, 235, 235 [67:5: color]
2024-12-27 12:48:11 ERROR errorhandler.py:105: Property: Invalid value for "CSS Level 2.1" property: 241, 235, 235 [72:5: color]
2024-12-27 12:48:11 ERROR errorhandler.py:105: Property: Invalid value for "CSS Level 2.1" property: 241, 235, 235 [119:5: color]
2024-12-27 12:48:11 ERROR errorhandler.py:105: Property: Invalid value for "CSS Level 2.1" property: 72, 72, 62 [137:5: color]
2024-12-27 12:48:11 INFO bar_manager.py:46: Successfully loaded updated stylesheet and applied to all bars.
2024-12-27 12:48:11 ERROR errorhandler.py:105: Property: Invalid value for "CSS Level 2.1" property: 241, 235, 235 [6:5: color]
2024-12-27 12:48:11 ERROR errorhandler.py:105: Property: Invalid value for "CSS Fonts Module Level 3 @font-face properties/CSS Level 2.1" property: regular [7:5: font-weight]
2024-12-27 12:48:11 ERROR errorhandler.py:105: Property: Invalid value for "CSS Level 2.1" property: 102, 207, 238 [50:5: color]
2024-12-27 12:48:11 ERROR errorhandler.py:105: Property: Invalid value for "CSS Level 2.1" property: 241, 235, 235 [63:5: color]
2024-12-27 12:48:11 ERROR errorhandler.py:105: Property: Invalid value for "CSS Level 2.1" property: 241, 235, 235 [67:5: color]
2024-12-27 12:48:11 ERROR errorhandler.py:105: Property: Invalid value for "CSS Level 2.1" property: 241, 235, 235 [72:5: color]
2024-12-27 12:48:11 ERROR errorhandler.py:105: Property: Invalid value for "CSS Level 2.1" property: 241, 235, 235 [119:5: color]
2024-12-27 12:48:11 ERROR errorhandler.py:105: Property: Invalid value for "CSS Level 2.1" property: 72, 72, 62 [137:5: color]
2024-12-27 12:49:01 ERROR errorhandler.py:105: Property: Invalid value for "CSS Level 2.1" property: 241, 235, 235 [6:5: color]
2024-12-27 12:49:01 ERROR errorhandler.py:105: Property: Invalid value for "CSS Fonts Module Level 3 @font-face properties/CSS Level 2.1" property: regular [7:5: font-weight]
2024-12-27 12:49:01 ERROR errorhandler.py:105: Property: Invalid value for "CSS Level 2.1" property: 241, 235, 235 [63:5: color]
2024-12-27 12:49:01 ERROR errorhandler.py:105: Property: Invalid value for "CSS Level 2.1" property: 241, 235, 235 [67:5: color]
2024-12-27 12:49:01 ERROR errorhandler.py:105: Property: Invalid value for "CSS Level 2.1" property: 241, 235, 235 [72:5: color]
2024-12-27 12:49:01 ERROR errorhandler.py:105: Property: Invalid value for "CSS Level 2.1" property: 241, 235, 235 [119:5: color]
2024-12-27 12:49:01 ERROR errorhandler.py:105: Property: Invalid value for "CSS Level 2.1" property: 72, 72, 62 [137:5: color]
2024-12-27 12:49:01 INFO bar_manager.py:46: Successfully loaded updated stylesheet and applied to all bars.
2024-12-27 12:49:09 ERROR errorhandler.py:105: Property: Invalid value for "CSS Level 2.1" property: 241, 235, 235 [6:5: color]
2024-12-27 12:49:09 ERROR errorhandler.py:105: Property: Invalid value for "CSS Fonts Module Level 3 @font-face properties/CSS Level 2.1" property: regular [7:5: font-weight]
2024-12-27 12:49:09 ERROR errorhandler.py:105: Property: Invalid value for "CSS Level 2.1" property: 241, 235, 235 [63:5: color]
2024-12-27 12:49:09 ERROR errorhandler.py:105: Property: Invalid value for "CSS Level 2.1" property: 241, 235, 235 [67:5: color]
2024-12-27 12:49:09 ERROR errorhandler.py:105: Property: Invalid value for "CSS Level 2.1" property: 241, 235, 235 [72:5: color]
2024-12-27 12:49:09 ERROR errorhandler.py:105: Property: Invalid value for "CSS Level 2.1" property: 241, 235, 235 [119:5: color]
2024-12-27 12:49:09 ERROR errorhandler.py:105: Property: Invalid value for "CSS Level 2.1" property: 72, 72, 62 [137:5: color]
2024-12-27 12:49:09 INFO bar_manager.py:46: Successfully loaded updated stylesheet and applied to all bars.
2024-12-27 12:49:09 ERROR errorhandler.py:105: Property: Invalid value for "CSS Level 2.1" property: 241, 235, 235 [6:5: color]
2024-12-27 12:49:09 ERROR errorhandler.py:105: Property: Invalid value for "CSS Fonts Module Level 3 @font-face properties/CSS Level 2.1" property: regular [7:5: font-weight]
2024-12-27 12:49:09 ERROR errorhandler.py:105: Property: Invalid value for "CSS Level 2.1" property: 241, 235, 235 [63:5: color]
2024-12-27 12:49:09 ERROR errorhandler.py:105: Property: Invalid value for "CSS Level 2.1" property: 241, 235, 235 [67:5: color]
2024-12-27 12:49:09 ERROR errorhandler.py:105: Property: Invalid value for "CSS Level 2.1" property: 241, 235, 235 [72:5: color]
2024-12-27 12:49:09 ERROR errorhandler.py:105: Property: Invalid value for "CSS Level 2.1" property: 241, 235, 235 [119:5: color]
2024-12-27 12:49:09 ERROR errorhandler.py:105: Property: Invalid value for "CSS Level 2.1" property: 72, 72, 62 [137:5: color]
2024-12-27 12:49:17 ERROR errorhandler.py:105: Property: Invalid value for "CSS Level 2.1" property: 241, 235, 235 [6:5: color]
2024-12-27 12:49:17 ERROR errorhandler.py:105: Property: Invalid value for "CSS Fonts Module Level 3 @font-face properties/CSS Level 2.1" property: regular [7:5: font-weight]
2024-12-27 12:49:17 ERROR errorhandler.py:105: Property: Invalid value for "CSS Level 2.1" property: 241, 235, 235 [63:5: color]
2024-12-27 12:49:17 ERROR errorhandler.py:105: Property: Invalid value for "CSS Level 2.1" property: 241, 235, 235 [67:5: color]
2024-12-27 12:49:17 ERROR errorhandler.py:105: Property: Invalid value for "CSS Level 2.1" property: 241, 235, 235 [72:5: color]
2024-12-27 12:49:17 ERROR errorhandler.py:105: Property: Invalid value for "CSS Level 2.1" property: 241, 235, 235 [119:5: color]
2024-12-27 12:49:17 ERROR errorhandler.py:105: Property: Invalid value for "CSS Level 2.1" property: 72, 72, 62 [137:5: color]
2024-12-27 12:49:17 INFO bar_manager.py:46: Successfully loaded updated stylesheet and applied to all bars.
2024-12-27 12:49:21 ERROR errorhandler.py:105: Property: Invalid value for "CSS Level 2.1" property: 241, 235, 235 [6:5: color]
2024-12-27 12:49:21 ERROR errorhandler.py:105: Property: Invalid value for "CSS Fonts Module Level 3 @font-face properties/CSS Level 2.1" property: regular [7:5: font-weight]
2024-12-27 12:49:21 ERROR errorhandler.py:105: Property: Invalid value for "CSS Level 2.1" property: 241, 235, 235 [63:5: color]
2024-12-27 12:49:21 ERROR errorhandler.py:105: Property: Invalid value for "CSS Level 2.1" property: 241, 235, 235 [67:5: color]
2024-12-27 12:49:21 ERROR errorhandler.py:105: Property: Invalid value for "CSS Level 2.1" property: 241, 235, 235 [72:5: color]
2024-12-27 12:49:21 ERROR errorhandler.py:105: Property: Invalid value for "CSS Level 2.1" property: 241, 235, 235 [119:5: color]
2024-12-27 12:49:21 ERROR errorhandler.py:105: Property: Invalid value for "CSS Level 2.1" property: 72, 72, 62 [137:5: color]
2024-12-27 12:49:21 INFO bar_manager.py:46: Successfully loaded updated stylesheet and applied to all bars.
2024-12-27 12:49:21 ERROR errorhandler.py:105: Property: Invalid value for "CSS Level 2.1" property: 241, 235, 235 [6:5: color]
2024-12-27 12:49:21 ERROR errorhandler.py:105: Property: Invalid value for "CSS Fonts Module Level 3 @font-face properties/CSS Level 2.1" property: regular [7:5: font-weight]
2024-12-27 12:49:22 ERROR errorhandler.py:105: Property: Invalid value for "CSS Level 2.1" property: 241, 235, 235 [63:5: color]
2024-12-27 12:49:22 ERROR errorhandler.py:105: Property: Invalid value for "CSS Level 2.1" property: 241, 235, 235 [67:5: color]
2024-12-27 12:49:22 ERROR errorhandler.py:105: Property: Invalid value for "CSS Level 2.1" property: 241, 235, 235 [72:5: color]
2024-12-27 12:49:22 ERROR errorhandler.py:105: Property: Invalid value for "CSS Level 2.1" property: 241, 235, 235 [119:5: color]
2024-12-27 12:49:22 ERROR errorhandler.py:105: Property: Invalid value for "CSS Level 2.1" property: 72, 72, 62 [137:5: color]
2024-12-27 12:50:22 INFO weather.py:158: Fetched new weather data at 2024-12-27 12:50:22.351871
2024-12-27 12:50:22 ERROR errorhandler.py:105: Property: Invalid value for "CSS Level 2.1" property: 241, 235, 235 [6:5: color]
2024-12-27 12:50:22 ERROR errorhandler.py:105: Property: Invalid value for "CSS Fonts Module Level 3 @font-face properties/CSS Level 2.1" property: regular [7:5: font-weight]
2024-12-27 12:50:22 ERROR errorhandler.py:105: Property: Invalid value for "CSS Level 2.1" property: 241, 235, 235 [67:5: color]
2024-12-27 12:50:22 ERROR errorhandler.py:105: Property: Invalid value for "CSS Level 2.1" property: 241, 235, 235 [71:5: color]
2024-12-27 12:50:22 ERROR errorhandler.py:105: Property: Invalid value for "CSS Level 2.1" property: 241, 235, 235 [76:5: color]
2024-12-27 12:50:22 ERROR errorhandler.py:105: Property: Invalid value for "CSS Level 2.1" property: 241, 235, 235 [123:5: color]
2024-12-27 12:50:22 ERROR errorhandler.py:105: Property: Invalid value for "CSS Level 2.1" property: 72, 72, 62 [141:5: color]
2024-12-27 12:50:22 INFO bar_manager.py:46: Successfully loaded updated stylesheet and applied to all bars.
2024-12-27 12:50:22 ERROR errorhandler.py:105: Property: Invalid value for "CSS Level 2.1" property: 241, 235, 235 [6:5: color]
2024-12-27 12:50:22 ERROR errorhandler.py:105: Property: Invalid value for "CSS Fonts Module Level 3 @font-face properties/CSS Level 2.1" property: regular [7:5: font-weight]
2024-12-27 12:50:22 ERROR errorhandler.py:105: Property: Invalid value for "CSS Level 2.1" property: 241, 235, 235 [67:5: color]
2024-12-27 12:50:22 ERROR errorhandler.py:105: Property: Invalid value for "CSS Level 2.1" property: 241, 235, 235 [71:5: color]
2024-12-27 12:50:22 ERROR errorhandler.py:105: Property: Invalid value for "CSS Level 2.1" property: 241, 235, 235 [76:5: color]
2024-12-27 12:50:22 ERROR errorhandler.py:105: Property: Invalid value for "CSS Level 2.1" property: 241, 235, 235 [123:5: color]
2024-12-27 12:50:22 ERROR errorhandler.py:105: Property: Invalid value for "CSS Level 2.1" property: 72, 72, 62 [141:5: color]
2024-12-27 12:50:23 INFO weather.py:158: Fetched new weather data at 2024-12-27 12:50:23.236309
2024-12-27 12:50:45 ERROR errorhandler.py:105: Property: Invalid value for "CSS Level 2.1" property: 241, 235, 235 [6:5: color]
2024-12-27 12:50:45 ERROR errorhandler.py:105: Property: Invalid value for "CSS Fonts Module Level 3 @font-face properties/CSS Level 2.1" property: regular [7:5: font-weight]
2024-12-27 12:50:45 ERROR errorhandler.py:105: Property: Invalid value for "CSS Level 2.1" property: 0 0 0 50 [35:5: padding]
2024-12-27 12:50:45 ERROR errorhandler.py:105: Property: Invalid value for "CSS Level 2.1" property: 241, 235, 235 [67:5: color]
2024-12-27 12:50:45 ERROR errorhandler.py:105: Property: Invalid value for "CSS Level 2.1" property: 241, 235, 235 [71:5: color]
2024-12-27 12:50:45 ERROR errorhandler.py:105: Property: Invalid value for "CSS Level 2.1" property: 241, 235, 235 [76:5: color]
2024-12-27 12:50:45 ERROR errorhandler.py:105: Property: Invalid value for "CSS Level 2.1" property: 241, 235, 235 [123:5: color]
2024-12-27 12:50:45 ERROR errorhandler.py:105: Property: Invalid value for "CSS Level 2.1" property: 72, 72, 62 [141:5: color]
2024-12-27 12:50:45 INFO bar_manager.py:46: Successfully loaded updated stylesheet and applied to all bars.
2024-12-27 12:50:59 ERROR errorhandler.py:105: Property: Invalid value for "CSS Level 2.1" property: 241, 235, 235 [6:5: color]
2024-12-27 12:50:59 ERROR errorhandler.py:105: Property: Invalid value for "CSS Fonts Module Level 3 @font-face properties/CSS Level 2.1" property: regular [7:5: font-weight]
2024-12-27 12:50:59 ERROR errorhandler.py:105: Property: Invalid value for "CSS Level 2.1" property: 0 0 30 0 [34:5: margin]
2024-12-27 12:50:59 ERROR errorhandler.py:105: Property: Invalid value for "CSS Level 2.1" property: 241, 235, 235 [67:5: color]
2024-12-27 12:50:59 ERROR errorhandler.py:105: Property: Invalid value for "CSS Level 2.1" property: 241, 235, 235 [71:5: color]
2024-12-27 12:50:59 ERROR errorhandler.py:105: Property: Invalid value for "CSS Level 2.1" property: 241, 235, 235 [76:5: color]
2024-12-27 12:50:59 ERROR errorhandler.py:105: Property: Invalid value for "CSS Level 2.1" property: 241, 235, 235 [123:5: color]
2024-12-27 12:50:59 ERROR errorhandler.py:105: Property: Invalid value for "CSS Level 2.1" property: 72, 72, 62 [141:5: color]
2024-12-27 12:50:59 INFO bar_manager.py:46: Successfully loaded updated stylesheet and applied to all bars.
2024-12-27 12:51:02 ERROR errorhandler.py:105: Property: Invalid value for "CSS Level 2.1" property: 241, 235, 235 [6:5: color]
2024-12-27 12:51:02 ERROR errorhandler.py:105: Property: Invalid value for "CSS Fonts Module Level 3 @font-face properties/CSS Level 2.1" property: regular [7:5: font-weight]
2024-12-27 12:51:02 ERROR errorhandler.py:105: Property: Invalid value for "CSS Level 2.1" property: 0 0 20 0 [34:5: margin]
2024-12-27 12:51:02 ERROR errorhandler.py:105: Property: Invalid value for "CSS Level 2.1" property: 241, 235, 235 [67:5: color]
2024-12-27 12:51:02 ERROR errorhandler.py:105: Property: Invalid value for "CSS Level 2.1" property: 241, 235, 235 [71:5: color]
2024-12-27 12:51:02 ERROR errorhandler.py:105: Property: Invalid value for "CSS Level 2.1" property: 241, 235, 235 [76:5: color]
2024-12-27 12:51:02 ERROR errorhandler.py:105: Property: Invalid value for "CSS Level 2.1" property: 241, 235, 235 [123:5: color]
2024-12-27 12:51:02 ERROR errorhandler.py:105: Property: Invalid value for "CSS Level 2.1" property: 72, 72, 62 [141:5: color]
2024-12-27 12:51:02 INFO bar_manager.py:46: Successfully loaded updated stylesheet and applied to all bars.
2024-12-27 12:51:11 ERROR errorhandler.py:105: Property: Invalid value for "CSS Level 2.1" property: 241, 235, 235 [6:5: color]
2024-12-27 12:51:11 ERROR errorhandler.py:105: Property: Invalid value for "CSS Fonts Module Level 3 @font-face properties/CSS Level 2.1" property: regular [7:5: font-weight]
2024-12-27 12:51:11 ERROR errorhandler.py:105: Property: Invalid value for "CSS Level 2.1" property: 0 0 5 0 [34:5: margin]
2024-12-27 12:51:11 ERROR errorhandler.py:105: Property: Invalid value for "CSS Level 2.1" property: 241, 235, 235 [67:5: color]
2024-12-27 12:51:11 ERROR errorhandler.py:105: Property: Invalid value for "CSS Level 2.1" property: 241, 235, 235 [71:5: color]
2024-12-27 12:51:11 ERROR errorhandler.py:105: Property: Invalid value for "CSS Level 2.1" property: 241, 235, 235 [76:5: color]
2024-12-27 12:51:11 ERROR errorhandler.py:105: Property: Invalid value for "CSS Level 2.1" property: 241, 235, 235 [123:5: color]
2024-12-27 12:51:11 ERROR errorhandler.py:105: Property: Invalid value for "CSS Level 2.1" property: 72, 72, 62 [141:5: color]
2024-12-27 12:51:11 INFO bar_manager.py:46: Successfully loaded updated stylesheet and applied to all bars.
2024-12-27 12:51:11 ERROR errorhandler.py:105: Property: Invalid value for "CSS Level 2.1" property: 241, 235, 235 [6:5: color]
2024-12-27 12:51:11 ERROR errorhandler.py:105: Property: Invalid value for "CSS Fonts Module Level 3 @font-face properties/CSS Level 2.1" property: regular [7:5: font-weight]
2024-12-27 12:51:11 ERROR errorhandler.py:105: Property: Invalid value for "CSS Level 2.1" property: 0 0 5 0 [34:5: margin]
2024-12-27 12:51:11 ERROR errorhandler.py:105: Property: Invalid value for "CSS Level 2.1" property: 241, 235, 235 [67:5: color]
2024-12-27 12:51:11 ERROR errorhandler.py:105: Property: Invalid value for "CSS Level 2.1" property: 241, 235, 235 [71:5: color]
2024-12-27 12:51:11 ERROR errorhandler.py:105: Property: Invalid value for "CSS Level 2.1" property: 241, 235, 235 [76:5: color]
2024-12-27 12:51:11 ERROR errorhandler.py:105: Property: Invalid value for "CSS Level 2.1" property: 241, 235, 235 [123:5: color]
2024-12-27 12:51:11 ERROR errorhandler.py:105: Property: Invalid value for "CSS Level 2.1" property: 72, 72, 62 [141:5: color]
2024-12-27 12:51:23 ERROR errorhandler.py:105: Property: Invalid value for "CSS Level 2.1" property: 241, 235, 235 [6:5: color]
2024-12-27 12:51:23 ERROR errorhandler.py:105: Property: Invalid value for "CSS Fonts Module Level 3 @font-face properties/CSS Level 2.1" property: regular [7:5: font-weight]
2024-12-27 12:51:23 ERROR errorhandler.py:105: Property: Invalid value for "CSS Level 2.1" property: 241, 235, 235 [67:5: color]
2024-12-27 12:51:23 ERROR errorhandler.py:105: Property: Invalid value for "CSS Level 2.1" property: 241, 235, 235 [71:5: color]
2024-12-27 12:51:23 ERROR errorhandler.py:105: Property: Invalid value for "CSS Level 2.1" property: 241, 235, 235 [76:5: color]
2024-12-27 12:51:23 ERROR errorhandler.py:105: Property: Invalid value for "CSS Level 2.1" property: 241, 235, 235 [123:5: color]
2024-12-27 12:51:23 ERROR errorhandler.py:105: Property: Invalid value for "CSS Level 2.1" property: 72, 72, 62 [141:5: color]
2024-12-27 12:51:23 INFO bar_manager.py:46: Successfully loaded updated stylesheet and applied to all bars.
2024-12-27 12:51:32 ERROR errorhandler.py:105: Property: Invalid value for "CSS Level 2.1" property: 241, 235, 235 [6:5: color]
2024-12-27 12:51:32 ERROR errorhandler.py:105: Property: Invalid value for "CSS Fonts Module Level 3 @font-face properties/CSS Level 2.1" property: regular [7:5: font-weight]
2024-12-27 12:51:32 ERROR config.py:116: The file 'C:\Users\jojat\.config\yasb\styles.css' contains Syntax Error(s). Please fix:
PropertyValue: No match: ('CHAR', ':', 41, 11)
2024-12-27 12:51:32 ERROR errorhandler.py:105: Property: Invalid value for "CSS Level 2.1" property: 241, 235, 235 [6:5: color]
2024-12-27 12:51:32 ERROR errorhandler.py:105: Property: Invalid value for "CSS Fonts Module Level 3 @font-face properties/CSS Level 2.1" property: regular [7:5: font-weight]
2024-12-27 12:51:32 ERROR config.py:116: The file 'C:\Users\jojat\.config\yasb\styles.css' contains Syntax Error(s). Please fix:
PropertyValue: No match: ('CHAR', ':', 41, 11)
2024-12-27 12:51:41 ERROR errorhandler.py:105: Property: Invalid value for "CSS Level 2.1" property: 241, 235, 235 [6:5: color]
2024-12-27 12:51:41 ERROR errorhandler.py:105: Property: Invalid value for "CSS Fonts Module Level 3 @font-face properties/CSS Level 2.1" property: regular [7:5: font-weight]
2024-12-27 12:51:41 ERROR config.py:116: The file 'C:\Users\jojat\.config\yasb\styles.css' contains Syntax Error(s). Please fix:
PropertyValue: No match: ('CHAR', ':', 41, 11)
2024-12-27 12:51:52 ERROR errorhandler.py:105: Property: Invalid value for "CSS Level 2.1" property: 241, 235, 235 [6:5: color]
2024-12-27 12:51:52 ERROR errorhandler.py:105: Property: Invalid value for "CSS Fonts Module Level 3 @font-face properties/CSS Level 2.1" property: regular [7:5: font-weight]
2024-12-27 12:51:52 ERROR errorhandler.py:105: Property: Invalid value for "CSS Level 2.1" property: 241, 235, 235 [68:5: color]
2024-12-27 12:51:52 ERROR errorhandler.py:105: Property: Invalid value for "CSS Level 2.1" property: 241, 235, 235 [72:5: color]
2024-12-27 12:51:52 ERROR errorhandler.py:105: Property: Invalid value for "CSS Level 2.1" property: 241, 235, 235 [77:5: color]
2024-12-27 12:51:52 ERROR errorhandler.py:105: Property: Invalid value for "CSS Level 2.1" property: 241, 235, 235 [124:5: color]
2024-12-27 12:51:52 ERROR errorhandler.py:105: Property: Invalid value for "CSS Level 2.1" property: 72, 72, 62 [142:5: color]
2024-12-27 12:51:52 INFO bar_manager.py:46: Successfully loaded updated stylesheet and applied to all bars.
2024-12-27 12:51:59 ERROR errorhandler.py:105: Property: Invalid value for "CSS Level 2.1" property: 241, 235, 235 [6:5: color]
2024-12-27 12:51:59 ERROR errorhandler.py:105: Property: Invalid value for "CSS Fonts Module Level 3 @font-face properties/CSS Level 2.1" property: regular [7:5: font-weight]
2024-12-27 12:51:59 ERROR errorhandler.py:105: Property: Invalid value for "CSS Level 2.1" property: 241, 235, 235 [68:5: color]
2024-12-27 12:51:59 ERROR errorhandler.py:105: Property: Invalid value for "CSS Level 2.1" property: 241, 235, 235 [72:5: color]
2024-12-27 12:51:59 ERROR errorhandler.py:105: Property: Invalid value for "CSS Level 2.1" property: 241, 235, 235 [77:5: color]
2024-12-27 12:51:59 ERROR errorhandler.py:105: Property: Invalid value for "CSS Level 2.1" property: 241, 235, 235 [124:5: color]
2024-12-27 12:51:59 ERROR errorhandler.py:105: Property: Invalid value for "CSS Level 2.1" property: 72, 72, 62 [142:5: color]
2024-12-27 12:51:59 INFO bar_manager.py:46: Successfully loaded updated stylesheet and applied to all bars.
2024-12-27 12:52:12 ERROR errorhandler.py:105: Property: Invalid value for "CSS Level 2.1" property: 241, 235, 235 [6:5: color]
2024-12-27 12:52:12 ERROR errorhandler.py:105: Property: Invalid value for "CSS Fonts Module Level 3 @font-face properties/CSS Level 2.1" property: regular [7:5: font-weight]
2024-12-27 12:52:12 ERROR errorhandler.py:105: Property: Invalid value for "CSS Level 2.1" property: 241, 235, 235 [68:5: color]
2024-12-27 12:52:12 ERROR errorhandler.py:105: Property: Invalid value for "CSS Level 2.1" property: 241, 235, 235 [72:5: color]
2024-12-27 12:52:12 ERROR errorhandler.py:105: Property: Invalid value for "CSS Level 2.1" property: 241, 235, 235 [77:5: color]
2024-12-27 12:52:12 ERROR errorhandler.py:105: Property: Invalid value for "CSS Level 2.1" property: 241, 235, 235 [124:5: color]
2024-12-27 12:52:12 ERROR errorhandler.py:105: Property: Invalid value for "CSS Level 2.1" property: 72, 72, 62 [142:5: color]
2024-12-27 12:52:12 INFO bar_manager.py:46: Successfully loaded updated stylesheet and applied to all bars.
2024-12-27 12:52:17 ERROR errorhandler.py:105: Property: Invalid value for "CSS Level 2.1" property: 241, 235, 235 [6:5: color]
2024-12-27 12:52:17 ERROR errorhandler.py:105: Property: Invalid value for "CSS Fonts Module Level 3 @font-face properties/CSS Level 2.1" property: regular [7:5: font-weight]
2024-12-27 12:52:17 ERROR errorhandler.py:105: Property: Invalid value for "CSS Level 2.1" property: 241, 235, 235 [68:5: color]
2024-12-27 12:52:17 ERROR errorhandler.py:105: Property: Invalid value for "CSS Level 2.1" property: 241, 235, 235 [72:5: color]
2024-12-27 12:52:17 ERROR errorhandler.py:105: Property: Invalid value for "CSS Level 2.1" property: 241, 235, 235 [77:5: color]
2024-12-27 12:52:17 ERROR errorhandler.py:105: Property: Invalid value for "CSS Level 2.1" property: 241, 235, 235 [124:5: color]
2024-12-27 12:52:17 ERROR errorhandler.py:105: Property: Invalid value for "CSS Level 2.1" property: 72, 72, 62 [142:5: color]
2024-12-27 12:52:17 INFO bar_manager.py:46: Successfully loaded updated stylesheet and applied to all bars.
2024-12-27 12:52:28 ERROR errorhandler.py:105: Property: Invalid value for "CSS Level 2.1" property: 241, 235, 235 [6:5: color]
2024-12-27 12:52:28 ERROR errorhandler.py:105: Property: Invalid value for "CSS Fonts Module Level 3 @font-face properties/CSS Level 2.1" property: regular [7:5: font-weight]
2024-12-27 12:52:28 ERROR errorhandler.py:105: Property: Invalid value for "CSS Level 2.1" property: 241, 235, 235 [69:5: color]
2024-12-27 12:52:28 ERROR errorhandler.py:105: Property: Invalid value for "CSS Level 2.1" property: 241, 235, 235 [73:5: color]
2024-12-27 12:52:28 ERROR errorhandler.py:105: Property: Invalid value for "CSS Level 2.1" property: 241, 235, 235 [78:5: color]
2024-12-27 12:52:28 ERROR errorhandler.py:105: Property: Invalid value for "CSS Level 2.1" property: 241, 235, 235 [125:5: color]
2024-12-27 12:52:28 ERROR errorhandler.py:105: Property: Invalid value for "CSS Level 2.1" property: 72, 72, 62 [143:5: color]
2024-12-27 12:52:28 INFO bar_manager.py:46: Successfully loaded updated stylesheet and applied to all bars.
2024-12-27 12:52:28 ERROR errorhandler.py:105: Property: Invalid value for "CSS Level 2.1" property: 241, 235, 235 [6:5: color]
2024-12-27 12:52:28 ERROR errorhandler.py:105: Property: Invalid value for "CSS Fonts Module Level 3 @font-face properties/CSS Level 2.1" property: regular [7:5: font-weight]
2024-12-27 12:52:28 ERROR errorhandler.py:105: Property: Invalid value for "CSS Level 2.1" property: 241, 235, 235 [69:5: color]
2024-12-27 12:52:28 ERROR errorhandler.py:105: Property: Invalid value for "CSS Level 2.1" property: 241, 235, 235 [73:5: color]
2024-12-27 12:52:28 ERROR errorhandler.py:105: Property: Invalid value for "CSS Level 2.1" property: 241, 235, 235 [78:5: color]
2024-12-27 12:52:28 ERROR errorhandler.py:105: Property: Invalid value for "CSS Level 2.1" property: 241, 235, 235 [125:5: color]
2024-12-27 12:52:28 ERROR errorhandler.py:105: Property: Invalid value for "CSS Level 2.1" property: 72, 72, 62 [143:5: color]
2024-12-27 12:52:33 ERROR errorhandler.py:105: Property: Invalid value for "CSS Level 2.1" property: 241, 235, 235 [6:5: color]
2024-12-27 12:52:33 ERROR errorhandler.py:105: Property: Invalid value for "CSS Fonts Module Level 3 @font-face properties/CSS Level 2.1" property: regular [7:5: font-weight]
2024-12-27 12:52:33 ERROR errorhandler.py:105: Property: Invalid value for "CSS Level 2.1" property: 241, 235, 235 [69:5: color]
2024-12-27 12:52:33 ERROR errorhandler.py:105: Property: Invalid value for "CSS Level 2.1" property: 241, 235, 235 [73:5: color]
2024-12-27 12:52:33 ERROR errorhandler.py:105: Property: Invalid value for "CSS Level 2.1" property: 241, 235, 235 [78:5: color]
2024-12-27 12:52:33 ERROR errorhandler.py:105: Property: Invalid value for "CSS Level 2.1" property: 241, 235, 235 [125:5: color]
2024-12-27 12:52:33 ERROR errorhandler.py:105: Property: Invalid value for "CSS Level 2.1" property: 72, 72, 62 [143:5: color]
2024-12-27 12:52:33 INFO bar_manager.py:46: Successfully loaded updated stylesheet and applied to all bars.
2024-12-27 12:53:16 ERROR errorhandler.py:105: Property: Invalid value for "CSS Level 2.1" property: 241, 235, 235 [6:5: color]
2024-12-27 12:53:16 ERROR errorhandler.py:105: Property: Invalid value for "CSS Fonts Module Level 3 @font-face properties/CSS Level 2.1" property: regular [7:5: font-weight]
2024-12-27 12:53:16 ERROR config.py:116: The file 'C:\Users\jojat\.config\yasb\styles.css' contains Syntax Error(s). Please fix:
ColorValue has invalid rgba() parameters: NNN (N=Number, P=Percentage)
2024-12-27 12:53:16 ERROR errorhandler.py:105: Property: Invalid value for "CSS Level 2.1" property: 241, 235, 235 [6:5: color]
2024-12-27 12:53:16 ERROR errorhandler.py:105: Property: Invalid value for "CSS Fonts Module Level 3 @font-face properties/CSS Level 2.1" property: regular [7:5: font-weight]
2024-12-27 12:53:16 ERROR config.py:116: The file 'C:\Users\jojat\.config\yasb\styles.css' contains Syntax Error(s). Please fix:
ColorValue has invalid rgba() parameters: NNN (N=Number, P=Percentage)
2024-12-27 12:53:21 ERROR errorhandler.py:105: Property: Invalid value for "CSS Level 2.1" property: 241, 235, 235 [6:5: color]
2024-12-27 12:53:21 ERROR errorhandler.py:105: Property: Invalid value for "CSS Fonts Module Level 3 @font-face properties/CSS Level 2.1" property: regular [7:5: font-weight]
2024-12-27 12:53:21 ERROR errorhandler.py:105: Property: Invalid value for "CSS Level 2.1" property: 241, 235, 235 [70:5: color]
2024-12-27 12:53:21 ERROR errorhandler.py:105: Property: Invalid value for "CSS Level 2.1" property: 241, 235, 235 [74:5: color]
2024-12-27 12:53:21 ERROR errorhandler.py:105: Property: Invalid value for "CSS Level 2.1" property: 241, 235, 235 [79:5: color]
2024-12-27 12:53:21 ERROR errorhandler.py:105: Property: Invalid value for "CSS Level 2.1" property: 241, 235, 235 [126:5: color]
2024-12-27 12:53:21 ERROR errorhandler.py:105: Property: Invalid value for "CSS Level 2.1" property: 72, 72, 62 [144:5: color]
2024-12-27 12:53:21 INFO bar_manager.py:46: Successfully loaded updated stylesheet and applied to all bars.
2024-12-27 12:53:21 ERROR errorhandler.py:105: Property: Invalid value for "CSS Level 2.1" property: 241, 235, 235 [6:5: color]
2024-12-27 12:53:21 ERROR errorhandler.py:105: Property: Invalid value for "CSS Fonts Module Level 3 @font-face properties/CSS Level 2.1" property: regular [7:5: font-weight]
2024-12-27 12:53:21 ERROR errorhandler.py:105: Property: Invalid value for "CSS Level 2.1" property: 241, 235, 235 [70:5: color]
2024-12-27 12:53:21 ERROR errorhandler.py:105: Property: Invalid value for "CSS Level 2.1" property: 241, 235, 235 [74:5: color]
2024-12-27 12:53:21 ERROR errorhandler.py:105: Property: Invalid value for "CSS Level 2.1" property: 241, 235, 235 [79:5: color]
2024-12-27 12:53:21 ERROR errorhandler.py:105: Property: Invalid value for "CSS Level 2.1" property: 241, 235, 235 [126:5: color]
2024-12-27 12:53:21 ERROR errorhandler.py:105: Property: Invalid value for "CSS Level 2.1" property: 72, 72, 62 [144:5: color]
2024-12-27 12:53:28 ERROR errorhandler.py:105: Property: Invalid value for "CSS Level 2.1" property: 241, 235, 235 [6:5: color]
2024-12-27 12:53:28 ERROR errorhandler.py:105: Property: Invalid value for "CSS Fonts Module Level 3 @font-face properties/CSS Level 2.1" property: regular [7:5: font-weight]
2024-12-27 12:53:28 ERROR errorhandler.py:105: Property: Invalid value for "CSS Level 2.1" property: 241, 235, 235 [70:5: color]
2024-12-27 12:53:28 ERROR errorhandler.py:105: Property: Invalid value for "CSS Level 2.1" property: 241, 235, 235 [74:5: color]
2024-12-27 12:53:28 ERROR errorhandler.py:105: Property: Invalid value for "CSS Level 2.1" property: 241, 235, 235 [79:5: color]
2024-12-27 12:53:28 ERROR errorhandler.py:105: Property: Invalid value for "CSS Level 2.1" property: 241, 235, 235 [126:5: color]
2024-12-27 12:53:28 ERROR errorhandler.py:105: Property: Invalid value for "CSS Level 2.1" property: 72, 72, 62 [144:5: color]
2024-12-27 12:53:28 ERROR errorhandler.py:105: Property: Invalid value for "CSS Level 2.1" property: 241, 235, 235 [6:5: color]
2024-12-27 12:53:28 ERROR errorhandler.py:105: Property: Invalid value for "CSS Fonts Module Level 3 @font-face properties/CSS Level 2.1" property: regular [7:5: font-weight]
2024-12-27 12:53:28 ERROR errorhandler.py:105: Property: Invalid value for "CSS Level 2.1" property: 241, 235, 235 [70:5: color]
2024-12-27 12:53:28 ERROR errorhandler.py:105: Property: Invalid value for "CSS Level 2.1" property: 241, 235, 235 [74:5: color]
2024-12-27 12:53:28 ERROR errorhandler.py:105: Property: Invalid value for "CSS Level 2.1" property: 241, 235, 235 [79:5: color]
2024-12-27 12:53:28 ERROR errorhandler.py:105: Property: Invalid value for "CSS Level 2.1" property: 241, 235, 235 [126:5: color]
2024-12-27 12:53:28 ERROR errorhandler.py:105: Property: Invalid value for "CSS Level 2.1" property: 72, 72, 62 [144:5: color]
2024-12-27 12:54:06 ERROR errorhandler.py:105: Property: Invalid value for "CSS Level 2.1" property: 241, 235, 235 [6:5: color]
2024-12-27 12:54:06 ERROR errorhandler.py:105: Property: Invalid value for "CSS Fonts Module Level 3 @font-face properties/CSS Level 2.1" property: regular [7:5: font-weight]
2024-12-27 12:54:06 WARNING errorhandler.py:105: Property: Unknown Property name. [43:5: bordfer-style]
2024-12-27 12:54:06 ERROR errorhandler.py:105: Property: Invalid value for "CSS Level 2.1" property: 241, 235, 235 [71:5: color]
2024-12-27 12:54:06 ERROR errorhandler.py:105: Property: Invalid value for "CSS Level 2.1" property: 241, 235, 235 [75:5: color]
2024-12-27 12:54:06 ERROR errorhandler.py:105: Property: Invalid value for "CSS Level 2.1" property: 241, 235, 235 [80:5: color]
2024-12-27 12:54:06 ERROR errorhandler.py:105: Property: Invalid value for "CSS Level 2.1" property: 241, 235, 235 [127:5: color]
2024-12-27 12:54:06 ERROR errorhandler.py:105: Property: Invalid value for "CSS Level 2.1" property: 72, 72, 62 [145:5: color]
2024-12-27 12:54:06 INFO bar_manager.py:46: Successfully loaded updated stylesheet and applied to all bars.
2024-12-27 12:54:36 ERROR errorhandler.py:105: Property: Invalid value for "CSS Level 2.1" property: 241, 235, 235 [6:5: color]
2024-12-27 12:54:36 ERROR errorhandler.py:105: Property: Invalid value for "CSS Fonts Module Level 3 @font-face properties/CSS Level 2.1" property: regular [7:5: font-weight]
2024-12-27 12:54:36 ERROR errorhandler.py:105: Property: Invalid value for "CSS Level 2.1" property: 241, 235, 235 [70:5: color]
2024-12-27 12:54:36 ERROR errorhandler.py:105: Property: Invalid value for "CSS Level 2.1" property: 241, 235, 235 [74:5: color]
2024-12-27 12:54:36 ERROR errorhandler.py:105: Property: Invalid value for "CSS Level 2.1" property: 241, 235, 235 [79:5: color]
2024-12-27 12:54:36 ERROR errorhandler.py:105: Property: Invalid value for "CSS Level 2.1" property: 241, 235, 235 [126:5: color]
2024-12-27 12:54:36 ERROR errorhandler.py:105: Property: Invalid value for "CSS Level 2.1" property: 72, 72, 62 [144:5: color]
2024-12-27 12:54:36 INFO bar_manager.py:46: Successfully loaded updated stylesheet and applied to all bars.
2024-12-27 12:54:38 ERROR errorhandler.py:105: Property: Invalid value for "CSS Level 2.1" property: 241, 235, 235 [6:5: color]
2024-12-27 12:54:38 ERROR errorhandler.py:105: Property: Invalid value for "CSS Fonts Module Level 3 @font-face properties/CSS Level 2.1" property: regular [7:5: font-weight]
2024-12-27 12:54:38 ERROR errorhandler.py:105: Property: Invalid value for "CSS Level 2.1" property: 241, 235, 235 [70:5: color]
2024-12-27 12:54:38 ERROR errorhandler.py:105: Property: Invalid value for "CSS Level 2.1" property: 241, 235, 235 [74:5: color]
2024-12-27 12:54:38 ERROR errorhandler.py:105: Property: Invalid value for "CSS Level 2.1" property: 241, 235, 235 [79:5: color]
2024-12-27 12:54:38 ERROR errorhandler.py:105: Property: Invalid value for "CSS Level 2.1" property: 241, 235, 235 [126:5: color]
2024-12-27 12:54:38 ERROR errorhandler.py:105: Property: Invalid value for "CSS Level 2.1" property: 72, 72, 62 [144:5: color]
2024-12-27 12:55:08 ERROR errorhandler.py:105: Property: Invalid value for "CSS Level 2.1" property: 241, 235, 235 [6:5: color]
2024-12-27 12:55:08 ERROR errorhandler.py:105: Property: Invalid value for "CSS Fonts Module Level 3 @font-face properties/CSS Level 2.1" property: regular [7:5: font-weight]
2024-12-27 12:55:08 ERROR errorhandler.py:105: Property: Invalid value for "CSS Level 2.1" property: 241, 235, 235 [71:5: color]
2024-12-27 12:55:08 ERROR errorhandler.py:105: Property: Invalid value for "CSS Level 2.1" property: 241, 235, 235 [75:5: color]
2024-12-27 12:55:08 ERROR errorhandler.py:105: Property: Invalid value for "CSS Level 2.1" property: 241, 235, 235 [80:5: color]
2024-12-27 12:55:08 ERROR errorhandler.py:105: Property: Invalid value for "CSS Level 2.1" property: 241, 235, 235 [127:5: color]
2024-12-27 12:55:08 ERROR errorhandler.py:105: Property: Invalid value for "CSS Level 2.1" property: 72, 72, 62 [145:5: color]
2024-12-27 12:55:08 INFO bar_manager.py:46: Successfully loaded updated stylesheet and applied to all bars.
2024-12-27 12:55:10 ERROR errorhandler.py:105: Property: Invalid value for "CSS Level 2.1" property: 241, 235, 235 [6:5: color]
2024-12-27 12:55:10 ERROR errorhandler.py:105: Property: Invalid value for "CSS Fonts Module Level 3 @font-face properties/CSS Level 2.1" property: regular [7:5: font-weight]
2024-12-27 12:55:10 ERROR errorhandler.py:105: Property: Invalid value for "CSS Level 2.1" property: 241, 235, 235 [71:5: color]
2024-12-27 12:55:10 ERROR errorhandler.py:105: Property: Invalid value for "CSS Level 2.1" property: 241, 235, 235 [75:5: color]
2024-12-27 12:55:10 ERROR errorhandler.py:105: Property: Invalid value for "CSS Level 2.1" property: 241, 235, 235 [80:5: color]
2024-12-27 12:55:10 ERROR errorhandler.py:105: Property: Invalid value for "CSS Level 2.1" property: 241, 235, 235 [127:5: color]
2024-12-27 12:55:10 ERROR errorhandler.py:105: Property: Invalid value for "CSS Level 2.1" property: 72, 72, 62 [145:5: color]
2024-12-27 12:55:22 ERROR errorhandler.py:105: Property: Invalid value for "CSS Level 2.1" property: 241, 235, 235 [6:5: color]
2024-12-27 12:55:22 ERROR errorhandler.py:105: Property: Invalid value for "CSS Fonts Module Level 3 @font-face properties/CSS Level 2.1" property: regular [7:5: font-weight]
2024-12-27 12:55:22 ERROR errorhandler.py:105: Property: Invalid value for "CSS Level 2.1" property: 241, 235, 235 [69:5: color]
2024-12-27 12:55:22 ERROR errorhandler.py:105: Property: Invalid value for "CSS Level 2.1" property: 241, 235, 235 [73:5: color]
2024-12-27 12:55:22 ERROR errorhandler.py:105: Property: Invalid value for "CSS Level 2.1" property: 241, 235, 235 [78:5: color]
2024-12-27 12:55:22 ERROR errorhandler.py:105: Property: Invalid value for "CSS Level 2.1" property: 241, 235, 235 [125:5: color]
2024-12-27 12:55:22 ERROR errorhandler.py:105: Property: Invalid value for "CSS Level 2.1" property: 72, 72, 62 [143:5: color]
2024-12-27 12:55:22 INFO bar_manager.py:46: Successfully loaded updated stylesheet and applied to all bars.
2024-12-27 12:57:02 ERROR errorhandler.py:105: Property: Invalid value for "CSS Level 2.1" property: 241, 235, 235 [6:5: color]
2024-12-27 12:57:02 ERROR errorhandler.py:105: Property: Invalid value for "CSS Fonts Module Level 3 @font-face properties/CSS Level 2.1" property: regular [7:5: font-weight]
2024-12-27 12:57:02 ERROR config.py:116: The file 'C:\Users\jojat\.config\yasb\styles.css' contains Syntax Error(s). Please fix:
PropertyValue: No match: ('CHAR', ':', 45, 11)
2024-12-27 12:57:08 ERROR errorhandler.py:105: Property: Invalid value for "CSS Level 2.1" property: 241, 235, 235 [6:5: color]
2024-12-27 12:57:08 ERROR errorhandler.py:105: Property: Invalid value for "CSS Fonts Module Level 3 @font-face properties/CSS Level 2.1" property: regular [7:5: font-weight]
2024-12-27 12:57:08 ERROR errorhandler.py:105: Property: Invalid value for "CSS Level 2.1" property: 241, 235, 235 [72:5: color]
2024-12-27 12:57:08 ERROR errorhandler.py:105: Property: Invalid value for "CSS Level 2.1" property: 241, 235, 235 [76:5: color]
2024-12-27 12:57:08 ERROR errorhandler.py:105: Property: Invalid value for "CSS Level 2.1" property: 241, 235, 235 [81:5: color]
2024-12-27 12:57:08 INFO bar_manager.py:46: Successfully loaded updated stylesheet and applied to all bars.
2024-12-27 12:57:08 ERROR errorhandler.py:105: Property: Invalid value for "CSS Level 2.1" property: 241, 235, 235 [6:5: color]
2024-12-27 12:57:08 ERROR errorhandler.py:105: Property: Invalid value for "CSS Fonts Module Level 3 @font-face properties/CSS Level 2.1" property: regular [7:5: font-weight]
2024-12-27 12:57:08 ERROR errorhandler.py:105: Property: Invalid value for "CSS Level 2.1" property: 241, 235, 235 [72:5: color]
2024-12-27 12:57:08 ERROR errorhandler.py:105: Property: Invalid value for "CSS Level 2.1" property: 241, 235, 235 [76:5: color]
2024-12-27 12:57:08 ERROR errorhandler.py:105: Property: Invalid value for "CSS Level 2.1" property: 241, 235, 235 [81:5: color]
2024-12-27 12:57:17 ERROR errorhandler.py:105: Property: Invalid value for "CSS Level 2.1" property: 241, 235, 235 [6:5: color]
2024-12-27 12:57:17 ERROR errorhandler.py:105: Property: Invalid value for "CSS Fonts Module Level 3 @font-face properties/CSS Level 2.1" property: regular [7:5: font-weight]
2024-12-27 12:57:17 ERROR errorhandler.py:105: Property: Invalid value for "CSS Level 2.1" property: 241, 235, 235 [72:5: color]
2024-12-27 12:57:17 ERROR errorhandler.py:105: Property: Invalid value for "CSS Level 2.1" property: 241, 235, 235 [76:5: color]
2024-12-27 12:57:17 ERROR errorhandler.py:105: Property: Invalid value for "CSS Level 2.1" property: 241, 235, 235 [81:5: color]
2024-12-27 12:57:17 INFO bar_manager.py:46: Successfully loaded updated stylesheet and applied to all bars.
2024-12-27 12:57:26 ERROR errorhandler.py:105: Property: Invalid value for "CSS Level 2.1" property: 241, 235, 235 [6:5: color]
2024-12-27 12:57:26 ERROR errorhandler.py:105: Property: Invalid value for "CSS Fonts Module Level 3 @font-face properties/CSS Level 2.1" property: regular [7:5: font-weight]
2024-12-27 12:57:26 ERROR errorhandler.py:105: Property: Invalid value for "CSS Level 2.1" property: 241, 235, 235 [72:5: color]
2024-12-27 12:57:26 ERROR errorhandler.py:105: Property: Invalid value for "CSS Level 2.1" property: 241, 235, 235 [76:5: color]
2024-12-27 12:57:26 ERROR errorhandler.py:105: Property: Invalid value for "CSS Level 2.1" property: 241, 235, 235 [81:5: color]
2024-12-27 12:57:26 INFO bar_manager.py:46: Successfully loaded updated stylesheet and applied to all bars.
2024-12-27 12:57:32 ERROR errorhandler.py:105: Property: Invalid value for "CSS Level 2.1" property: 241, 235, 235 [6:5: color]
2024-12-27 12:57:32 ERROR errorhandler.py:105: Property: Invalid value for "CSS Fonts Module Level 3 @font-face properties/CSS Level 2.1" property: regular [7:5: font-weight]
2024-12-27 12:57:32 ERROR errorhandler.py:105: Property: Invalid value for "CSS Level 2.1" property: 241, 235, 235 [72:5: color]
2024-12-27 12:57:32 ERROR errorhandler.py:105: Property: Invalid value for "CSS Level 2.1" property: 241, 235, 235 [76:5: color]
2024-12-27 12:57:32 ERROR errorhandler.py:105: Property: Invalid value for "CSS Level 2.1" property: 241, 235, 235 [81:5: color]
2024-12-27 12:57:32 INFO bar_manager.py:46: Successfully loaded updated stylesheet and applied to all bars.
2024-12-27 12:57:39 ERROR errorhandler.py:105: Property: Invalid value for "CSS Level 2.1" property: 241, 235, 235 [6:5: color]
2024-12-27 12:57:39 ERROR errorhandler.py:105: Property: Invalid value for "CSS Fonts Module Level 3 @font-face properties/CSS Level 2.1" property: regular [7:5: font-weight]
2024-12-27 12:57:39 ERROR errorhandler.py:105: Property: Invalid value for "CSS Level 2.1" property: 241, 235, 235 [72:5: color]
2024-12-27 12:57:39 ERROR errorhandler.py:105: Property: Invalid value for "CSS Level 2.1" property: 241, 235, 235 [76:5: color]
2024-12-27 12:57:39 ERROR errorhandler.py:105: Property: Invalid value for "CSS Level 2.1" property: 241, 235, 235 [81:5: color]
2024-12-27 12:57:39 INFO bar_manager.py:46: Successfully loaded updated stylesheet and applied to all bars.
2024-12-27 12:57:56 ERROR errorhandler.py:105: Property: Invalid value for "CSS Level 2.1" property: 241, 235, 235 [6:5: color]
2024-12-27 12:57:56 ERROR errorhandler.py:105: Property: Invalid value for "CSS Fonts Module Level 3 @font-face properties/CSS Level 2.1" property: regular [7:5: font-weight]
2024-12-27 12:57:56 ERROR errorhandler.py:105: Property: Invalid value for "CSS Level 2.1" property: 241, 235, 235 [72:5: color]
2024-12-27 12:57:56 ERROR errorhandler.py:105: Property: Invalid value for "CSS Level 2.1" property: 241, 235, 235 [76:5: color]
2024-12-27 12:57:56 ERROR errorhandler.py:105: Property: Invalid value for "CSS Level 2.1" property: 241, 235, 235 [81:5: color]
2024-12-27 12:57:56 INFO bar_manager.py:46: Successfully loaded updated stylesheet and applied to all bars.
2024-12-27 12:58:11 ERROR errorhandler.py:105: Property: Invalid value for "CSS Level 2.1" property: 241, 235, 235 [6:5: color]
2024-12-27 12:58:11 ERROR errorhandler.py:105: Property: Invalid value for "CSS Fonts Module Level 3 @font-face properties/CSS Level 2.1" property: regular [7:5: font-weight]
2024-12-27 12:58:11 ERROR errorhandler.py:105: Property: Invalid value for "CSS Level 2.1" property: 241, 235, 235 [72:5: color]
2024-12-27 12:58:11 ERROR errorhandler.py:105: Property: Invalid value for "CSS Level 2.1" property: 241, 235, 235 [76:5: color]
2024-12-27 12:58:11 ERROR errorhandler.py:105: Property: Invalid value for "CSS Level 2.1" property: 241, 235, 235 [81:5: color]
2024-12-27 12:58:11 INFO bar_manager.py:46: Successfully loaded updated stylesheet and applied to all bars.
2024-12-27 12:58:20 ERROR errorhandler.py:105: Property: Invalid value for "CSS Level 2.1" property: 241, 235, 235 [6:5: color]
2024-12-27 12:58:20 ERROR errorhandler.py:105: Property: Invalid value for "CSS Fonts Module Level 3 @font-face properties/CSS Level 2.1" property: regular [7:5: font-weight]
2024-12-27 12:58:20 ERROR errorhandler.py:105: Property: Invalid value for "CSS Level 2.1" property: 241, 235, 235 [72:5: color]
2024-12-27 12:58:20 ERROR errorhandler.py:105: Property: Invalid value for "CSS Level 2.1" property: 241, 235, 235 [76:5: color]
2024-12-27 12:58:20 ERROR errorhandler.py:105: Property: Invalid value for "CSS Level 2.1" property: 241, 235, 235 [81:5: color]
2024-12-27 12:58:20 INFO bar_manager.py:46: Successfully loaded updated stylesheet and applied to all bars.
2024-12-27 12:58:24 ERROR errorhandler.py:105: Property: Invalid value for "CSS Level 2.1" property: 241, 235, 235 [6:5: color]
2024-12-27 12:58:24 ERROR errorhandler.py:105: Property: Invalid value for "CSS Fonts Module Level 3 @font-face properties/CSS Level 2.1" property: regular [7:5: font-weight]
2024-12-27 12:58:24 ERROR errorhandler.py:105: Property: Invalid value for "CSS Level 2.1" property: 241, 235, 235 [72:5: color]
2024-12-27 12:58:24 ERROR errorhandler.py:105: Property: Invalid value for "CSS Level 2.1" property: 241, 235, 235 [76:5: color]
2024-12-27 12:58:24 ERROR errorhandler.py:105: Property: Invalid value for "CSS Level 2.1" property: 241, 235, 235 [81:5: color]
2024-12-27 12:58:24 INFO bar_manager.py:46: Successfully loaded updated stylesheet and applied to all bars.
2024-12-27 12:58:24 ERROR errorhandler.py:105: Property: Invalid value for "CSS Level 2.1" property: 241, 235, 235 [6:5: color]
2024-12-27 12:58:24 ERROR errorhandler.py:105: Property: Invalid value for "CSS Fonts Module Level 3 @font-face properties/CSS Level 2.1" property: regular [7:5: font-weight]
2024-12-27 12:58:24 ERROR errorhandler.py:105: Property: Invalid value for "CSS Level 2.1" property: 241, 235, 235 [72:5: color]
2024-12-27 12:58:24 ERROR errorhandler.py:105: Property: Invalid value for "CSS Level 2.1" property: 241, 235, 235 [76:5: color]
2024-12-27 12:58:24 ERROR errorhandler.py:105: Property: Invalid value for "CSS Level 2.1" property: 241, 235, 235 [81:5: color]
2024-12-27 12:58:27 ERROR errorhandler.py:105: Property: Invalid value for "CSS Level 2.1" property: 241, 235, 235 [6:5: color]
2024-12-27 12:58:27 ERROR errorhandler.py:105: Property: Invalid value for "CSS Fonts Module Level 3 @font-face properties/CSS Level 2.1" property: regular [7:5: font-weight]
2024-12-27 12:58:27 ERROR errorhandler.py:105: Property: Invalid value for "CSS Level 2.1" property: 241, 235, 235 [72:5: color]
2024-12-27 12:58:27 ERROR errorhandler.py:105: Property: Invalid value for "CSS Level 2.1" property: 241, 235, 235 [76:5: color]
2024-12-27 12:58:27 ERROR errorhandler.py:105: Property: Invalid value for "CSS Level 2.1" property: 241, 235, 235 [81:5: color]
2024-12-27 12:58:27 INFO bar_manager.py:46: Successfully loaded updated stylesheet and applied to all bars.
2024-12-27 12:58:27 ERROR errorhandler.py:105: Property: Invalid value for "CSS Level 2.1" property: 241, 235, 235 [6:5: color]
2024-12-27 12:58:27 ERROR errorhandler.py:105: Property: Invalid value for "CSS Fonts Module Level 3 @font-face properties/CSS Level 2.1" property: regular [7:5: font-weight]
2024-12-27 12:58:27 ERROR errorhandler.py:105: Property: Invalid value for "CSS Level 2.1" property: 241, 235, 235 [72:5: color]
2024-12-27 12:58:27 ERROR errorhandler.py:105: Property: Invalid value for "CSS Level 2.1" property: 241, 235, 235 [76:5: color]
2024-12-27 12:58:27 ERROR errorhandler.py:105: Property: Invalid value for "CSS Level 2.1" property: 241, 235, 235 [81:5: color]
2024-12-27 12:58:45 ERROR errorhandler.py:105: Property: Invalid value for "CSS Level 2.1" property: 241, 235, 235 [6:5: color]
2024-12-27 12:58:45 ERROR errorhandler.py:105: Property: Invalid value for "CSS Fonts Module Level 3 @font-face properties/CSS Level 2.1" property: regular [7:5: font-weight]
2024-12-27 12:58:45 ERROR errorhandler.py:105: Property: Invalid value for "CSS Level 2.1" property: 241, 235, 235 [73:5: color]
2024-12-27 12:58:45 ERROR errorhandler.py:105: Property: Invalid value for "CSS Level 2.1" property: 241, 235, 235 [77:5: color]
2024-12-27 12:58:45 ERROR errorhandler.py:105: Property: Invalid value for "CSS Level 2.1" property: 241, 235, 235 [82:5: color]
2024-12-27 12:58:45 INFO bar_manager.py:46: Successfully loaded updated stylesheet and applied to all bars.
2024-12-27 12:58:52 ERROR errorhandler.py:105: Property: Invalid value for "CSS Level 2.1" property: 241, 235, 235 [6:5: color]
2024-12-27 12:58:52 ERROR errorhandler.py:105: Property: Invalid value for "CSS Fonts Module Level 3 @font-face properties/CSS Level 2.1" property: regular [7:5: font-weight]
2024-12-27 12:58:52 ERROR errorhandler.py:105: Property: Invalid value for "CSS Level 2.1" property: 241, 235, 235 [73:5: color]
2024-12-27 12:58:52 ERROR errorhandler.py:105: Property: Invalid value for "CSS Level 2.1" property: 241, 235, 235 [77:5: color]
2024-12-27 12:58:52 ERROR errorhandler.py:105: Property: Invalid value for "CSS Level 2.1" property: 241, 235, 235 [82:5: color]
2024-12-27 12:58:52 INFO bar_manager.py:46: Successfully loaded updated stylesheet and applied to all bars.
2024-12-27 12:59:01 ERROR errorhandler.py:105: Property: Invalid value for "CSS Level 2.1" property: 241, 235, 235 [6:5: color]
2024-12-27 12:59:01 ERROR errorhandler.py:105: Property: Invalid value for "CSS Fonts Module Level 3 @font-face properties/CSS Level 2.1" property: regular [7:5: font-weight]
2024-12-27 12:59:01 ERROR errorhandler.py:105: Property: Invalid value for "CSS Level 2.1" property: 241, 235, 235 [73:5: color]
2024-12-27 12:59:01 ERROR errorhandler.py:105: Property: Invalid value for "CSS Level 2.1" property: 241, 235, 235 [77:5: color]
2024-12-27 12:59:01 ERROR errorhandler.py:105: Property: Invalid value for "CSS Level 2.1" property: 241, 235, 235 [82:5: color]
2024-12-27 12:59:01 INFO bar_manager.py:46: Successfully loaded updated stylesheet and applied to all bars.
2024-12-27 12:59:01 ERROR errorhandler.py:105: Property: Invalid value for "CSS Level 2.1" property: 241, 235, 235 [6:5: color]
2024-12-27 12:59:01 ERROR errorhandler.py:105: Property: Invalid value for "CSS Fonts Module Level 3 @font-face properties/CSS Level 2.1" property: regular [7:5: font-weight]
2024-12-27 12:59:01 ERROR errorhandler.py:105: Property: Invalid value for "CSS Level 2.1" property: 241, 235, 235 [73:5: color]
2024-12-27 12:59:01 ERROR errorhandler.py:105: Property: Invalid value for "CSS Level 2.1" property: 241, 235, 235 [77:5: color]
2024-12-27 12:59:01 ERROR errorhandler.py:105: Property: Invalid value for "CSS Level 2.1" property: 241, 235, 235 [82:5: color]
2024-12-27 12:59:10 ERROR errorhandler.py:105: Property: Invalid value for "CSS Level 2.1" property: 241, 235, 235 [6:5: color]
2024-12-27 12:59:10 ERROR errorhandler.py:105: Property: Invalid value for "CSS Fonts Module Level 3 @font-face properties/CSS Level 2.1" property: regular [7:5: font-weight]
2024-12-27 12:59:10 ERROR errorhandler.py:105: Property: Invalid value for "CSS Level 2.1" property: 241, 235, 235 [73:5: color]
2024-12-27 12:59:10 ERROR errorhandler.py:105: Property: Invalid value for "CSS Level 2.1" property: 241, 235, 235 [77:5: color]
2024-12-27 12:59:10 ERROR errorhandler.py:105: Property: Invalid value for "CSS Level 2.1" property: 241, 235, 235 [82:5: color]
2024-12-27 12:59:10 INFO bar_manager.py:46: Successfully loaded updated stylesheet and applied to all bars.
2024-12-27 12:59:14 ERROR errorhandler.py:105: Property: Invalid value for "CSS Level 2.1" property: 241, 235, 235 [6:5: color]
2024-12-27 12:59:14 ERROR errorhandler.py:105: Property: Invalid value for "CSS Fonts Module Level 3 @font-face properties/CSS Level 2.1" property: regular [7:5: font-weight]
2024-12-27 12:59:14 ERROR errorhandler.py:105: Property: Invalid value for "CSS Level 2.1" property: 241, 235, 235 [73:5: color]
2024-12-27 12:59:14 ERROR errorhandler.py:105: Property: Invalid value for "CSS Level 2.1" property: 241, 235, 235 [77:5: color]
2024-12-27 12:59:14 ERROR errorhandler.py:105: Property: Invalid value for "CSS Level 2.1" property: 241, 235, 235 [82:5: color]
2024-12-27 12:59:14 INFO bar_manager.py:46: Successfully loaded updated stylesheet and applied to all bars.
2024-12-27 12:59:17 ERROR errorhandler.py:105: Property: Invalid value for "CSS Level 2.1" property: 241, 235, 235 [6:5: color]
2024-12-27 12:59:17 ERROR errorhandler.py:105: Property: Invalid value for "CSS Fonts Module Level 3 @font-face properties/CSS Level 2.1" property: regular [7:5: font-weight]
2024-12-27 12:59:17 ERROR errorhandler.py:105: Property: Invalid value for "CSS Level 2.1" property: 241, 235, 235 [73:5: color]
2024-12-27 12:59:17 ERROR errorhandler.py:105: Property: Invalid value for "CSS Level 2.1" property: 241, 235, 235 [77:5: color]
2024-12-27 12:59:17 ERROR errorhandler.py:105: Property: Invalid value for "CSS Level 2.1" property: 241, 235, 235 [82:5: color]
2024-12-27 12:59:17 INFO bar_manager.py:46: Successfully loaded updated stylesheet and applied to all bars.
2024-12-27 12:59:21 ERROR errorhandler.py:105: Property: Invalid value for "CSS Level 2.1" property: 241, 235, 235 [6:5: color]
2024-12-27 12:59:21 ERROR errorhandler.py:105: Property: Invalid value for "CSS Fonts Module Level 3 @font-face properties/CSS Level 2.1" property: regular [7:5: font-weight]
2024-12-27 12:59:21 ERROR errorhandler.py:105: Property: Invalid value for "CSS Level 2.1" property: 241, 235, 235 [73:5: color]
2024-12-27 12:59:21 ERROR errorhandler.py:105: Property: Invalid value for "CSS Level 2.1" property: 241, 235, 235 [77:5: color]
2024-12-27 12:59:21 ERROR errorhandler.py:105: Property: Invalid value for "CSS Level 2.1" property: 241, 235, 235 [82:5: color]
2024-12-27 12:59:21 INFO bar_manager.py:46: Successfully loaded updated stylesheet and applied to all bars.
2024-12-27 12:59:32 ERROR errorhandler.py:105: Property: Invalid value for "CSS Level 2.1" property: 241, 235, 235 [6:5: color]
2024-12-27 12:59:32 ERROR errorhandler.py:105: Property: Invalid value for "CSS Fonts Module Level 3 @font-face properties/CSS Level 2.1" property: regular [7:5: font-weight]
2024-12-27 12:59:32 ERROR errorhandler.py:105: Property: Invalid value for "CSS Level 2.1" property: 241, 235, 235 [73:5: color]
2024-12-27 12:59:32 ERROR errorhandler.py:105: Property: Invalid value for "CSS Level 2.1" property: 241, 235, 235 [77:5: color]
2024-12-27 12:59:32 ERROR errorhandler.py:105: Property: Invalid value for "CSS Level 2.1" property: 241, 235, 235 [82:5: color]
2024-12-27 12:59:32 INFO bar_manager.py:46: Successfully loaded updated stylesheet and applied to all bars.
2024-12-27 12:59:38 ERROR errorhandler.py:105: Property: Invalid value for "CSS Level 2.1" property: 241, 235, 235 [6:5: color]
2024-12-27 12:59:38 ERROR errorhandler.py:105: Property: Invalid value for "CSS Fonts Module Level 3 @font-face properties/CSS Level 2.1" property: regular [7:5: font-weight]
2024-12-27 12:59:38 ERROR errorhandler.py:105: Property: Invalid value for "CSS Level 2.1" property: 241, 235, 235 [73:5: color]
2024-12-27 12:59:38 ERROR errorhandler.py:105: Property: Invalid value for "CSS Level 2.1" property: 241, 235, 235 [77:5: color]
2024-12-27 12:59:38 ERROR errorhandler.py:105: Property: Invalid value for "CSS Level 2.1" property: 241, 235, 235 [82:5: color]
2024-12-27 12:59:38 INFO bar_manager.py:46: Successfully loaded updated stylesheet and applied to all bars.
2024-12-27 13:00:22 INFO weather.py:158: Fetched new weather data at 2024-12-27 13:00:22.262373
2024-12-27 13:00:23 INFO weather.py:158: Fetched new weather data at 2024-12-27 13:00:23.151432
2024-12-27 13:00:23 ERROR errorhandler.py:105: Property: Invalid value for "CSS Level 2.1" property: 241, 235, 235 [6:5: color]
2024-12-27 13:00:23 ERROR errorhandler.py:105: Property: Invalid value for "CSS Fonts Module Level 3 @font-face properties/CSS Level 2.1" property: regular [7:5: font-weight]
2024-12-27 13:00:23 ERROR config.py:116: The file 'C:\Users\jojat\.config\yasb\styles.css' contains Syntax Error(s). Please fix:
PropertyValue: No match: ('CHAR', ':', 52, 21)
2024-12-27 13:00:23 ERROR errorhandler.py:105: Property: Invalid value for "CSS Level 2.1" property: 241, 235, 235 [6:5: color]
2024-12-27 13:00:23 ERROR errorhandler.py:105: Property: Invalid value for "CSS Fonts Module Level 3 @font-face properties/CSS Level 2.1" property: regular [7:5: font-weight]
2024-12-27 13:00:23 ERROR config.py:116: The file 'C:\Users\jojat\.config\yasb\styles.css' contains Syntax Error(s). Please fix:
PropertyValue: No match: ('CHAR', ':', 52, 21)
2024-12-27 13:00:34 ERROR errorhandler.py:105: Property: Invalid value for "CSS Level 2.1" property: 241, 235, 235 [6:5: color]
2024-12-27 13:00:34 ERROR errorhandler.py:105: Property: Invalid value for "CSS Fonts Module Level 3 @font-face properties/CSS Level 2.1" property: regular [7:5: font-weight]
2024-12-27 13:00:34 ERROR errorhandler.py:105: Property: Invalid value for "CSS Level 2.1" property: 241, 235, 235 [65:5: color]
2024-12-27 13:00:34 ERROR errorhandler.py:105: Property: Invalid value for "CSS Level 2.1" property: 241, 235, 235 [69:5: color]
2024-12-27 13:00:34 ERROR errorhandler.py:105: Property: Invalid value for "CSS Level 2.1" property: 241, 235, 235 [74:5: color]
2024-12-27 13:00:34 INFO bar_manager.py:46: Successfully loaded updated stylesheet and applied to all bars.
2024-12-27 13:00:34 ERROR errorhandler.py:105: Property: Invalid value for "CSS Level 2.1" property: 241, 235, 235 [6:5: color]
2024-12-27 13:00:34 ERROR errorhandler.py:105: Property: Invalid value for "CSS Fonts Module Level 3 @font-face properties/CSS Level 2.1" property: regular [7:5: font-weight]
2024-12-27 13:00:34 ERROR errorhandler.py:105: Property: Invalid value for "CSS Level 2.1" property: 241, 235, 235 [65:5: color]
2024-12-27 13:00:34 ERROR errorhandler.py:105: Property: Invalid value for "CSS Level 2.1" property: 241, 235, 235 [69:5: color]
2024-12-27 13:00:34 ERROR errorhandler.py:105: Property: Invalid value for "CSS Level 2.1" property: 241, 235, 235 [74:5: color]
2024-12-27 13:01:01 ERROR errorhandler.py:105: Property: Invalid value for "CSS Level 2.1" property: 241, 235, 235 [6:5: color]
2024-12-27 13:01:01 ERROR errorhandler.py:105: Property: Invalid value for "CSS Fonts Module Level 3 @font-face properties/CSS Level 2.1" property: regular [7:5: font-weight]
2024-12-27 13:01:01 ERROR errorhandler.py:105: Property: Invalid value for "CSS Level 2.1" property: 241, 235, 235 [65:5: color]
2024-12-27 13:01:01 ERROR errorhandler.py:105: Property: Invalid value for "CSS Level 2.1" property: 241, 235, 235 [69:5: color]
2024-12-27 13:01:01 ERROR errorhandler.py:105: Property: Invalid value for "CSS Level 2.1" property: 241, 235, 235 [74:5: color]
2024-12-27 13:01:01 INFO bar_manager.py:46: Successfully loaded updated stylesheet and applied to all bars.
2024-12-27 13:01:20 ERROR errorhandler.py:105: Property: Invalid value for "CSS Level 2.1" property: 241, 235, 235 [6:5: color]
2024-12-27 13:01:20 ERROR errorhandler.py:105: Property: Invalid value for "CSS Fonts Module Level 3 @font-face properties/CSS Level 2.1" property: regular [7:5: font-weight]
2024-12-27 13:01:20 ERROR errorhandler.py:105: Property: Invalid value for "CSS Level 2.1" property: 241, 235, 235 [65:5: color]
2024-12-27 13:01:20 ERROR errorhandler.py:105: Property: Invalid value for "CSS Level 2.1" property: 241, 235, 235 [69:5: color]
2024-12-27 13:01:20 ERROR errorhandler.py:105: Property: Invalid value for "CSS Level 2.1" property: 241, 235, 235 [74:5: color]
2024-12-27 13:01:20 INFO bar_manager.py:46: Successfully loaded updated stylesheet and applied to all bars.
2024-12-27 13:02:13 ERROR errorhandler.py:105: Property: Invalid value for "CSS Level 2.1" property: 241, 235, 235 [6:5: color]
2024-12-27 13:02:13 ERROR errorhandler.py:105: Property: Invalid value for "CSS Fonts Module Level 3 @font-face properties/CSS Level 2.1" property: regular [7:5: font-weight]
2024-12-27 13:02:13 ERROR errorhandler.py:105: Property: Invalid value for "CSS Level 2.1" property: 241, 235, 235 [70:5: color]
2024-12-27 13:02:13 ERROR errorhandler.py:105: Property: Invalid value for "CSS Level 2.1" property: 241, 235, 235 [74:5: color]
2024-12-27 13:02:13 ERROR errorhandler.py:105: Property: Invalid value for "CSS Level 2.1" property: 241, 235, 235 [79:5: color]
2024-12-27 13:02:13 INFO bar_manager.py:46: Successfully loaded updated stylesheet and applied to all bars.
2024-12-27 13:02:13 ERROR errorhandler.py:105: Property: Invalid value for "CSS Level 2.1" property: 241, 235, 235 [6:5: color]
2024-12-27 13:02:13 ERROR errorhandler.py:105: Property: Invalid value for "CSS Fonts Module Level 3 @font-face properties/CSS Level 2.1" property: regular [7:5: font-weight]
2024-12-27 13:02:13 ERROR errorhandler.py:105: Property: Invalid value for "CSS Level 2.1" property: 241, 235, 235 [70:5: color]
2024-12-27 13:02:13 ERROR errorhandler.py:105: Property: Invalid value for "CSS Level 2.1" property: 241, 235, 235 [74:5: color]
2024-12-27 13:02:13 ERROR errorhandler.py:105: Property: Invalid value for "CSS Level 2.1" property: 241, 235, 235 [79:5: color]
2024-12-27 13:02:39 ERROR errorhandler.py:105: Property: Invalid value for "CSS Level 2.1" property: 241, 235, 235 [6:5: color]
2024-12-27 13:02:39 ERROR errorhandler.py:105: Property: Invalid value for "CSS Fonts Module Level 3 @font-face properties/CSS Level 2.1" property: regular [7:5: font-weight]
2024-12-27 13:02:39 ERROR errorhandler.py:105: Property: Invalid value for "CSS Level 2.1" property: 241, 235, 235 [71:5: color]
2024-12-27 13:02:39 ERROR errorhandler.py:105: Property: Invalid value for "CSS Level 2.1" property: 241, 235, 235 [75:5: color]
2024-12-27 13:02:39 ERROR errorhandler.py:105: Property: Invalid value for "CSS Level 2.1" property: 241, 235, 235 [80:5: color]
2024-12-27 13:02:39 INFO bar_manager.py:46: Successfully loaded updated stylesheet and applied to all bars.
2024-12-27 13:02:43 ERROR errorhandler.py:105: Property: Invalid value for "CSS Level 2.1" property: 241, 235, 235 [6:5: color]
2024-12-27 13:02:43 ERROR errorhandler.py:105: Property: Invalid value for "CSS Fonts Module Level 3 @font-face properties/CSS Level 2.1" property: regular [7:5: font-weight]
2024-12-27 13:02:43 ERROR errorhandler.py:105: Property: Invalid value for "CSS Level 2.1" property: 241, 235, 235 [71:5: color]
2024-12-27 13:02:43 ERROR errorhandler.py:105: Property: Invalid value for "CSS Level 2.1" property: 241, 235, 235 [75:5: color]
2024-12-27 13:02:43 ERROR errorhandler.py:105: Property: Invalid value for "CSS Level 2.1" property: 241, 235, 235 [80:5: color]
2024-12-27 13:02:43 INFO bar_manager.py:46: Successfully loaded updated stylesheet and applied to all bars.
2024-12-27 13:02:43 ERROR errorhandler.py:105: Property: Invalid value for "CSS Level 2.1" property: 241, 235, 235 [6:5: color]
2024-12-27 13:02:43 ERROR errorhandler.py:105: Property: Invalid value for "CSS Fonts Module Level 3 @font-face properties/CSS Level 2.1" property: regular [7:5: font-weight]
2024-12-27 13:02:43 ERROR errorhandler.py:105: Property: Invalid value for "CSS Level 2.1" property: 241, 235, 235 [71:5: color]
2024-12-27 13:02:43 ERROR errorhandler.py:105: Property: Invalid value for "CSS Level 2.1" property: 241, 235, 235 [75:5: color]
2024-12-27 13:02:43 ERROR errorhandler.py:105: Property: Invalid value for "CSS Level 2.1" property: 241, 235, 235 [80:5: color]
2024-12-27 13:02:51 ERROR errorhandler.py:105: Property: Invalid value for "CSS Level 2.1" property: 241, 235, 235 [6:5: color]
2024-12-27 13:02:51 ERROR errorhandler.py:105: Property: Invalid value for "CSS Fonts Module Level 3 @font-face properties/CSS Level 2.1" property: regular [7:5: font-weight]
2024-12-27 13:02:51 ERROR errorhandler.py:105: Property: Invalid value for "CSS Level 2.1" property: 241, 235, 235 [71:5: color]
2024-12-27 13:02:51 ERROR errorhandler.py:105: Property: Invalid value for "CSS Level 2.1" property: 241, 235, 235 [75:5: color]
2024-12-27 13:02:51 ERROR errorhandler.py:105: Property: Invalid value for "CSS Level 2.1" property: 241, 235, 235 [80:5: color]
2024-12-27 13:02:51 INFO bar_manager.py:46: Successfully loaded updated stylesheet and applied to all bars.
2024-12-27 13:02:51 ERROR errorhandler.py:105: Property: Invalid value for "CSS Level 2.1" property: 241, 235, 235 [6:5: color]
2024-12-27 13:02:51 ERROR errorhandler.py:105: Property: Invalid value for "CSS Fonts Module Level 3 @font-face properties/CSS Level 2.1" property: regular [7:5: font-weight]
2024-12-27 13:02:51 ERROR errorhandler.py:105: Property: Invalid value for "CSS Level 2.1" property: 241, 235, 235 [71:5: color]
2024-12-27 13:02:51 ERROR errorhandler.py:105: Property: Invalid value for "CSS Level 2.1" property: 241, 235, 235 [75:5: color]
2024-12-27 13:02:51 ERROR errorhandler.py:105: Property: Invalid value for "CSS Level 2.1" property: 241, 235, 235 [80:5: color]
2024-12-27 13:02:53 ERROR errorhandler.py:105: Property: Invalid value for "CSS Level 2.1" property: 241, 235, 235 [6:5: color]
2024-12-27 13:02:53 ERROR errorhandler.py:105: Property: Invalid value for "CSS Fonts Module Level 3 @font-face properties/CSS Level 2.1" property: regular [7:5: font-weight]
2024-12-27 13:02:53 ERROR errorhandler.py:105: Property: Invalid value for "CSS Level 2.1" property: 241, 235, 235 [71:5: color]
2024-12-27 13:02:53 ERROR errorhandler.py:105: Property: Invalid value for "CSS Level 2.1" property: 241, 235, 235 [75:5: color]
2024-12-27 13:02:53 ERROR errorhandler.py:105: Property: Invalid value for "CSS Level 2.1" property: 241, 235, 235 [80:5: color]
2024-12-27 13:03:04 ERROR errorhandler.py:105: Property: Invalid value for "CSS Level 2.1" property: 241, 235, 235 [6:5: color]
2024-12-27 13:03:04 ERROR errorhandler.py:105: Property: Invalid value for "CSS Fonts Module Level 3 @font-face properties/CSS Level 2.1" property: regular [7:5: font-weight]
2024-12-27 13:03:04 ERROR errorhandler.py:105: Property: Invalid value for "CSS Level 2.1" property: 241, 235, 235 [71:5: color]
2024-12-27 13:03:04 ERROR errorhandler.py:105: Property: Invalid value for "CSS Level 2.1" property: 241, 235, 235 [75:5: color]
2024-12-27 13:03:04 ERROR errorhandler.py:105: Property: Invalid value for "CSS Level 2.1" property: 241, 235, 235 [80:5: color]
2024-12-27 13:03:04 INFO bar_manager.py:46: Successfully loaded updated stylesheet and applied to all bars.
2024-12-27 13:03:04 ERROR errorhandler.py:105: Property: Invalid value for "CSS Level 2.1" property: 241, 235, 235 [6:5: color]
2024-12-27 13:03:04 ERROR errorhandler.py:105: Property: Invalid value for "CSS Fonts Module Level 3 @font-face properties/CSS Level 2.1" property: regular [7:5: font-weight]
2024-12-27 13:03:04 ERROR errorhandler.py:105: Property: Invalid value for "CSS Level 2.1" property: 241, 235, 235 [71:5: color]
2024-12-27 13:03:04 ERROR errorhandler.py:105: Property: Invalid value for "CSS Level 2.1" property: 241, 235, 235 [75:5: color]
2024-12-27 13:03:04 ERROR errorhandler.py:105: Property: Invalid value for "CSS Level 2.1" property: 241, 235, 235 [80:5: color]
2024-12-27 13:03:48 ERROR errorhandler.py:105: Property: Invalid value for "CSS Level 2.1" property: 241, 235, 235 [6:5: color]
2024-12-27 13:03:48 ERROR errorhandler.py:105: Property: Invalid value for "CSS Fonts Module Level 3 @font-face properties/CSS Level 2.1" property: regular [7:5: font-weight]
2024-12-27 13:03:48 ERROR errorhandler.py:105: Property: Invalid value for "CSS Level 2.1" property: 241, 235, 235 [71:5: color]
2024-12-27 13:03:48 ERROR errorhandler.py:105: Property: Invalid value for "CSS Level 2.1" property: 241, 235, 235 [75:5: color]
2024-12-27 13:03:48 ERROR errorhandler.py:105: Property: Invalid value for "CSS Level 2.1" property: 241, 235, 235 [80:5: color]
2024-12-27 13:03:48 INFO bar_manager.py:46: Successfully loaded updated stylesheet and applied to all bars.
2024-12-27 13:03:48 ERROR errorhandler.py:105: Property: Invalid value for "CSS Level 2.1" property: 241, 235, 235 [6:5: color]
2024-12-27 13:03:48 ERROR errorhandler.py:105: Property: Invalid value for "CSS Fonts Module Level 3 @font-face properties/CSS Level 2.1" property: regular [7:5: font-weight]
2024-12-27 13:03:48 ERROR errorhandler.py:105: Property: Invalid value for "CSS Level 2.1" property: 241, 235, 235 [71:5: color]
2024-12-27 13:03:48 ERROR errorhandler.py:105: Property: Invalid value for "CSS Level 2.1" property: 241, 235, 235 [75:5: color]
2024-12-27 13:03:48 ERROR errorhandler.py:105: Property: Invalid value for "CSS Level 2.1" property: 241, 235, 235 [80:5: color]
2024-12-27 13:05:04 ERROR errorhandler.py:105: Property: Invalid value for "CSS Level 2.1" property: 241, 235, 235 [6:5: color]
2024-12-27 13:05:04 ERROR errorhandler.py:105: Property: Invalid value for "CSS Fonts Module Level 3 @font-face properties/CSS Level 2.1" property: regular [7:5: font-weight]
2024-12-27 13:05:04 ERROR config.py:116: The file 'C:\Users\jojat\.config\yasb\styles.css' contains Syntax Error(s). Please fix:
PropertyValue: No match: ('CHAR', ':', 30, 21)
2024-12-27 13:05:11 ERROR errorhandler.py:105: Property: Invalid value for "CSS Level 2.1" property: 241, 235, 235 [6:5: color]
2024-12-27 13:05:11 ERROR errorhandler.py:105: Property: Invalid value for "CSS Fonts Module Level 3 @font-face properties/CSS Level 2.1" property: regular [7:5: font-weight]
2024-12-27 13:05:11 ERROR errorhandler.py:105: Property: Invalid value for "CSS Level 2.1" property: 241, 235, 235 [77:5: color]
2024-12-27 13:05:11 ERROR errorhandler.py:105: Property: Invalid value for "CSS Level 2.1" property: 241, 235, 235 [81:5: color]
2024-12-27 13:05:11 ERROR errorhandler.py:105: Property: Invalid value for "CSS Level 2.1" property: 241, 235, 235 [86:5: color]
2024-12-27 13:05:11 INFO bar_manager.py:46: Successfully loaded updated stylesheet and applied to all bars.
2024-12-27 13:05:26 ERROR errorhandler.py:105: Property: Invalid value for "CSS Level 2.1" property: 241, 235, 235 [6:5: color]
2024-12-27 13:05:26 ERROR errorhandler.py:105: Property: Invalid value for "CSS Fonts Module Level 3 @font-face properties/CSS Level 2.1" property: regular [7:5: font-weight]
2024-12-27 13:05:26 ERROR errorhandler.py:105: Property: Invalid value for "CSS Level 2.1" property: 241, 235, 235 [77:5: color]
2024-12-27 13:05:26 ERROR errorhandler.py:105: Property: Invalid value for "CSS Level 2.1" property: 241, 235, 235 [81:5: color]
2024-12-27 13:05:26 ERROR errorhandler.py:105: Property: Invalid value for "CSS Level 2.1" property: 241, 235, 235 [86:5: color]
2024-12-27 13:05:26 INFO bar_manager.py:46: Successfully loaded updated stylesheet and applied to all bars.
2024-12-27 13:05:26 ERROR errorhandler.py:105: Property: Invalid value for "CSS Level 2.1" property: 241, 235, 235 [6:5: color]
2024-12-27 13:05:26 ERROR errorhandler.py:105: Property: Invalid value for "CSS Fonts Module Level 3 @font-face properties/CSS Level 2.1" property: regular [7:5: font-weight]
2024-12-27 13:05:26 ERROR errorhandler.py:105: Property: Invalid value for "CSS Level 2.1" property: 241, 235, 235 [77:5: color]
2024-12-27 13:05:26 ERROR errorhandler.py:105: Property: Invalid value for "CSS Level 2.1" property: 241, 235, 235 [81:5: color]
2024-12-27 13:05:26 ERROR errorhandler.py:105: Property: Invalid value for "CSS Level 2.1" property: 241, 235, 235 [86:5: color]
2024-12-27 13:05:42 ERROR errorhandler.py:105: Property: Invalid value for "CSS Level 2.1" property: 241, 235, 235 [6:5: color]
2024-12-27 13:05:42 ERROR errorhandler.py:105: Property: Invalid value for "CSS Fonts Module Level 3 @font-face properties/CSS Level 2.1" property: regular [7:5: font-weight]
2024-12-27 13:05:42 ERROR errorhandler.py:105: Property: Invalid value for "CSS Level 2.1" property: 4px 3px 0 3px [29:5: margin-left]
2024-12-27 13:05:42 ERROR errorhandler.py:105: Property: Invalid value for "CSS Level 2.1" property: 241, 235, 235 [77:5: color]
2024-12-27 13:05:42 ERROR errorhandler.py:105: Property: Invalid value for "CSS Level 2.1" property: 241, 235, 235 [81:5: color]
2024-12-27 13:05:42 ERROR errorhandler.py:105: Property: Invalid value for "CSS Level 2.1" property: 241, 235, 235 [86:5: color]
2024-12-27 13:05:42 INFO bar_manager.py:46: Successfully loaded updated stylesheet and applied to all bars.
2024-12-27 13:05:49 ERROR errorhandler.py:105: Property: Invalid value for "CSS Level 2.1" property: 241, 235, 235 [6:5: color]
2024-12-27 13:05:49 ERROR errorhandler.py:105: Property: Invalid value for "CSS Fonts Module Level 3 @font-face properties/CSS Level 2.1" property: regular [7:5: font-weight]
2024-12-27 13:05:49 ERROR errorhandler.py:105: Property: Invalid value for "CSS Level 2.1" property: 4px 3px 0 6px [29:5: margin-left]
2024-12-27 13:05:49 ERROR errorhandler.py:105: Property: Invalid value for "CSS Level 2.1" property: 241, 235, 235 [77:5: color]
2024-12-27 13:05:49 ERROR errorhandler.py:105: Property: Invalid value for "CSS Level 2.1" property: 241, 235, 235 [81:5: color]
2024-12-27 13:05:49 ERROR errorhandler.py:105: Property: Invalid value for "CSS Level 2.1" property: 241, 235, 235 [86:5: color]
2024-12-27 13:05:49 INFO bar_manager.py:46: Successfully loaded updated stylesheet and applied to all bars.
2024-12-27 13:05:49 ERROR errorhandler.py:105: Property: Invalid value for "CSS Level 2.1" property: 241, 235, 235 [6:5: color]
2024-12-27 13:05:49 ERROR errorhandler.py:105: Property: Invalid value for "CSS Fonts Module Level 3 @font-face properties/CSS Level 2.1" property: regular [7:5: font-weight]
2024-12-27 13:05:49 ERROR errorhandler.py:105: Property: Invalid value for "CSS Level 2.1" property: 4px 3px 0 6px [29:5: margin-left]
2024-12-27 13:05:49 ERROR errorhandler.py:105: Property: Invalid value for "CSS Level 2.1" property: 241, 235, 235 [77:5: color]
2024-12-27 13:05:49 ERROR errorhandler.py:105: Property: Invalid value for "CSS Level 2.1" property: 241, 235, 235 [81:5: color]
2024-12-27 13:05:49 ERROR errorhandler.py:105: Property: Invalid value for "CSS Level 2.1" property: 241, 235, 235 [86:5: color]
2024-12-27 13:06:04 ERROR errorhandler.py:105: Property: Invalid value for "CSS Level 2.1" property: 241, 235, 235 [6:5: color]
2024-12-27 13:06:04 ERROR errorhandler.py:105: Property: Invalid value for "CSS Fonts Module Level 3 @font-face properties/CSS Level 2.1" property: regular [7:5: font-weight]
2024-12-27 13:06:04 ERROR errorhandler.py:105: Property: Invalid value for "CSS Level 2.1" property: 4px 3px 0 6px [29:5: margin-left]
2024-12-27 13:06:04 ERROR errorhandler.py:105: Property: Invalid value for "CSS Level 2.1" property: 241, 235, 235 [78:5: color]
2024-12-27 13:06:04 ERROR errorhandler.py:105: Property: Invalid value for "CSS Level 2.1" property: 241, 235, 235 [82:5: color]
2024-12-27 13:06:04 ERROR errorhandler.py:105: Property: Invalid value for "CSS Level 2.1" property: 241, 235, 235 [87:5: color]
2024-12-27 13:06:04 INFO bar_manager.py:46: Successfully loaded updated stylesheet and applied to all bars.
2024-12-27 13:06:04 ERROR errorhandler.py:105: Property: Invalid value for "CSS Level 2.1" property: 241, 235, 235 [6:5: color]
2024-12-27 13:06:04 ERROR errorhandler.py:105: Property: Invalid value for "CSS Fonts Module Level 3 @font-face properties/CSS Level 2.1" property: regular [7:5: font-weight]
2024-12-27 13:06:04 ERROR errorhandler.py:105: Property: Invalid value for "CSS Level 2.1" property: 4px 3px 0 6px [29:5: margin-left]
2024-12-27 13:06:04 ERROR errorhandler.py:105: Property: Invalid value for "CSS Level 2.1" property: 241, 235, 235 [78:5: color]
2024-12-27 13:06:04 ERROR errorhandler.py:105: Property: Invalid value for "CSS Level 2.1" property: 241, 235, 235 [82:5: color]
2024-12-27 13:06:04 ERROR errorhandler.py:105: Property: Invalid value for "CSS Level 2.1" property: 241, 235, 235 [87:5: color]
2024-12-27 13:06:18 ERROR errorhandler.py:105: Property: Invalid value for "CSS Level 2.1" property: 241, 235, 235 [6:5: color]
2024-12-27 13:06:18 ERROR errorhandler.py:105: Property: Invalid value for "CSS Fonts Module Level 3 @font-face properties/CSS Level 2.1" property: regular [7:5: font-weight]
2024-12-27 13:06:18 ERROR errorhandler.py:105: Property: Invalid value for "CSS Level 2.1" property: 4px 3px 0 6px [29:5: margin-left]
2024-12-27 13:06:18 ERROR errorhandler.py:105: Property: Invalid value for "CSS Level 2.1" property: 241, 235, 235 [77:5: color]
2024-12-27 13:06:18 ERROR errorhandler.py:105: Property: Invalid value for "CSS Level 2.1" property: 241, 235, 235 [81:5: color]
2024-12-27 13:06:18 ERROR errorhandler.py:105: Property: Invalid value for "CSS Level 2.1" property: 241, 235, 235 [86:5: color]
2024-12-27 13:06:18 INFO bar_manager.py:46: Successfully loaded updated stylesheet and applied to all bars.
2024-12-27 13:06:18 ERROR errorhandler.py:105: Property: Invalid value for "CSS Level 2.1" property: 241, 235, 235 [6:5: color]
2024-12-27 13:06:18 ERROR errorhandler.py:105: Property: Invalid value for "CSS Fonts Module Level 3 @font-face properties/CSS Level 2.1" property: regular [7:5: font-weight]
2024-12-27 13:06:18 ERROR errorhandler.py:105: Property: Invalid value for "CSS Level 2.1" property: 4px 3px 0 6px [29:5: margin-left]
2024-12-27 13:06:18 ERROR errorhandler.py:105: Property: Invalid value for "CSS Level 2.1" property: 241, 235, 235 [77:5: color]
2024-12-27 13:06:18 ERROR errorhandler.py:105: Property: Invalid value for "CSS Level 2.1" property: 241, 235, 235 [81:5: color]
2024-12-27 13:06:18 ERROR errorhandler.py:105: Property: Invalid value for "CSS Level 2.1" property: 241, 235, 235 [86:5: color]
2024-12-27 13:06:25 ERROR errorhandler.py:105: Property: Invalid value for "CSS Level 2.1" property: 241, 235, 235 [6:5: color]
2024-12-27 13:06:25 ERROR errorhandler.py:105: Property: Invalid value for "CSS Fonts Module Level 3 @font-face properties/CSS Level 2.1" property: regular [7:5: font-weight]
2024-12-27 13:06:25 ERROR errorhandler.py:105: Property: Invalid value for "CSS Level 2.1" property: 4px 3px 9px 6px [29:5: margin-left]
2024-12-27 13:06:25 ERROR errorhandler.py:105: Property: Invalid value for "CSS Level 2.1" property: 241, 235, 235 [77:5: color]
2024-12-27 13:06:25 ERROR errorhandler.py:105: Property: Invalid value for "CSS Level 2.1" property: 241, 235, 235 [81:5: color]
2024-12-27 13:06:25 ERROR errorhandler.py:105: Property: Invalid value for "CSS Level 2.1" property: 241, 235, 235 [86:5: color]
2024-12-27 13:06:25 INFO bar_manager.py:46: Successfully loaded updated stylesheet and applied to all bars.
2024-12-27 13:06:31 ERROR errorhandler.py:105: Property: Invalid value for "CSS Level 2.1" property: 241, 235, 235 [6:5: color]
2024-12-27 13:06:31 ERROR errorhandler.py:105: Property: Invalid value for "CSS Fonts Module Level 3 @font-face properties/CSS Level 2.1" property: regular [7:5: font-weight]
2024-12-27 13:06:31 ERROR errorhandler.py:105: Property: Invalid value for "CSS Level 2.1" property: 241, 235, 235 [77:5: color]
2024-12-27 13:06:31 ERROR errorhandler.py:105: Property: Invalid value for "CSS Level 2.1" property: 241, 235, 235 [81:5: color]
2024-12-27 13:06:31 ERROR errorhandler.py:105: Property: Invalid value for "CSS Level 2.1" property: 241, 235, 235 [86:5: color]
2024-12-27 13:06:31 INFO bar_manager.py:46: Successfully loaded updated stylesheet and applied to all bars.
2024-12-27 13:06:45 ERROR errorhandler.py:105: Property: Invalid value for "CSS Level 2.1" property: 241, 235, 235 [6:5: color]
2024-12-27 13:06:45 ERROR errorhandler.py:105: Property: Invalid value for "CSS Fonts Module Level 3 @font-face properties/CSS Level 2.1" property: regular [7:5: font-weight]
2024-12-27 13:06:45 ERROR errorhandler.py:105: Property: Invalid value for "CSS Level 2.1" property: 241, 235, 235 [77:5: color]
2024-12-27 13:06:45 ERROR errorhandler.py:105: Property: Invalid value for "CSS Level 2.1" property: 241, 235, 235 [81:5: color]
2024-12-27 13:06:45 ERROR errorhandler.py:105: Property: Invalid value for "CSS Level 2.1" property: 241, 235, 235 [86:5: color]
2024-12-27 13:06:45 INFO bar_manager.py:46: Successfully loaded updated stylesheet and applied to all bars.
2024-12-27 13:06:51 ERROR errorhandler.py:105: Property: Invalid value for "CSS Level 2.1" property: 241, 235, 235 [6:5: color]
2024-12-27 13:06:51 ERROR errorhandler.py:105: Property: Invalid value for "CSS Fonts Module Level 3 @font-face properties/CSS Level 2.1" property: regular [7:5: font-weight]
2024-12-27 13:06:52 ERROR errorhandler.py:105: Property: Invalid value for "CSS Level 2.1" property: 241, 235, 235 [77:5: color]
2024-12-27 13:06:52 ERROR errorhandler.py:105: Property: Invalid value for "CSS Level 2.1" property: 241, 235, 235 [81:5: color]
2024-12-27 13:06:52 ERROR errorhandler.py:105: Property: Invalid value for "CSS Level 2.1" property: 241, 235, 235 [86:5: color]
2024-12-27 13:06:52 INFO bar_manager.py:46: Successfully loaded updated stylesheet and applied to all bars.
2024-12-27 13:06:52 ERROR errorhandler.py:105: Property: Invalid value for "CSS Level 2.1" property: 241, 235, 235 [6:5: color]
2024-12-27 13:06:52 ERROR errorhandler.py:105: Property: Invalid value for "CSS Fonts Module Level 3 @font-face properties/CSS Level 2.1" property: regular [7:5: font-weight]
2024-12-27 13:06:52 ERROR errorhandler.py:105: Property: Invalid value for "CSS Level 2.1" property: 241, 235, 235 [77:5: color]
2024-12-27 13:06:52 ERROR errorhandler.py:105: Property: Invalid value for "CSS Level 2.1" property: 241, 235, 235 [81:5: color]
2024-12-27 13:06:52 ERROR errorhandler.py:105: Property: Invalid value for "CSS Level 2.1" property: 241, 235, 235 [86:5: color]
2024-12-27 13:07:08 ERROR errorhandler.py:105: Property: Invalid value for "CSS Level 2.1" property: 241, 235, 235 [6:5: color]
2024-12-27 13:07:08 ERROR errorhandler.py:105: Property: Invalid value for "CSS Fonts Module Level 3 @font-face properties/CSS Level 2.1" property: regular [7:5: font-weight]
2024-12-27 13:07:08 ERROR errorhandler.py:105: Property: Invalid value for "CSS Level 2.1" property: 241, 235, 235 [77:5: color]
2024-12-27 13:07:08 ERROR errorhandler.py:105: Property: Invalid value for "CSS Level 2.1" property: 241, 235, 235 [81:5: color]
2024-12-27 13:07:08 ERROR errorhandler.py:105: Property: Invalid value for "CSS Level 2.1" property: 241, 235, 235 [86:5: color]
2024-12-27 13:07:08 INFO bar_manager.py:46: Successfully loaded updated stylesheet and applied to all bars.
2024-12-27 13:07:08 ERROR errorhandler.py:105: Property: Invalid value for "CSS Level 2.1" property: 241, 235, 235 [6:5: color]
2024-12-27 13:07:08 ERROR errorhandler.py:105: Property: Invalid value for "CSS Fonts Module Level 3 @font-face properties/CSS Level 2.1" property: regular [7:5: font-weight]
2024-12-27 13:07:08 ERROR errorhandler.py:105: Property: Invalid value for "CSS Level 2.1" property: 241, 235, 235 [77:5: color]
2024-12-27 13:07:08 ERROR errorhandler.py:105: Property: Invalid value for "CSS Level 2.1" property: 241, 235, 235 [81:5: color]
2024-12-27 13:07:08 ERROR errorhandler.py:105: Property: Invalid value for "CSS Level 2.1" property: 241, 235, 235 [86:5: color]
2024-12-27 13:07:10 ERROR errorhandler.py:105: Property: Invalid value for "CSS Level 2.1" property: 241, 235, 235 [6:5: color]
2024-12-27 13:07:10 ERROR errorhandler.py:105: Property: Invalid value for "CSS Fonts Module Level 3 @font-face properties/CSS Level 2.1" property: regular [7:5: font-weight]
2024-12-27 13:07:10 ERROR errorhandler.py:105: Property: Invalid value for "CSS Level 2.1" property: 241, 235, 235 [77:5: color]
2024-12-27 13:07:10 ERROR errorhandler.py:105: Property: Invalid value for "CSS Level 2.1" property: 241, 235, 235 [81:5: color]
2024-12-27 13:07:10 ERROR errorhandler.py:105: Property: Invalid value for "CSS Level 2.1" property: 241, 235, 235 [86:5: color]
2024-12-27 13:07:13 ERROR errorhandler.py:105: Property: Invalid value for "CSS Level 2.1" property: 241, 235, 235 [6:5: color]
2024-12-27 13:07:13 ERROR errorhandler.py:105: Property: Invalid value for "CSS Fonts Module Level 3 @font-face properties/CSS Level 2.1" property: regular [7:5: font-weight]
2024-12-27 13:07:13 ERROR errorhandler.py:105: Property: Invalid value for "CSS Level 2.1" property: 241, 235, 235 [77:5: color]
2024-12-27 13:07:13 ERROR errorhandler.py:105: Property: Invalid value for "CSS Level 2.1" property: 241, 235, 235 [81:5: color]
2024-12-27 13:07:13 ERROR errorhandler.py:105: Property: Invalid value for "CSS Level 2.1" property: 241, 235, 235 [86:5: color]
2024-12-27 13:07:13 INFO bar_manager.py:46: Successfully loaded updated stylesheet and applied to all bars.
2024-12-27 13:07:13 ERROR errorhandler.py:105: Property: Invalid value for "CSS Level 2.1" property: 241, 235, 235 [6:5: color]
2024-12-27 13:07:13 ERROR errorhandler.py:105: Property: Invalid value for "CSS Fonts Module Level 3 @font-face properties/CSS Level 2.1" property: regular [7:5: font-weight]
2024-12-27 13:07:13 ERROR errorhandler.py:105: Property: Invalid value for "CSS Level 2.1" property: 241, 235, 235 [77:5: color]
2024-12-27 13:07:13 ERROR errorhandler.py:105: Property: Invalid value for "CSS Level 2.1" property: 241, 235, 235 [81:5: color]
2024-12-27 13:07:13 ERROR errorhandler.py:105: Property: Invalid value for "CSS Level 2.1" property: 241, 235, 235 [86:5: color]
2024-12-27 13:07:16 ERROR errorhandler.py:105: Property: Invalid value for "CSS Level 2.1" property: 241, 235, 235 [6:5: color]
2024-12-27 13:07:16 ERROR errorhandler.py:105: Property: Invalid value for "CSS Fonts Module Level 3 @font-face properties/CSS Level 2.1" property: regular [7:5: font-weight]
2024-12-27 13:07:16 ERROR errorhandler.py:105: Property: Invalid value for "CSS Level 2.1" property: 241, 235, 235 [77:5: color]
2024-12-27 13:07:16 ERROR errorhandler.py:105: Property: Invalid value for "CSS Level 2.1" property: 241, 235, 235 [81:5: color]
2024-12-27 13:07:16 ERROR errorhandler.py:105: Property: Invalid value for "CSS Level 2.1" property: 241, 235, 235 [86:5: color]
2024-12-27 13:07:16 INFO bar_manager.py:46: Successfully loaded updated stylesheet and applied to all bars.
2024-12-27 13:07:25 ERROR errorhandler.py:105: Property: Invalid value for "CSS Level 2.1" property: 241, 235, 235 [6:5: color]
2024-12-27 13:07:25 ERROR errorhandler.py:105: Property: Invalid value for "CSS Fonts Module Level 3 @font-face properties/CSS Level 2.1" property: regular [7:5: font-weight]
2024-12-27 13:07:25 ERROR errorhandler.py:105: Property: Invalid value for "CSS Level 2.1" property: 241, 235, 235 [77:5: color]
2024-12-27 13:07:25 ERROR errorhandler.py:105: Property: Invalid value for "CSS Level 2.1" property: 241, 235, 235 [81:5: color]
2024-12-27 13:07:25 ERROR errorhandler.py:105: Property: Invalid value for "CSS Level 2.1" property: 241, 235, 235 [86:5: color]
2024-12-27 13:07:25 INFO bar_manager.py:46: Successfully loaded updated stylesheet and applied to all bars.
2024-12-27 13:07:30 ERROR errorhandler.py:105: Property: Invalid value for "CSS Level 2.1" property: 241, 235, 235 [6:5: color]
2024-12-27 13:07:30 ERROR errorhandler.py:105: Property: Invalid value for "CSS Fonts Module Level 3 @font-face properties/CSS Level 2.1" property: regular [7:5: font-weight]
2024-12-27 13:07:30 ERROR errorhandler.py:105: Property: Invalid value for "CSS Level 2.1" property: 241, 235, 235 [77:5: color]
2024-12-27 13:07:30 ERROR errorhandler.py:105: Property: Invalid value for "CSS Level 2.1" property: 241, 235, 235 [81:5: color]
2024-12-27 13:07:30 ERROR errorhandler.py:105: Property: Invalid value for "CSS Level 2.1" property: 241, 235, 235 [86:5: color]
2024-12-27 13:07:30 INFO bar_manager.py:46: Successfully loaded updated stylesheet and applied to all bars.
2024-12-27 13:07:37 ERROR errorhandler.py:105: Property: Invalid value for "CSS Level 2.1" property: 241, 235, 235 [6:5: color]
2024-12-27 13:07:37 ERROR errorhandler.py:105: Property: Invalid value for "CSS Fonts Module Level 3 @font-face properties/CSS Level 2.1" property: regular [7:5: font-weight]
2024-12-27 13:07:37 ERROR errorhandler.py:105: Property: Invalid value for "CSS Level 2.1" property: 241, 235, 235 [77:5: color]
2024-12-27 13:07:37 ERROR errorhandler.py:105: Property: Invalid value for "CSS Level 2.1" property: 241, 235, 235 [81:5: color]
2024-12-27 13:07:37 ERROR errorhandler.py:105: Property: Invalid value for "CSS Level 2.1" property: 241, 235, 235 [86:5: color]
2024-12-27 13:07:37 INFO bar_manager.py:46: Successfully loaded updated stylesheet and applied to all bars.
2024-12-27 13:07:40 ERROR errorhandler.py:105: Property: Invalid value for "CSS Level 2.1" property: 241, 235, 235 [6:5: color]
2024-12-27 13:07:40 ERROR errorhandler.py:105: Property: Invalid value for "CSS Fonts Module Level 3 @font-face properties/CSS Level 2.1" property: regular [7:5: font-weight]
2024-12-27 13:07:40 ERROR errorhandler.py:105: Property: Invalid value for "CSS Level 2.1" property: 241, 235, 235 [77:5: color]
2024-12-27 13:07:40 ERROR errorhandler.py:105: Property: Invalid value for "CSS Level 2.1" property: 241, 235, 235 [81:5: color]
2024-12-27 13:07:40 ERROR errorhandler.py:105: Property: Invalid value for "CSS Level 2.1" property: 241, 235, 235 [86:5: color]
2024-12-27 13:07:40 INFO bar_manager.py:46: Successfully loaded updated stylesheet and applied to all bars.
2024-12-27 13:07:40 ERROR errorhandler.py:105: Property: Invalid value for "CSS Level 2.1" property: 241, 235, 235 [6:5: color]
2024-12-27 13:07:40 ERROR errorhandler.py:105: Property: Invalid value for "CSS Fonts Module Level 3 @font-face properties/CSS Level 2.1" property: regular [7:5: font-weight]
2024-12-27 13:07:40 ERROR errorhandler.py:105: Property: Invalid value for "CSS Level 2.1" property: 241, 235, 235 [77:5: color]
2024-12-27 13:07:40 ERROR errorhandler.py:105: Property: Invalid value for "CSS Level 2.1" property: 241, 235, 235 [81:5: color]
2024-12-27 13:07:40 ERROR errorhandler.py:105: Property: Invalid value for "CSS Level 2.1" property: 241, 235, 235 [86:5: color]
2024-12-27 13:08:00 ERROR errorhandler.py:105: Property: Invalid value for "CSS Level 2.1" property: 241, 235, 235 [6:5: color]
2024-12-27 13:08:00 ERROR errorhandler.py:105: Property: Invalid value for "CSS Fonts Module Level 3 @font-face properties/CSS Level 2.1" property: regular [7:5: font-weight]
2024-12-27 13:08:00 ERROR errorhandler.py:105: Property: Invalid value for "CSS Level 2.1" property: 241, 235, 235 [77:5: color]
2024-12-27 13:08:00 ERROR errorhandler.py:105: Property: Invalid value for "CSS Level 2.1" property: 241, 235, 235 [81:5: color]
2024-12-27 13:08:00 ERROR errorhandler.py:105: Property: Invalid value for "CSS Level 2.1" property: 241, 235, 235 [86:5: color]
2024-12-27 13:09:17 ERROR errorhandler.py:105: Property: Invalid value for "CSS Level 2.1" property: 241, 235, 235 [6:5: color]
2024-12-27 13:09:17 ERROR errorhandler.py:105: Property: Invalid value for "CSS Fonts Module Level 3 @font-face properties/CSS Level 2.1" property: regular [7:5: font-weight]
2024-12-27 13:09:17 ERROR errorhandler.py:105: Property: Invalid value for "CSS Level 2.1" property: 241, 235, 235 [80:5: color]
2024-12-27 13:09:17 ERROR errorhandler.py:105: Property: Invalid value for "CSS Level 2.1" property: 241, 235, 235 [84:5: color]
2024-12-27 13:09:17 ERROR errorhandler.py:105: Property: Invalid value for "CSS Level 2.1" property: 241, 235, 235 [89:5: color]
2024-12-27 13:09:17 INFO bar_manager.py:46: Successfully loaded updated stylesheet and applied to all bars.
2024-12-27 13:10:16 ERROR errorhandler.py:105: Property: Invalid value for "CSS Level 2.1" property: 241, 235, 235 [6:5: color]
2024-12-27 13:10:16 ERROR errorhandler.py:105: Property: Invalid value for "CSS Fonts Module Level 3 @font-face properties/CSS Level 2.1" property: regular [7:5: font-weight]
2024-12-27 13:10:16 ERROR errorhandler.py:105: Property: Invalid value for "CSS Level 2.1" property: 241, 235, 235 [83:5: color]
2024-12-27 13:10:16 ERROR errorhandler.py:105: Property: Invalid value for "CSS Level 2.1" property: 241, 235, 235 [87:5: color]
2024-12-27 13:10:16 ERROR errorhandler.py:105: Property: Invalid value for "CSS Level 2.1" property: 241, 235, 235 [92:5: color]
2024-12-27 13:10:16 INFO bar_manager.py:46: Successfully loaded updated stylesheet and applied to all bars.
2024-12-27 13:10:22 INFO weather.py:158: Fetched new weather data at 2024-12-27 13:10:22.189892
2024-12-27 13:10:23 INFO weather.py:158: Fetched new weather data at 2024-12-27 13:10:23.038400
2024-12-27 13:10:33 ERROR errorhandler.py:105: Property: Invalid value for "CSS Level 2.1" property: 241, 235, 235 [6:5: color]
2024-12-27 13:10:33 ERROR errorhandler.py:105: Property: Invalid value for "CSS Fonts Module Level 3 @font-face properties/CSS Level 2.1" property: regular [7:5: font-weight]
2024-12-27 13:10:33 ERROR errorhandler.py:105: Property: Invalid value for "CSS Level 2.1" property: 241, 235, 235 [83:5: color]
2024-12-27 13:10:33 ERROR errorhandler.py:105: Property: Invalid value for "CSS Level 2.1" property: 241, 235, 235 [87:5: color]
2024-12-27 13:10:33 ERROR errorhandler.py:105: Property: Invalid value for "CSS Level 2.1" property: 241, 235, 235 [92:5: color]
2024-12-27 13:10:33 INFO bar_manager.py:46: Successfully loaded updated stylesheet and applied to all bars.
2024-12-27 13:10:33 ERROR errorhandler.py:105: Property: Invalid value for "CSS Level 2.1" property: 241, 235, 235 [6:5: color]
2024-12-27 13:10:33 ERROR errorhandler.py:105: Property: Invalid value for "CSS Fonts Module Level 3 @font-face properties/CSS Level 2.1" property: regular [7:5: font-weight]
2024-12-27 13:10:33 ERROR errorhandler.py:105: Property: Invalid value for "CSS Level 2.1" property: 241, 235, 235 [83:5: color]
2024-12-27 13:10:33 ERROR errorhandler.py:105: Property: Invalid value for "CSS Level 2.1" property: 241, 235, 235 [87:5: color]
2024-12-27 13:10:33 ERROR errorhandler.py:105: Property: Invalid value for "CSS Level 2.1" property: 241, 235, 235 [92:5: color]
2024-12-27 13:10:41 ERROR errorhandler.py:105: Property: Invalid value for "CSS Level 2.1" property: 241, 235, 235 [6:5: color]
2024-12-27 13:10:41 ERROR errorhandler.py:105: Property: Invalid value for "CSS Fonts Module Level 3 @font-face properties/CSS Level 2.1" property: regular [7:5: font-weight]
2024-12-27 13:10:41 ERROR errorhandler.py:105: Property: Invalid value for "CSS Level 2.1" property: 241, 235, 235 [83:5: color]
2024-12-27 13:10:41 ERROR errorhandler.py:105: Property: Invalid value for "CSS Level 2.1" property: 241, 235, 235 [87:5: color]
2024-12-27 13:10:41 ERROR errorhandler.py:105: Property: Invalid value for "CSS Level 2.1" property: 241, 235, 235 [92:5: color]
2024-12-27 13:10:41 INFO bar_manager.py:46: Successfully loaded updated stylesheet and applied to all bars.
2024-12-27 13:10:41 ERROR errorhandler.py:105: Property: Invalid value for "CSS Level 2.1" property: 241, 235, 235 [6:5: color]
2024-12-27 13:10:41 ERROR errorhandler.py:105: Property: Invalid value for "CSS Fonts Module Level 3 @font-face properties/CSS Level 2.1" property: regular [7:5: font-weight]
2024-12-27 13:10:41 ERROR errorhandler.py:105: Property: Invalid value for "CSS Level 2.1" property: 241, 235, 235 [83:5: color]
2024-12-27 13:10:41 ERROR errorhandler.py:105: Property: Invalid value for "CSS Level 2.1" property: 241, 235, 235 [87:5: color]
2024-12-27 13:10:41 ERROR errorhandler.py:105: Property: Invalid value for "CSS Level 2.1" property: 241, 235, 235 [92:5: color]
2024-12-27 13:10:49 ERROR errorhandler.py:105: Property: Invalid value for "CSS Level 2.1" property: 241, 235, 235 [6:5: color]
2024-12-27 13:10:49 ERROR errorhandler.py:105: Property: Invalid value for "CSS Fonts Module Level 3 @font-face properties/CSS Level 2.1" property: regular [7:5: font-weight]
2024-12-27 13:10:49 ERROR errorhandler.py:105: Property: Invalid value for "CSS Level 2.1" property: 241, 235, 235 [83:5: color]
2024-12-27 13:10:49 ERROR errorhandler.py:105: Property: Invalid value for "CSS Level 2.1" property: 241, 235, 235 [87:5: color]
2024-12-27 13:10:49 ERROR errorhandler.py:105: Property: Invalid value for "CSS Level 2.1" property: 241, 235, 235 [92:5: color]
2024-12-27 13:10:49 INFO bar_manager.py:46: Successfully loaded updated stylesheet and applied to all bars.
2024-12-27 13:10:49 ERROR errorhandler.py:105: Property: Invalid value for "CSS Level 2.1" property: 241, 235, 235 [6:5: color]
2024-12-27 13:10:49 ERROR errorhandler.py:105: Property: Invalid value for "CSS Fonts Module Level 3 @font-face properties/CSS Level 2.1" property: regular [7:5: font-weight]
2024-12-27 13:10:49 ERROR errorhandler.py:105: Property: Invalid value for "CSS Level 2.1" property: 241, 235, 235 [83:5: color]
2024-12-27 13:10:49 ERROR errorhandler.py:105: Property: Invalid value for "CSS Level 2.1" property: 241, 235, 235 [87:5: color]
2024-12-27 13:10:49 ERROR errorhandler.py:105: Property: Invalid value for "CSS Level 2.1" property: 241, 235, 235 [92:5: color]
2024-12-27 13:10:54 ERROR errorhandler.py:105: Property: Invalid value for "CSS Level 2.1" property: 241, 235, 235 [6:5: color]
2024-12-27 13:10:54 ERROR errorhandler.py:105: Property: Invalid value for "CSS Fonts Module Level 3 @font-face properties/CSS Level 2.1" property: regular [7:5: font-weight]
2024-12-27 13:10:54 ERROR errorhandler.py:105: Property: Invalid value for "CSS Level 2.1" property: 241, 235, 235 [83:5: color]
2024-12-27 13:10:54 ERROR errorhandler.py:105: Property: Invalid value for "CSS Level 2.1" property: 241, 235, 235 [87:5: color]
2024-12-27 13:10:54 ERROR errorhandler.py:105: Property: Invalid value for "CSS Level 2.1" property: 241, 235, 235 [92:5: color]
2024-12-27 13:10:54 INFO bar_manager.py:46: Successfully loaded updated stylesheet and applied to all bars.
2024-12-27 13:12:09 ERROR errorhandler.py:105: Property: Invalid value for "CSS Level 2.1" property: 241, 235, 235 [6:5: color]
2024-12-27 13:12:09 ERROR errorhandler.py:105: Property: Invalid value for "CSS Fonts Module Level 3 @font-face properties/CSS Level 2.1" property: regular [7:5: font-weight]
2024-12-27 13:12:09 ERROR errorhandler.py:105: Property: Invalid value for "CSS Level 2.1" property: 241, 235, 235 [83:5: color]
2024-12-27 13:12:09 ERROR errorhandler.py:105: Property: Invalid value for "CSS Level 2.1" property: 241, 235, 235 [87:5: color]
2024-12-27 13:12:09 ERROR errorhandler.py:105: Property: Invalid value for "CSS Level 2.1" property: 241, 235, 235 [92:5: color]
2024-12-27 13:12:09 INFO bar_manager.py:46: Successfully loaded updated stylesheet and applied to all bars.
2024-12-27 13:12:09 ERROR errorhandler.py:105: Property: Invalid value for "CSS Level 2.1" property: 241, 235, 235 [6:5: color]
2024-12-27 13:12:09 ERROR errorhandler.py:105: Property: Invalid value for "CSS Fonts Module Level 3 @font-face properties/CSS Level 2.1" property: regular [7:5: font-weight]
2024-12-27 13:12:09 ERROR errorhandler.py:105: Property: Invalid value for "CSS Level 2.1" property: 241, 235, 235 [83:5: color]
2024-12-27 13:12:09 ERROR errorhandler.py:105: Property: Invalid value for "CSS Level 2.1" property: 241, 235, 235 [87:5: color]
2024-12-27 13:12:09 ERROR errorhandler.py:105: Property: Invalid value for "CSS Level 2.1" property: 241, 235, 235 [92:5: color]
2024-12-27 13:12:12 ERROR errorhandler.py:105: Property: Invalid value for "CSS Level 2.1" property: 241, 235, 235 [6:5: color]
2024-12-27 13:12:12 ERROR errorhandler.py:105: Property: Invalid value for "CSS Fonts Module Level 3 @font-face properties/CSS Level 2.1" property: regular [7:5: font-weight]
2024-12-27 13:12:12 ERROR errorhandler.py:105: Property: Invalid value for "CSS Level 2.1" property: 241, 235, 235 [83:5: color]
2024-12-27 13:12:12 ERROR errorhandler.py:105: Property: Invalid value for "CSS Level 2.1" property: 241, 235, 235 [87:5: color]
2024-12-27 13:12:12 ERROR errorhandler.py:105: Property: Invalid value for "CSS Level 2.1" property: 241, 235, 235 [92:5: color]
2024-12-27 13:12:12 INFO bar_manager.py:46: Successfully loaded updated stylesheet and applied to all bars.
2024-12-27 13:12:12 ERROR errorhandler.py:105: Property: Invalid value for "CSS Level 2.1" property: 241, 235, 235 [6:5: color]
2024-12-27 13:12:12 ERROR errorhandler.py:105: Property: Invalid value for "CSS Fonts Module Level 3 @font-face properties/CSS Level 2.1" property: regular [7:5: font-weight]
2024-12-27 13:12:12 ERROR errorhandler.py:105: Property: Invalid value for "CSS Level 2.1" property: 241, 235, 235 [83:5: color]
2024-12-27 13:12:12 ERROR errorhandler.py:105: Property: Invalid value for "CSS Level 2.1" property: 241, 235, 235 [87:5: color]
2024-12-27 13:12:12 ERROR errorhandler.py:105: Property: Invalid value for "CSS Level 2.1" property: 241, 235, 235 [92:5: color]
2024-12-27 13:12:19 ERROR errorhandler.py:105: Property: Invalid value for "CSS Level 2.1" property: 241, 235, 235 [6:5: color]
2024-12-27 13:12:19 ERROR errorhandler.py:105: Property: Invalid value for "CSS Fonts Module Level 3 @font-face properties/CSS Level 2.1" property: regular [7:5: font-weight]
2024-12-27 13:12:19 ERROR errorhandler.py:105: Property: Invalid value for "CSS Level 2.1" property: 241, 235, 235 [83:5: color]
2024-12-27 13:12:19 ERROR errorhandler.py:105: Property: Invalid value for "CSS Level 2.1" property: 241, 235, 235 [87:5: color]
2024-12-27 13:12:19 ERROR errorhandler.py:105: Property: Invalid value for "CSS Level 2.1" property: 241, 235, 235 [92:5: color]
2024-12-27 13:12:19 INFO bar_manager.py:46: Successfully loaded updated stylesheet and applied to all bars.
2024-12-27 13:12:19 ERROR errorhandler.py:105: Property: Invalid value for "CSS Level 2.1" property: 241, 235, 235 [6:5: color]
2024-12-27 13:12:19 ERROR errorhandler.py:105: Property: Invalid value for "CSS Fonts Module Level 3 @font-face properties/CSS Level 2.1" property: regular [7:5: font-weight]
2024-12-27 13:12:19 ERROR errorhandler.py:105: Property: Invalid value for "CSS Level 2.1" property: 241, 235, 235 [83:5: color]
2024-12-27 13:12:19 ERROR errorhandler.py:105: Property: Invalid value for "CSS Level 2.1" property: 241, 235, 235 [87:5: color]
2024-12-27 13:12:19 ERROR errorhandler.py:105: Property: Invalid value for "CSS Level 2.1" property: 241, 235, 235 [92:5: color]
2024-12-27 13:12:32 ERROR errorhandler.py:105: Property: Invalid value for "CSS Level 2.1" property: 241, 235, 235 [6:5: color]
2024-12-27 13:12:32 ERROR errorhandler.py:105: Property: Invalid value for "CSS Fonts Module Level 3 @font-face properties/CSS Level 2.1" property: regular [7:5: font-weight]
2024-12-27 13:12:32 ERROR errorhandler.py:105: Property: Invalid value for "CSS Level 2.1" property: 241, 235, 235 [83:5: color]
2024-12-27 13:12:32 ERROR errorhandler.py:105: Property: Invalid value for "CSS Level 2.1" property: 241, 235, 235 [87:5: color]
2024-12-27 13:12:32 ERROR errorhandler.py:105: Property: Invalid value for "CSS Level 2.1" property: 241, 235, 235 [92:5: color]
2024-12-27 13:12:33 ERROR errorhandler.py:105: Property: Invalid value for "CSS Level 2.1" property: 241, 235, 235 [6:5: color]
2024-12-27 13:12:33 ERROR errorhandler.py:105: Property: Invalid value for "CSS Fonts Module Level 3 @font-face properties/CSS Level 2.1" property: regular [7:5: font-weight]
2024-12-27 13:12:33 ERROR errorhandler.py:105: Property: Invalid value for "CSS Level 2.1" property: 241, 235, 235 [83:5: color]
2024-12-27 13:12:33 ERROR errorhandler.py:105: Property: Invalid value for "CSS Level 2.1" property: 241, 235, 235 [87:5: color]
2024-12-27 13:12:33 ERROR errorhandler.py:105: Property: Invalid value for "CSS Level 2.1" property: 241, 235, 235 [92:5: color]
2024-12-27 13:12:33 ERROR errorhandler.py:105: Property: Invalid value for "CSS Level 2.1" property: 241, 235, 235 [6:5: color]
2024-12-27 13:12:33 ERROR errorhandler.py:105: Property: Invalid value for "CSS Fonts Module Level 3 @font-face properties/CSS Level 2.1" property: regular [7:5: font-weight]
2024-12-27 13:12:33 ERROR errorhandler.py:105: Property: Invalid value for "CSS Level 2.1" property: 241, 235, 235 [83:5: color]
2024-12-27 13:12:33 ERROR errorhandler.py:105: Property: Invalid value for "CSS Level 2.1" property: 241, 235, 235 [87:5: color]
2024-12-27 13:12:33 ERROR errorhandler.py:105: Property: Invalid value for "CSS Level 2.1" property: 241, 235, 235 [92:5: color]
2024-12-27 13:12:33 ERROR errorhandler.py:105: Property: Invalid value for "CSS Level 2.1" property: 241, 235, 235 [6:5: color]
2024-12-27 13:12:33 ERROR errorhandler.py:105: Property: Invalid value for "CSS Fonts Module Level 3 @font-face properties/CSS Level 2.1" property: regular [7:5: font-weight]
2024-12-27 13:12:33 ERROR errorhandler.py:105: Property: Invalid value for "CSS Level 2.1" property: 241, 235, 235 [83:5: color]
2024-12-27 13:12:33 ERROR errorhandler.py:105: Property: Invalid value for "CSS Level 2.1" property: 241, 235, 235 [87:5: color]
2024-12-27 13:12:33 ERROR errorhandler.py:105: Property: Invalid value for "CSS Level 2.1" property: 241, 235, 235 [92:5: color]
2024-12-27 13:12:33 ERROR errorhandler.py:105: Property: Invalid value for "CSS Level 2.1" property: 241, 235, 235 [6:5: color]
2024-12-27 13:12:33 ERROR errorhandler.py:105: Property: Invalid value for "CSS Fonts Module Level 3 @font-face properties/CSS Level 2.1" property: regular [7:5: font-weight]
2024-12-27 13:12:33 ERROR errorhandler.py:105: Property: Invalid value for "CSS Level 2.1" property: 241, 235, 235 [83:5: color]
2024-12-27 13:12:33 ERROR errorhandler.py:105: Property: Invalid value for "CSS Level 2.1" property: 241, 235, 235 [87:5: color]
2024-12-27 13:12:33 ERROR errorhandler.py:105: Property: Invalid value for "CSS Level 2.1" property: 241, 235, 235 [92:5: color]
2024-12-27 13:12:33 ERROR errorhandler.py:105: Property: Invalid value for "CSS Level 2.1" property: 241, 235, 235 [6:5: color]
2024-12-27 13:12:33 ERROR errorhandler.py:105: Property: Invalid value for "CSS Fonts Module Level 3 @font-face properties/CSS Level 2.1" property: regular [7:5: font-weight]
2024-12-27 13:12:33 ERROR errorhandler.py:105: Property: Invalid value for "CSS Level 2.1" property: 241, 235, 235 [83:5: color]
2024-12-27 13:12:33 ERROR errorhandler.py:105: Property: Invalid value for "CSS Level 2.1" property: 241, 235, 235 [87:5: color]
2024-12-27 13:12:33 ERROR errorhandler.py:105: Property: Invalid value for "CSS Level 2.1" property: 241, 235, 235 [92:5: color]
2024-12-27 13:12:33 ERROR errorhandler.py:105: Property: Invalid value for "CSS Level 2.1" property: 241, 235, 235 [6:5: color]
2024-12-27 13:12:33 ERROR errorhandler.py:105: Property: Invalid value for "CSS Fonts Module Level 3 @font-face properties/CSS Level 2.1" property: regular [7:5: font-weight]
2024-12-27 13:12:33 ERROR errorhandler.py:105: Property: Invalid value for "CSS Level 2.1" property: 241, 235, 235 [83:5: color]
2024-12-27 13:12:33 ERROR errorhandler.py:105: Property: Invalid value for "CSS Level 2.1" property: 241, 235, 235 [87:5: color]
2024-12-27 13:12:33 ERROR errorhandler.py:105: Property: Invalid value for "CSS Level 2.1" property: 241, 235, 235 [92:5: color]
2024-12-27 13:13:12 ERROR errorhandler.py:105: Property: Invalid value for "CSS Level 2.1" property: 241, 235, 235 [6:5: color]
2024-12-27 13:13:12 ERROR errorhandler.py:105: Property: Invalid value for "CSS Fonts Module Level 3 @font-face properties/CSS Level 2.1" property: regular [7:5: font-weight]
2024-12-27 13:13:12 ERROR errorhandler.py:105: Property: Invalid value for "CSS Level 2.1" property: 241, 235, 235 [87:5: color]
2024-12-27 13:13:12 ERROR errorhandler.py:105: Property: Invalid value for "CSS Level 2.1" property: 241, 235, 235 [91:5: color]
2024-12-27 13:13:12 ERROR errorhandler.py:105: Property: Invalid value for "CSS Level 2.1" property: 241, 235, 235 [96:5: color]
2024-12-27 13:13:12 INFO bar_manager.py:46: Successfully loaded updated stylesheet and applied to all bars.
2024-12-27 13:13:12 ERROR errorhandler.py:105: Property: Invalid value for "CSS Level 2.1" property: 241, 235, 235 [6:5: color]
2024-12-27 13:13:12 ERROR errorhandler.py:105: Property: Invalid value for "CSS Fonts Module Level 3 @font-face properties/CSS Level 2.1" property: regular [7:5: font-weight]
2024-12-27 13:13:12 ERROR errorhandler.py:105: Property: Invalid value for "CSS Level 2.1" property: 241, 235, 235 [87:5: color]
2024-12-27 13:13:12 ERROR errorhandler.py:105: Property: Invalid value for "CSS Level 2.1" property: 241, 235, 235 [91:5: color]
2024-12-27 13:13:12 ERROR errorhandler.py:105: Property: Invalid value for "CSS Level 2.1" property: 241, 235, 235 [96:5: color]
2024-12-27 13:14:58 ERROR errorhandler.py:105: Property: Invalid value for "CSS Level 2.1" property: 241, 235, 235 [6:5: color]
2024-12-27 13:14:58 ERROR errorhandler.py:105: Property: Invalid value for "CSS Fonts Module Level 3 @font-face properties/CSS Level 2.1" property: regular [7:5: font-weight]
2024-12-27 13:14:58 ERROR config.py:116: The file 'C:\Users\jojat\.config\yasb\styles.css' contains Syntax Error(s). Please fix:
Selector: Unexpected CHAR. [77:1: .]
2024-12-27 13:16:01 ERROR errorhandler.py:105: Property: Invalid value for "CSS Level 2.1" property: 241, 235, 235 [6:5: color]
2024-12-27 13:16:01 ERROR errorhandler.py:105: Property: Invalid value for "CSS Fonts Module Level 3 @font-face properties/CSS Level 2.1" property: regular [7:5: font-weight]
2024-12-27 13:16:01 ERROR config.py:116: The file 'C:\Users\jojat\.config\yasb\styles.css' contains Syntax Error(s). Please fix:
Selector: Unexpected CHAR. [77:1: .]
2024-12-27 13:16:34 ERROR errorhandler.py:105: Property: Invalid value for "CSS Level 2.1" property: 241, 235, 235 [6:5: color]
2024-12-27 13:16:34 ERROR errorhandler.py:105: Property: Invalid value for "CSS Fonts Module Level 3 @font-face properties/CSS Level 2.1" property: regular [7:5: font-weight]
2024-12-27 13:16:34 ERROR config.py:116: The file 'C:\Users\jojat\.config\yasb\styles.css' contains Syntax Error(s). Please fix:
Selector: Unexpected CHAR. [73:1: .]
2024-12-27 13:17:44 ERROR errorhandler.py:105: Property: Invalid value for "CSS Level 2.1" property: 241, 235, 235 [6:5: color]
2024-12-27 13:17:44 ERROR errorhandler.py:105: Property: Invalid value for "CSS Fonts Module Level 3 @font-face properties/CSS Level 2.1" property: regular [7:5: font-weight]
2024-12-27 13:17:44 ERROR errorhandler.py:105: Property: Invalid value for "CSS Level 2.1" property: 241, 235, 235 [85:5: color]
2024-12-27 13:17:44 ERROR errorhandler.py:105: Property: Invalid value for "CSS Level 2.1" property: 241, 235, 235 [89:5: color]
2024-12-27 13:17:44 ERROR errorhandler.py:105: Property: Invalid value for "CSS Level 2.1" property: 241, 235, 235 [94:5: color]
2024-12-27 13:17:44 INFO bar_manager.py:46: Successfully loaded updated stylesheet and applied to all bars.
2024-12-27 13:17:44 ERROR errorhandler.py:105: Property: Invalid value for "CSS Level 2.1" property: 241, 235, 235 [6:5: color]
2024-12-27 13:17:44 ERROR errorhandler.py:105: Property: Invalid value for "CSS Fonts Module Level 3 @font-face properties/CSS Level 2.1" property: regular [7:5: font-weight]
2024-12-27 13:17:44 ERROR errorhandler.py:105: Property: Invalid value for "CSS Level 2.1" property: 241, 235, 235 [85:5: color]
2024-12-27 13:17:44 ERROR errorhandler.py:105: Property: Invalid value for "CSS Level 2.1" property: 241, 235, 235 [89:5: color]
2024-12-27 13:17:44 ERROR errorhandler.py:105: Property: Invalid value for "CSS Level 2.1" property: 241, 235, 235 [94:5: color]
2024-12-27 13:17:44 ERROR errorhandler.py:105: Property: Invalid value for "CSS Level 2.1" property: 241, 235, 235 [6:5: color]
2024-12-27 13:17:44 ERROR errorhandler.py:105: Property: Invalid value for "CSS Fonts Module Level 3 @font-face properties/CSS Level 2.1" property: regular [7:5: font-weight]
2024-12-27 13:17:44 ERROR errorhandler.py:105: Property: Invalid value for "CSS Level 2.1" property: 241, 235, 235 [85:5: color]
2024-12-27 13:17:44 ERROR errorhandler.py:105: Property: Invalid value for "CSS Level 2.1" property: 241, 235, 235 [89:5: color]
2024-12-27 13:17:44 ERROR errorhandler.py:105: Property: Invalid value for "CSS Level 2.1" property: 241, 235, 235 [94:5: color]
2024-12-27 13:17:44 ERROR errorhandler.py:105: Property: Invalid value for "CSS Level 2.1" property: 241, 235, 235 [6:5: color]
2024-12-27 13:17:44 ERROR errorhandler.py:105: Property: Invalid value for "CSS Fonts Module Level 3 @font-face properties/CSS Level 2.1" property: regular [7:5: font-weight]
2024-12-27 13:17:44 ERROR errorhandler.py:105: Property: Invalid value for "CSS Level 2.1" property: 241, 235, 235 [85:5: color]
2024-12-27 13:17:44 ERROR errorhandler.py:105: Property: Invalid value for "CSS Level 2.1" property: 241, 235, 235 [89:5: color]
2024-12-27 13:17:44 ERROR errorhandler.py:105: Property: Invalid value for "CSS Level 2.1" property: 241, 235, 235 [94:5: color]
2024-12-27 13:18:09 ERROR errorhandler.py:105: Property: Invalid value for "CSS Level 2.1" property: 241, 235, 235 [6:5: color]
2024-12-27 13:18:09 ERROR errorhandler.py:105: Property: Invalid value for "CSS Fonts Module Level 3 @font-face properties/CSS Level 2.1" property: regular [7:5: font-weight]
2024-12-27 13:18:09 ERROR errorhandler.py:105: Property: Invalid value for "CSS Level 2.1" property: 241, 235, 235 [87:5: color]
2024-12-27 13:18:09 ERROR errorhandler.py:105: Property: Invalid value for "CSS Level 2.1" property: 241, 235, 235 [91:5: color]
2024-12-27 13:18:09 ERROR errorhandler.py:105: Property: Invalid value for "CSS Level 2.1" property: 241, 235, 235 [96:5: color]
2024-12-27 13:18:09 INFO bar_manager.py:46: Successfully loaded updated stylesheet and applied to all bars.
2024-12-27 13:18:09 ERROR errorhandler.py:105: Property: Invalid value for "CSS Level 2.1" property: 241, 235, 235 [6:5: color]
2024-12-27 13:18:09 ERROR errorhandler.py:105: Property: Invalid value for "CSS Fonts Module Level 3 @font-face properties/CSS Level 2.1" property: regular [7:5: font-weight]
2024-12-27 13:18:09 ERROR errorhandler.py:105: Property: Invalid value for "CSS Level 2.1" property: 241, 235, 235 [87:5: color]
2024-12-27 13:18:09 ERROR errorhandler.py:105: Property: Invalid value for "CSS Level 2.1" property: 241, 235, 235 [91:5: color]
2024-12-27 13:18:09 ERROR errorhandler.py:105: Property: Invalid value for "CSS Level 2.1" property: 241, 235, 235 [96:5: color]
2024-12-27 13:18:09 ERROR errorhandler.py:105: Property: Invalid value for "CSS Level 2.1" property: 241, 235, 235 [6:5: color]
2024-12-27 13:18:09 ERROR errorhandler.py:105: Property: Invalid value for "CSS Fonts Module Level 3 @font-face properties/CSS Level 2.1" property: regular [7:5: font-weight]
2024-12-27 13:18:09 ERROR errorhandler.py:105: Property: Invalid value for "CSS Level 2.1" property: 241, 235, 235 [87:5: color]
2024-12-27 13:18:09 ERROR errorhandler.py:105: Property: Invalid value for "CSS Level 2.1" property: 241, 235, 235 [91:5: color]
2024-12-27 13:18:09 ERROR errorhandler.py:105: Property: Invalid value for "CSS Level 2.1" property: 241, 235, 235 [96:5: color]
2024-12-27 13:18:09 ERROR errorhandler.py:105: Property: Invalid value for "CSS Level 2.1" property: 241, 235, 235 [6:5: color]
2024-12-27 13:18:09 ERROR errorhandler.py:105: Property: Invalid value for "CSS Fonts Module Level 3 @font-face properties/CSS Level 2.1" property: regular [7:5: font-weight]
2024-12-27 13:18:09 ERROR errorhandler.py:105: Property: Invalid value for "CSS Level 2.1" property: 241, 235, 235 [87:5: color]
2024-12-27 13:18:09 ERROR errorhandler.py:105: Property: Invalid value for "CSS Level 2.1" property: 241, 235, 235 [91:5: color]
2024-12-27 13:18:09 ERROR errorhandler.py:105: Property: Invalid value for "CSS Level 2.1" property: 241, 235, 235 [96:5: color]
2024-12-27 13:18:12 ERROR errorhandler.py:105: Property: Invalid value for "CSS Level 2.1" property: 241, 235, 235 [6:5: color]
2024-12-27 13:18:12 ERROR errorhandler.py:105: Property: Invalid value for "CSS Fonts Module Level 3 @font-face properties/CSS Level 2.1" property: regular [7:5: font-weight]
2024-12-27 13:18:12 ERROR errorhandler.py:105: Property: Invalid value for "CSS Level 2.1" property: 241, 235, 235 [88:5: color]
2024-12-27 13:18:12 ERROR errorhandler.py:105: Property: Invalid value for "CSS Level 2.1" property: 241, 235, 235 [92:5: color]
2024-12-27 13:18:12 ERROR errorhandler.py:105: Property: Invalid value for "CSS Level 2.1" property: 241, 235, 235 [97:5: color]
2024-12-27 13:18:12 INFO bar_manager.py:46: Successfully loaded updated stylesheet and applied to all bars.
2024-12-27 13:18:12 ERROR errorhandler.py:105: Property: Invalid value for "CSS Level 2.1" property: 241, 235, 235 [6:5: color]
2024-12-27 13:18:12 ERROR errorhandler.py:105: Property: Invalid value for "CSS Fonts Module Level 3 @font-face properties/CSS Level 2.1" property: regular [7:5: font-weight]
2024-12-27 13:18:12 ERROR errorhandler.py:105: Property: Invalid value for "CSS Level 2.1" property: 241, 235, 235 [88:5: color]
2024-12-27 13:18:12 ERROR errorhandler.py:105: Property: Invalid value for "CSS Level 2.1" property: 241, 235, 235 [92:5: color]
2024-12-27 13:18:12 ERROR errorhandler.py:105: Property: Invalid value for "CSS Level 2.1" property: 241, 235, 235 [97:5: color]
2024-12-27 13:18:12 ERROR errorhandler.py:105: Property: Invalid value for "CSS Level 2.1" property: 241, 235, 235 [6:5: color]
2024-12-27 13:18:12 ERROR errorhandler.py:105: Property: Invalid value for "CSS Fonts Module Level 3 @font-face properties/CSS Level 2.1" property: regular [7:5: font-weight]
2024-12-27 13:18:12 ERROR errorhandler.py:105: Property: Invalid value for "CSS Level 2.1" property: 241, 235, 235 [88:5: color]
2024-12-27 13:18:12 ERROR errorhandler.py:105: Property: Invalid value for "CSS Level 2.1" property: 241, 235, 235 [92:5: color]
2024-12-27 13:18:12 ERROR errorhandler.py:105: Property: Invalid value for "CSS Level 2.1" property: 241, 235, 235 [97:5: color]
2024-12-27 13:18:15 ERROR errorhandler.py:105: Property: Invalid value for "CSS Level 2.1" property: 241, 235, 235 [6:5: color]
2024-12-27 13:18:15 ERROR errorhandler.py:105: Property: Invalid value for "CSS Fonts Module Level 3 @font-face properties/CSS Level 2.1" property: regular [7:5: font-weight]
2024-12-27 13:18:15 ERROR errorhandler.py:105: Property: Invalid value for "CSS Level 2.1" property: 241, 235, 235 [89:5: color]
2024-12-27 13:18:15 ERROR errorhandler.py:105: Property: Invalid value for "CSS Level 2.1" property: 241, 235, 235 [93:5: color]
2024-12-27 13:18:15 ERROR errorhandler.py:105: Property: Invalid value for "CSS Level 2.1" property: 241, 235, 235 [98:5: color]
2024-12-27 13:18:15 INFO bar_manager.py:46: Successfully loaded updated stylesheet and applied to all bars.
2024-12-27 13:18:15 ERROR errorhandler.py:105: Property: Invalid value for "CSS Level 2.1" property: 241, 235, 235 [6:5: color]
2024-12-27 13:18:15 ERROR errorhandler.py:105: Property: Invalid value for "CSS Fonts Module Level 3 @font-face properties/CSS Level 2.1" property: regular [7:5: font-weight]
2024-12-27 13:18:15 ERROR errorhandler.py:105: Property: Invalid value for "CSS Level 2.1" property: 241, 235, 235 [89:5: color]
2024-12-27 13:18:15 ERROR errorhandler.py:105: Property: Invalid value for "CSS Level 2.1" property: 241, 235, 235 [93:5: color]
2024-12-27 13:18:15 ERROR errorhandler.py:105: Property: Invalid value for "CSS Level 2.1" property: 241, 235, 235 [98:5: color]
2024-12-27 13:18:15 ERROR errorhandler.py:105: Property: Invalid value for "CSS Level 2.1" property: 241, 235, 235 [6:5: color]
2024-12-27 13:18:15 ERROR errorhandler.py:105: Property: Invalid value for "CSS Fonts Module Level 3 @font-face properties/CSS Level 2.1" property: regular [7:5: font-weight]
2024-12-27 13:18:15 ERROR errorhandler.py:105: Property: Invalid value for "CSS Level 2.1" property: 241, 235, 235 [89:5: color]
2024-12-27 13:18:15 ERROR errorhandler.py:105: Property: Invalid value for "CSS Level 2.1" property: 241, 235, 235 [93:5: color]
2024-12-27 13:18:15 ERROR errorhandler.py:105: Property: Invalid value for "CSS Level 2.1" property: 241, 235, 235 [98:5: color]
2024-12-27 13:18:15 ERROR errorhandler.py:105: Property: Invalid value for "CSS Level 2.1" property: 241, 235, 235 [6:5: color]
2024-12-27 13:18:15 ERROR errorhandler.py:105: Property: Invalid value for "CSS Fonts Module Level 3 @font-face properties/CSS Level 2.1" property: regular [7:5: font-weight]
2024-12-27 13:18:15 ERROR errorhandler.py:105: Property: Invalid value for "CSS Level 2.1" property: 241, 235, 235 [89:5: color]
2024-12-27 13:18:15 ERROR errorhandler.py:105: Property: Invalid value for "CSS Level 2.1" property: 241, 235, 235 [93:5: color]
2024-12-27 13:18:15 ERROR errorhandler.py:105: Property: Invalid value for "CSS Level 2.1" property: 241, 235, 235 [98:5: color]
2024-12-27 13:18:17 ERROR errorhandler.py:105: Property: Invalid value for "CSS Level 2.1" property: 241, 235, 235 [6:5: color]
2024-12-27 13:18:17 ERROR errorhandler.py:105: Property: Invalid value for "CSS Fonts Module Level 3 @font-face properties/CSS Level 2.1" property: regular [7:5: font-weight]
2024-12-27 13:18:17 ERROR errorhandler.py:105: Property: Invalid value for "CSS Level 2.1" property: 241, 235, 235 [90:5: color]
2024-12-27 13:18:17 ERROR errorhandler.py:105: Property: Invalid value for "CSS Level 2.1" property: 241, 235, 235 [94:5: color]
2024-12-27 13:18:17 ERROR errorhandler.py:105: Property: Invalid value for "CSS Level 2.1" property: 241, 235, 235 [99:5: color]
2024-12-27 13:18:17 INFO bar_manager.py:46: Successfully loaded updated stylesheet and applied to all bars.
2024-12-27 13:18:17 ERROR errorhandler.py:105: Property: Invalid value for "CSS Level 2.1" property: 241, 235, 235 [6:5: color]
2024-12-27 13:18:17 ERROR errorhandler.py:105: Property: Invalid value for "CSS Fonts Module Level 3 @font-face properties/CSS Level 2.1" property: regular [7:5: font-weight]
2024-12-27 13:18:17 ERROR errorhandler.py:105: Property: Invalid value for "CSS Level 2.1" property: 241, 235, 235 [90:5: color]
2024-12-27 13:18:17 ERROR errorhandler.py:105: Property: Invalid value for "CSS Level 2.1" property: 241, 235, 235 [94:5: color]
2024-12-27 13:18:17 ERROR errorhandler.py:105: Property: Invalid value for "CSS Level 2.1" property: 241, 235, 235 [99:5: color]
2024-12-27 13:18:17 ERROR errorhandler.py:105: Property: Invalid value for "CSS Level 2.1" property: 241, 235, 235 [6:5: color]
2024-12-27 13:18:17 ERROR errorhandler.py:105: Property: Invalid value for "CSS Fonts Module Level 3 @font-face properties/CSS Level 2.1" property: regular [7:5: font-weight]
2024-12-27 13:18:17 ERROR errorhandler.py:105: Property: Invalid value for "CSS Level 2.1" property: 241, 235, 235 [90:5: color]
2024-12-27 13:18:17 ERROR errorhandler.py:105: Property: Invalid value for "CSS Level 2.1" property: 241, 235, 235 [94:5: color]
2024-12-27 13:18:17 ERROR errorhandler.py:105: Property: Invalid value for "CSS Level 2.1" property: 241, 235, 235 [99:5: color]
2024-12-27 13:18:29 ERROR errorhandler.py:105: Property: Invalid value for "CSS Level 2.1" property: 241, 235, 235 [6:5: color]
2024-12-27 13:18:29 ERROR errorhandler.py:105: Property: Invalid value for "CSS Fonts Module Level 3 @font-face properties/CSS Level 2.1" property: regular [7:5: font-weight]
2024-12-27 13:18:29 ERROR errorhandler.py:105: Property: Invalid value for "CSS Level 2.1" property: 241, 235, 235 [90:5: color]
2024-12-27 13:18:29 ERROR errorhandler.py:105: Property: Invalid value for "CSS Level 2.1" property: 241, 235, 235 [94:5: color]
2024-12-27 13:18:29 ERROR errorhandler.py:105: Property: Invalid value for "CSS Level 2.1" property: 241, 235, 235 [99:5: color]
2024-12-27 13:18:29 INFO bar_manager.py:46: Successfully loaded updated stylesheet and applied to all bars.
2024-12-27 13:18:29 ERROR errorhandler.py:105: Property: Invalid value for "CSS Level 2.1" property: 241, 235, 235 [6:5: color]
2024-12-27 13:18:29 ERROR errorhandler.py:105: Property: Invalid value for "CSS Fonts Module Level 3 @font-face properties/CSS Level 2.1" property: regular [7:5: font-weight]
2024-12-27 13:18:29 ERROR errorhandler.py:105: Property: Invalid value for "CSS Level 2.1" property: 241, 235, 235 [90:5: color]
2024-12-27 13:18:29 ERROR errorhandler.py:105: Property: Invalid value for "CSS Level 2.1" property: 241, 235, 235 [94:5: color]
2024-12-27 13:18:29 ERROR errorhandler.py:105: Property: Invalid value for "CSS Level 2.1" property: 241, 235, 235 [99:5: color]
2024-12-27 13:18:29 ERROR errorhandler.py:105: Property: Invalid value for "CSS Level 2.1" property: 241, 235, 235 [6:5: color]
2024-12-27 13:18:29 ERROR errorhandler.py:105: Property: Invalid value for "CSS Fonts Module Level 3 @font-face properties/CSS Level 2.1" property: regular [7:5: font-weight]
2024-12-27 13:18:29 ERROR errorhandler.py:105: Property: Invalid value for "CSS Level 2.1" property: 241, 235, 235 [90:5: color]
2024-12-27 13:18:29 ERROR errorhandler.py:105: Property: Invalid value for "CSS Level 2.1" property: 241, 235, 235 [94:5: color]
2024-12-27 13:18:29 ERROR errorhandler.py:105: Property: Invalid value for "CSS Level 2.1" property: 241, 235, 235 [99:5: color]
2024-12-27 13:18:29 ERROR errorhandler.py:105: Property: Invalid value for "CSS Level 2.1" property: 241, 235, 235 [6:5: color]
2024-12-27 13:18:29 ERROR errorhandler.py:105: Property: Invalid value for "CSS Fonts Module Level 3 @font-face properties/CSS Level 2.1" property: regular [7:5: font-weight]
2024-12-27 13:18:29 ERROR errorhandler.py:105: Property: Invalid value for "CSS Level 2.1" property: 241, 235, 235 [90:5: color]
2024-12-27 13:18:29 ERROR errorhandler.py:105: Property: Invalid value for "CSS Level 2.1" property: 241, 235, 235 [94:5: color]
2024-12-27 13:18:29 ERROR errorhandler.py:105: Property: Invalid value for "CSS Level 2.1" property: 241, 235, 235 [99:5: color]
2024-12-27 13:18:51 ERROR errorhandler.py:105: Property: Invalid value for "CSS Level 2.1" property: 241, 235, 235 [6:5: color]
2024-12-27 13:18:51 ERROR errorhandler.py:105: Property: Invalid value for "CSS Fonts Module Level 3 @font-face properties/CSS Level 2.1" property: regular [7:5: font-weight]
2024-12-27 13:18:51 ERROR errorhandler.py:105: Property: Invalid value for "CSS Level 2.1" property: 241, 235, 235 [94:5: color]
2024-12-27 13:18:51 ERROR errorhandler.py:105: Property: Invalid value for "CSS Level 2.1" property: 241, 235, 235 [98:5: color]
2024-12-27 13:18:51 ERROR errorhandler.py:105: Property: Invalid value for "CSS Level 2.1" property: 241, 235, 235 [103:5: color]
2024-12-27 13:18:51 INFO bar_manager.py:46: Successfully loaded updated stylesheet and applied to all bars.
2024-12-27 13:18:51 ERROR errorhandler.py:105: Property: Invalid value for "CSS Level 2.1" property: 241, 235, 235 [6:5: color]
2024-12-27 13:18:51 ERROR errorhandler.py:105: Property: Invalid value for "CSS Fonts Module Level 3 @font-face properties/CSS Level 2.1" property: regular [7:5: font-weight]
2024-12-27 13:18:51 ERROR errorhandler.py:105: Property: Invalid value for "CSS Level 2.1" property: 241, 235, 235 [94:5: color]
2024-12-27 13:18:51 ERROR errorhandler.py:105: Property: Invalid value for "CSS Level 2.1" property: 241, 235, 235 [98:5: color]
2024-12-27 13:18:51 ERROR errorhandler.py:105: Property: Invalid value for "CSS Level 2.1" property: 241, 235, 235 [103:5: color]
2024-12-27 13:18:51 ERROR errorhandler.py:105: Property: Invalid value for "CSS Level 2.1" property: 241, 235, 235 [6:5: color]
2024-12-27 13:18:51 ERROR errorhandler.py:105: Property: Invalid value for "CSS Fonts Module Level 3 @font-face properties/CSS Level 2.1" property: regular [7:5: font-weight]
2024-12-27 13:18:51 ERROR errorhandler.py:105: Property: Invalid value for "CSS Level 2.1" property: 241, 235, 235 [94:5: color]
2024-12-27 13:18:51 ERROR errorhandler.py:105: Property: Invalid value for "CSS Level 2.1" property: 241, 235, 235 [98:5: color]
2024-12-27 13:18:51 ERROR errorhandler.py:105: Property: Invalid value for "CSS Level 2.1" property: 241, 235, 235 [103:5: color]
2024-12-27 13:18:51 ERROR errorhandler.py:105: Property: Invalid value for "CSS Level 2.1" property: 241, 235, 235 [6:5: color]
2024-12-27 13:18:51 ERROR errorhandler.py:105: Property: Invalid value for "CSS Fonts Module Level 3 @font-face properties/CSS Level 2.1" property: regular [7:5: font-weight]
2024-12-27 13:18:51 ERROR errorhandler.py:105: Property: Invalid value for "CSS Level 2.1" property: 241, 235, 235 [94:5: color]
2024-12-27 13:18:51 ERROR errorhandler.py:105: Property: Invalid value for "CSS Level 2.1" property: 241, 235, 235 [98:5: color]
2024-12-27 13:18:51 ERROR errorhandler.py:105: Property: Invalid value for "CSS Level 2.1" property: 241, 235, 235 [103:5: color]
2024-12-27 13:18:55 ERROR errorhandler.py:105: Property: Invalid value for "CSS Level 2.1" property: 241, 235, 235 [6:5: color]
2024-12-27 13:18:55 ERROR errorhandler.py:105: Property: Invalid value for "CSS Fonts Module Level 3 @font-face properties/CSS Level 2.1" property: regular [7:5: font-weight]
2024-12-27 13:18:55 ERROR errorhandler.py:105: Property: Invalid value for "CSS Level 2.1" property: 241, 235, 235 [94:5: color]
2024-12-27 13:18:55 ERROR errorhandler.py:105: Property: Invalid value for "CSS Level 2.1" property: 241, 235, 235 [98:5: color]
2024-12-27 13:18:55 ERROR errorhandler.py:105: Property: Invalid value for "CSS Level 2.1" property: 241, 235, 235 [103:5: color]
2024-12-27 13:18:55 INFO bar_manager.py:46: Successfully loaded updated stylesheet and applied to all bars.
2024-12-27 13:18:55 ERROR errorhandler.py:105: Property: Invalid value for "CSS Level 2.1" property: 241, 235, 235 [6:5: color]
2024-12-27 13:18:55 ERROR errorhandler.py:105: Property: Invalid value for "CSS Fonts Module Level 3 @font-face properties/CSS Level 2.1" property: regular [7:5: font-weight]
2024-12-27 13:18:55 ERROR errorhandler.py:105: Property: Invalid value for "CSS Level 2.1" property: 241, 235, 235 [94:5: color]
2024-12-27 13:18:55 ERROR errorhandler.py:105: Property: Invalid value for "CSS Level 2.1" property: 241, 235, 235 [98:5: color]
2024-12-27 13:18:55 ERROR errorhandler.py:105: Property: Invalid value for "CSS Level 2.1" property: 241, 235, 235 [103:5: color]
2024-12-27 13:18:55 ERROR errorhandler.py:105: Property: Invalid value for "CSS Level 2.1" property: 241, 235, 235 [6:5: color]
2024-12-27 13:18:55 ERROR errorhandler.py:105: Property: Invalid value for "CSS Fonts Module Level 3 @font-face properties/CSS Level 2.1" property: regular [7:5: font-weight]
2024-12-27 13:18:55 ERROR errorhandler.py:105: Property: Invalid value for "CSS Level 2.1" property: 241, 235, 235 [94:5: color]
2024-12-27 13:18:55 ERROR errorhandler.py:105: Property: Invalid value for "CSS Level 2.1" property: 241, 235, 235 [98:5: color]
2024-12-27 13:18:55 ERROR errorhandler.py:105: Property: Invalid value for "CSS Level 2.1" property: 241, 235, 235 [103:5: color]
2024-12-27 13:18:55 ERROR errorhandler.py:105: Property: Invalid value for "CSS Level 2.1" property: 241, 235, 235 [6:5: color]
2024-12-27 13:18:55 ERROR errorhandler.py:105: Property: Invalid value for "CSS Fonts Module Level 3 @font-face properties/CSS Level 2.1" property: regular [7:5: font-weight]
2024-12-27 13:18:55 ERROR errorhandler.py:105: Property: Invalid value for "CSS Level 2.1" property: 241, 235, 235 [94:5: color]
2024-12-27 13:18:55 ERROR errorhandler.py:105: Property: Invalid value for "CSS Level 2.1" property: 241, 235, 235 [98:5: color]
2024-12-27 13:18:55 ERROR errorhandler.py:105: Property: Invalid value for "CSS Level 2.1" property: 241, 235, 235 [103:5: color]
2024-12-27 13:19:00 ERROR errorhandler.py:105: Property: Invalid value for "CSS Level 2.1" property: 241, 235, 235 [6:5: color]
2024-12-27 13:19:00 ERROR errorhandler.py:105: Property: Invalid value for "CSS Fonts Module Level 3 @font-face properties/CSS Level 2.1" property: regular [7:5: font-weight]
2024-12-27 13:19:00 ERROR errorhandler.py:105: Property: Invalid value for "CSS Level 2.1" property: 241, 235, 235 [94:5: color]
2024-12-27 13:19:00 ERROR errorhandler.py:105: Property: Invalid value for "CSS Level 2.1" property: 241, 235, 235 [98:5: color]
2024-12-27 13:19:00 ERROR errorhandler.py:105: Property: Invalid value for "CSS Level 2.1" property: 241, 235, 235 [103:5: color]
2024-12-27 13:19:00 INFO bar_manager.py:46: Successfully loaded updated stylesheet and applied to all bars.
2024-12-27 13:19:00 ERROR errorhandler.py:105: Property: Invalid value for "CSS Level 2.1" property: 241, 235, 235 [6:5: color]
2024-12-27 13:19:00 ERROR errorhandler.py:105: Property: Invalid value for "CSS Fonts Module Level 3 @font-face properties/CSS Level 2.1" property: regular [7:5: font-weight]
2024-12-27 13:19:00 ERROR errorhandler.py:105: Property: Invalid value for "CSS Level 2.1" property: 241, 235, 235 [94:5: color]
2024-12-27 13:19:00 ERROR errorhandler.py:105: Property: Invalid value for "CSS Level 2.1" property: 241, 235, 235 [98:5: color]
2024-12-27 13:19:00 ERROR errorhandler.py:105: Property: Invalid value for "CSS Level 2.1" property: 241, 235, 235 [103:5: color]
2024-12-27 13:19:00 ERROR errorhandler.py:105: Property: Invalid value for "CSS Level 2.1" property: 241, 235, 235 [6:5: color]
2024-12-27 13:19:00 ERROR errorhandler.py:105: Property: Invalid value for "CSS Fonts Module Level 3 @font-face properties/CSS Level 2.1" property: regular [7:5: font-weight]
2024-12-27 13:19:00 ERROR errorhandler.py:105: Property: Invalid value for "CSS Level 2.1" property: 241, 235, 235 [94:5: color]
2024-12-27 13:19:00 ERROR errorhandler.py:105: Property: Invalid value for "CSS Level 2.1" property: 241, 235, 235 [98:5: color]
2024-12-27 13:19:00 ERROR errorhandler.py:105: Property: Invalid value for "CSS Level 2.1" property: 241, 235, 235 [103:5: color]
2024-12-27 13:19:00 ERROR errorhandler.py:105: Property: Invalid value for "CSS Level 2.1" property: 241, 235, 235 [6:5: color]
2024-12-27 13:19:00 ERROR errorhandler.py:105: Property: Invalid value for "CSS Fonts Module Level 3 @font-face properties/CSS Level 2.1" property: regular [7:5: font-weight]
2024-12-27 13:19:00 ERROR errorhandler.py:105: Property: Invalid value for "CSS Level 2.1" property: 241, 235, 235 [94:5: color]
2024-12-27 13:19:00 ERROR errorhandler.py:105: Property: Invalid value for "CSS Level 2.1" property: 241, 235, 235 [98:5: color]
2024-12-27 13:19:00 ERROR errorhandler.py:105: Property: Invalid value for "CSS Level 2.1" property: 241, 235, 235 [103:5: color]
2024-12-27 13:19:15 ERROR errorhandler.py:105: Property: Invalid value for "CSS Level 2.1" property: 241, 235, 235 [6:5: color]
2024-12-27 13:19:15 ERROR errorhandler.py:105: Property: Invalid value for "CSS Fonts Module Level 3 @font-face properties/CSS Level 2.1" property: regular [7:5: font-weight]
2024-12-27 13:19:15 ERROR errorhandler.py:105: Property: Invalid value for "CSS Level 2.1" property: 241, 235, 235 [96:5: color]
2024-12-27 13:19:15 ERROR errorhandler.py:105: Property: Invalid value for "CSS Level 2.1" property: 241, 235, 235 [100:5: color]
2024-12-27 13:19:15 ERROR errorhandler.py:105: Property: Invalid value for "CSS Level 2.1" property: 241, 235, 235 [105:5: color]
2024-12-27 13:19:15 INFO bar_manager.py:46: Successfully loaded updated stylesheet and applied to all bars.
2024-12-27 13:19:15 ERROR errorhandler.py:105: Property: Invalid value for "CSS Level 2.1" property: 241, 235, 235 [6:5: color]
2024-12-27 13:19:15 ERROR errorhandler.py:105: Property: Invalid value for "CSS Fonts Module Level 3 @font-face properties/CSS Level 2.1" property: regular [7:5: font-weight]
2024-12-27 13:19:15 ERROR errorhandler.py:105: Property: Invalid value for "CSS Level 2.1" property: 241, 235, 235 [96:5: color]
2024-12-27 13:19:15 ERROR errorhandler.py:105: Property: Invalid value for "CSS Level 2.1" property: 241, 235, 235 [100:5: color]
2024-12-27 13:19:15 ERROR errorhandler.py:105: Property: Invalid value for "CSS Level 2.1" property: 241, 235, 235 [105:5: color]
2024-12-27 13:19:15 ERROR errorhandler.py:105: Property: Invalid value for "CSS Level 2.1" property: 241, 235, 235 [6:5: color]
2024-12-27 13:19:15 ERROR errorhandler.py:105: Property: Invalid value for "CSS Fonts Module Level 3 @font-face properties/CSS Level 2.1" property: regular [7:5: font-weight]
2024-12-27 13:19:15 ERROR errorhandler.py:105: Property: Invalid value for "CSS Level 2.1" property: 241, 235, 235 [96:5: color]
2024-12-27 13:19:15 ERROR errorhandler.py:105: Property: Invalid value for "CSS Level 2.1" property: 241, 235, 235 [100:5: color]
2024-12-27 13:19:15 ERROR errorhandler.py:105: Property: Invalid value for "CSS Level 2.1" property: 241, 235, 235 [105:5: color]
2024-12-27 13:19:15 ERROR errorhandler.py:105: Property: Invalid value for "CSS Level 2.1" property: 241, 235, 235 [6:5: color]
2024-12-27 13:19:15 ERROR errorhandler.py:105: Property: Invalid value for "CSS Fonts Module Level 3 @font-face properties/CSS Level 2.1" property: regular [7:5: font-weight]
2024-12-27 13:19:15 ERROR errorhandler.py:105: Property: Invalid value for "CSS Level 2.1" property: 241, 235, 235 [96:5: color]
2024-12-27 13:19:15 ERROR errorhandler.py:105: Property: Invalid value for "CSS Level 2.1" property: 241, 235, 235 [100:5: color]
2024-12-27 13:19:15 ERROR errorhandler.py:105: Property: Invalid value for "CSS Level 2.1" property: 241, 235, 235 [105:5: color]
2024-12-27 13:19:25 ERROR errorhandler.py:105: Property: Invalid value for "CSS Level 2.1" property: 241, 235, 235 [6:5: color]
2024-12-27 13:19:25 ERROR errorhandler.py:105: Property: Invalid value for "CSS Fonts Module Level 3 @font-face properties/CSS Level 2.1" property: regular [7:5: font-weight]
2024-12-27 13:19:25 ERROR errorhandler.py:105: Property: Invalid value for "CSS Level 2.1" property: 241, 235, 235 [96:5: color]
2024-12-27 13:19:25 ERROR errorhandler.py:105: Property: Invalid value for "CSS Level 2.1" property: 241, 235, 235 [100:5: color]
2024-12-27 13:19:25 ERROR errorhandler.py:105: Property: Invalid value for "CSS Level 2.1" property: 241, 235, 235 [105:5: color]
2024-12-27 13:19:25 INFO bar_manager.py:46: Successfully loaded updated stylesheet and applied to all bars.
2024-12-27 13:19:25 ERROR errorhandler.py:105: Property: Invalid value for "CSS Level 2.1" property: 241, 235, 235 [6:5: color]
2024-12-27 13:19:25 ERROR errorhandler.py:105: Property: Invalid value for "CSS Fonts Module Level 3 @font-face properties/CSS Level 2.1" property: regular [7:5: font-weight]
2024-12-27 13:19:25 ERROR errorhandler.py:105: Property: Invalid value for "CSS Level 2.1" property: 241, 235, 235 [96:5: color]
2024-12-27 13:19:25 ERROR errorhandler.py:105: Property: Invalid value for "CSS Level 2.1" property: 241, 235, 235 [100:5: color]
2024-12-27 13:19:25 ERROR errorhandler.py:105: Property: Invalid value for "CSS Level 2.1" property: 241, 235, 235 [105:5: color]
2024-12-27 13:19:25 ERROR errorhandler.py:105: Property: Invalid value for "CSS Level 2.1" property: 241, 235, 235 [6:5: color]
2024-12-27 13:19:25 ERROR errorhandler.py:105: Property: Invalid value for "CSS Fonts Module Level 3 @font-face properties/CSS Level 2.1" property: regular [7:5: font-weight]
2024-12-27 13:19:25 ERROR errorhandler.py:105: Property: Invalid value for "CSS Level 2.1" property: 241, 235, 235 [96:5: color]
2024-12-27 13:19:25 ERROR errorhandler.py:105: Property: Invalid value for "CSS Level 2.1" property: 241, 235, 235 [100:5: color]
2024-12-27 13:19:25 ERROR errorhandler.py:105: Property: Invalid value for "CSS Level 2.1" property: 241, 235, 235 [105:5: color]
2024-12-27 13:19:25 ERROR errorhandler.py:105: Property: Invalid value for "CSS Level 2.1" property: 241, 235, 235 [6:5: color]
2024-12-27 13:19:25 ERROR errorhandler.py:105: Property: Invalid value for "CSS Fonts Module Level 3 @font-face properties/CSS Level 2.1" property: regular [7:5: font-weight]
2024-12-27 13:19:25 ERROR errorhandler.py:105: Property: Invalid value for "CSS Level 2.1" property: 241, 235, 235 [96:5: color]
2024-12-27 13:19:25 ERROR errorhandler.py:105: Property: Invalid value for "CSS Level 2.1" property: 241, 235, 235 [100:5: color]
2024-12-27 13:19:25 ERROR errorhandler.py:105: Property: Invalid value for "CSS Level 2.1" property: 241, 235, 235 [105:5: color]
2024-12-27 13:19:33 ERROR errorhandler.py:105: Property: Invalid value for "CSS Level 2.1" property: 241, 235, 235 [6:5: color]
2024-12-27 13:19:33 ERROR errorhandler.py:105: Property: Invalid value for "CSS Fonts Module Level 3 @font-face properties/CSS Level 2.1" property: regular [7:5: font-weight]
2024-12-27 13:19:33 ERROR errorhandler.py:105: Property: Invalid value for "CSS Level 2.1" property: 0 22x 0 0 [80:5: padding]
2024-12-27 13:19:33 ERROR errorhandler.py:105: Property: Invalid value for "CSS Level 2.1" property: 241, 235, 235 [96:5: color]
2024-12-27 13:19:33 ERROR errorhandler.py:105: Property: Invalid value for "CSS Level 2.1" property: 241, 235, 235 [100:5: color]
2024-12-27 13:19:33 ERROR errorhandler.py:105: Property: Invalid value for "CSS Level 2.1" property: 241, 235, 235 [105:5: color]
2024-12-27 13:19:33 INFO bar_manager.py:46: Successfully loaded updated stylesheet and applied to all bars.
2024-12-27 13:19:33 ERROR errorhandler.py:105: Property: Invalid value for "CSS Level 2.1" property: 241, 235, 235 [6:5: color]
2024-12-27 13:19:33 ERROR errorhandler.py:105: Property: Invalid value for "CSS Fonts Module Level 3 @font-face properties/CSS Level 2.1" property: regular [7:5: font-weight]
2024-12-27 13:19:33 ERROR errorhandler.py:105: Property: Invalid value for "CSS Level 2.1" property: 0 22x 0 0 [80:5: padding]
2024-12-27 13:19:33 ERROR errorhandler.py:105: Property: Invalid value for "CSS Level 2.1" property: 241, 235, 235 [96:5: color]
2024-12-27 13:19:33 ERROR errorhandler.py:105: Property: Invalid value for "CSS Level 2.1" property: 241, 235, 235 [100:5: color]
2024-12-27 13:19:33 ERROR errorhandler.py:105: Property: Invalid value for "CSS Level 2.1" property: 241, 235, 235 [105:5: color]
2024-12-27 13:19:33 ERROR errorhandler.py:105: Property: Invalid value for "CSS Level 2.1" property: 241, 235, 235 [6:5: color]
2024-12-27 13:19:33 ERROR errorhandler.py:105: Property: Invalid value for "CSS Fonts Module Level 3 @font-face properties/CSS Level 2.1" property: regular [7:5: font-weight]
2024-12-27 13:19:33 ERROR errorhandler.py:105: Property: Invalid value for "CSS Level 2.1" property: 0 22x 0 0 [80:5: padding]
2024-12-27 13:19:33 ERROR errorhandler.py:105: Property: Invalid value for "CSS Level 2.1" property: 241, 235, 235 [96:5: color]
2024-12-27 13:19:33 ERROR errorhandler.py:105: Property: Invalid value for "CSS Level 2.1" property: 241, 235, 235 [100:5: color]
2024-12-27 13:19:33 ERROR errorhandler.py:105: Property: Invalid value for "CSS Level 2.1" property: 241, 235, 235 [105:5: color]
2024-12-27 13:19:33 ERROR errorhandler.py:105: Property: Invalid value for "CSS Level 2.1" property: 241, 235, 235 [6:5: color]
2024-12-27 13:19:33 ERROR errorhandler.py:105: Property: Invalid value for "CSS Fonts Module Level 3 @font-face properties/CSS Level 2.1" property: regular [7:5: font-weight]
2024-12-27 13:19:33 ERROR errorhandler.py:105: Property: Invalid value for "CSS Level 2.1" property: 0 22x 0 0 [80:5: padding]
2024-12-27 13:19:33 ERROR errorhandler.py:105: Property: Invalid value for "CSS Level 2.1" property: 241, 235, 235 [96:5: color]
2024-12-27 13:19:33 ERROR errorhandler.py:105: Property: Invalid value for "CSS Level 2.1" property: 241, 235, 235 [100:5: color]
2024-12-27 13:19:33 ERROR errorhandler.py:105: Property: Invalid value for "CSS Level 2.1" property: 241, 235, 235 [105:5: color]
2024-12-27 13:19:49 ERROR errorhandler.py:105: Property: Invalid value for "CSS Level 2.1" property: 241, 235, 235 [6:5: color]
2024-12-27 13:19:49 ERROR errorhandler.py:105: Property: Invalid value for "CSS Fonts Module Level 3 @font-face properties/CSS Level 2.1" property: regular [7:5: font-weight]
2024-12-27 13:19:49 ERROR errorhandler.py:105: Property: Invalid value for "CSS Level 2.1" property: 0 22x 0 0 [80:5: padding]
2024-12-27 13:19:49 ERROR errorhandler.py:105: Property: Invalid value for "CSS Level 2.1" property: 241, 235, 235 [96:5: color]
2024-12-27 13:19:49 ERROR errorhandler.py:105: Property: Invalid value for "CSS Level 2.1" property: 241, 235, 235 [100:5: color]
2024-12-27 13:19:49 ERROR errorhandler.py:105: Property: Invalid value for "CSS Level 2.1" property: 241, 235, 235 [105:5: color]
2024-12-27 13:19:49 ERROR errorhandler.py:105: Property: Invalid value for "CSS Level 2.1" property: 241, 235, 235 [6:5: color]
2024-12-27 13:19:49 ERROR errorhandler.py:105: Property: Invalid value for "CSS Fonts Module Level 3 @font-face properties/CSS Level 2.1" property: regular [7:5: font-weight]
2024-12-27 13:19:49 ERROR errorhandler.py:105: Property: Invalid value for "CSS Level 2.1" property: 0 22x 0 0 [80:5: padding]
2024-12-27 13:19:49 ERROR errorhandler.py:105: Property: Invalid value for "CSS Level 2.1" property: 241, 235, 235 [96:5: color]
2024-12-27 13:19:49 ERROR errorhandler.py:105: Property: Invalid value for "CSS Level 2.1" property: 241, 235, 235 [100:5: color]
2024-12-27 13:19:49 ERROR errorhandler.py:105: Property: Invalid value for "CSS Level 2.1" property: 241, 235, 235 [105:5: color]
2024-12-27 13:19:49 ERROR errorhandler.py:105: Property: Invalid value for "CSS Level 2.1" property: 241, 235, 235 [6:5: color]
2024-12-27 13:19:49 ERROR errorhandler.py:105: Property: Invalid value for "CSS Fonts Module Level 3 @font-face properties/CSS Level 2.1" property: regular [7:5: font-weight]
2024-12-27 13:19:49 ERROR errorhandler.py:105: Property: Invalid value for "CSS Level 2.1" property: 0 22x 0 0 [80:5: padding]
2024-12-27 13:19:49 ERROR errorhandler.py:105: Property: Invalid value for "CSS Level 2.1" property: 241, 235, 235 [96:5: color]
2024-12-27 13:19:49 ERROR errorhandler.py:105: Property: Invalid value for "CSS Level 2.1" property: 241, 235, 235 [100:5: color]
2024-12-27 13:19:49 ERROR errorhandler.py:105: Property: Invalid value for "CSS Level 2.1" property: 241, 235, 235 [105:5: color]
2024-12-27 13:20:08 ERROR errorhandler.py:105: Property: Invalid value for "CSS Level 2.1" property: 241, 235, 235 [6:5: color]
2024-12-27 13:20:08 ERROR errorhandler.py:105: Property: Invalid value for "CSS Fonts Module Level 3 @font-face properties/CSS Level 2.1" property: regular [7:5: font-weight]
2024-12-27 13:20:08 ERROR errorhandler.py:105: Property: Invalid value for "CSS Level 2.1" property: 241, 235, 235 [96:5: color]
2024-12-27 13:20:08 ERROR errorhandler.py:105: Property: Invalid value for "CSS Level 2.1" property: 241, 235, 235 [100:5: color]
2024-12-27 13:20:08 ERROR errorhandler.py:105: Property: Invalid value for "CSS Level 2.1" property: 241, 235, 235 [105:5: color]
2024-12-27 13:20:08 INFO bar_manager.py:46: Successfully loaded updated stylesheet and applied to all bars.
2024-12-27 13:20:08 ERROR errorhandler.py:105: Property: Invalid value for "CSS Level 2.1" property: 241, 235, 235 [6:5: color]
2024-12-27 13:20:08 ERROR errorhandler.py:105: Property: Invalid value for "CSS Fonts Module Level 3 @font-face properties/CSS Level 2.1" property: regular [7:5: font-weight]
2024-12-27 13:20:08 ERROR errorhandler.py:105: Property: Invalid value for "CSS Level 2.1" property: 241, 235, 235 [96:5: color]
2024-12-27 13:20:08 ERROR errorhandler.py:105: Property: Invalid value for "CSS Level 2.1" property: 241, 235, 235 [100:5: color]
2024-12-27 13:20:08 ERROR errorhandler.py:105: Property: Invalid value for "CSS Level 2.1" property: 241, 235, 235 [105:5: color]
2024-12-27 13:20:08 ERROR errorhandler.py:105: Property: Invalid value for "CSS Level 2.1" property: 241, 235, 235 [6:5: color]
2024-12-27 13:20:08 ERROR errorhandler.py:105: Property: Invalid value for "CSS Fonts Module Level 3 @font-face properties/CSS Level 2.1" property: regular [7:5: font-weight]
2024-12-27 13:20:08 ERROR errorhandler.py:105: Property: Invalid value for "CSS Level 2.1" property: 241, 235, 235 [96:5: color]
2024-12-27 13:20:08 ERROR errorhandler.py:105: Property: Invalid value for "CSS Level 2.1" property: 241, 235, 235 [100:5: color]
2024-12-27 13:20:08 ERROR errorhandler.py:105: Property: Invalid value for "CSS Level 2.1" property: 241, 235, 235 [105:5: color]
2024-12-27 13:20:18 ERROR errorhandler.py:105: Property: Invalid value for "CSS Level 2.1" property: 241, 235, 235 [6:5: color]
2024-12-27 13:20:18 ERROR errorhandler.py:105: Property: Invalid value for "CSS Fonts Module Level 3 @font-face properties/CSS Level 2.1" property: regular [7:5: font-weight]
2024-12-27 13:20:18 ERROR errorhandler.py:105: Property: Invalid value for "CSS Level 2.1" property: 241, 235, 235 [96:5: color]
2024-12-27 13:20:18 ERROR errorhandler.py:105: Property: Invalid value for "CSS Level 2.1" property: 241, 235, 235 [100:5: color]
2024-12-27 13:20:18 ERROR errorhandler.py:105: Property: Invalid value for "CSS Level 2.1" property: 241, 235, 235 [105:5: color]
2024-12-27 13:20:18 INFO bar_manager.py:46: Successfully loaded updated stylesheet and applied to all bars.
2024-12-27 13:20:18 ERROR errorhandler.py:105: Property: Invalid value for "CSS Level 2.1" property: 241, 235, 235 [6:5: color]
2024-12-27 13:20:18 ERROR errorhandler.py:105: Property: Invalid value for "CSS Fonts Module Level 3 @font-face properties/CSS Level 2.1" property: regular [7:5: font-weight]
2024-12-27 13:20:18 ERROR errorhandler.py:105: Property: Invalid value for "CSS Level 2.1" property: 241, 235, 235 [96:5: color]
2024-12-27 13:20:18 ERROR errorhandler.py:105: Property: Invalid value for "CSS Level 2.1" property: 241, 235, 235 [100:5: color]
2024-12-27 13:20:18 ERROR errorhandler.py:105: Property: Invalid value for "CSS Level 2.1" property: 241, 235, 235 [105:5: color]
2024-12-27 13:20:18 ERROR errorhandler.py:105: Property: Invalid value for "CSS Level 2.1" property: 241, 235, 235 [6:5: color]
2024-12-27 13:20:18 ERROR errorhandler.py:105: Property: Invalid value for "CSS Fonts Module Level 3 @font-face properties/CSS Level 2.1" property: regular [7:5: font-weight]
2024-12-27 13:20:18 ERROR errorhandler.py:105: Property: Invalid value for "CSS Level 2.1" property: 241, 235, 235 [96:5: color]
2024-12-27 13:20:18 ERROR errorhandler.py:105: Property: Invalid value for "CSS Level 2.1" property: 241, 235, 235 [100:5: color]
2024-12-27 13:20:18 ERROR errorhandler.py:105: Property: Invalid value for "CSS Level 2.1" property: 241, 235, 235 [105:5: color]
2024-12-27 13:20:22 INFO weather.py:158: Fetched new weather data at 2024-12-27 13:20:22.135387
2024-12-27 13:20:23 INFO weather.py:158: Fetched new weather data at 2024-12-27 13:20:23.006193
2024-12-27 13:20:26 ERROR errorhandler.py:105: Property: Invalid value for "CSS Level 2.1" property: 241, 235, 235 [6:5: color]
2024-12-27 13:20:26 ERROR errorhandler.py:105: Property: Invalid value for "CSS Fonts Module Level 3 @font-face properties/CSS Level 2.1" property: regular [7:5: font-weight]
2024-12-27 13:20:26 ERROR errorhandler.py:105: Property: Invalid value for "CSS Level 2.1" property: 241, 235, 235 [96:5: color]
2024-12-27 13:20:26 ERROR errorhandler.py:105: Property: Invalid value for "CSS Level 2.1" property: 241, 235, 235 [100:5: color]
2024-12-27 13:20:26 ERROR errorhandler.py:105: Property: Invalid value for "CSS Level 2.1" property: 241, 235, 235 [105:5: color]
2024-12-27 13:20:26 INFO bar_manager.py:46: Successfully loaded updated stylesheet and applied to all bars.
2024-12-27 13:20:26 ERROR errorhandler.py:105: Property: Invalid value for "CSS Level 2.1" property: 241, 235, 235 [6:5: color]
2024-12-27 13:20:26 ERROR errorhandler.py:105: Property: Invalid value for "CSS Fonts Module Level 3 @font-face properties/CSS Level 2.1" property: regular [7:5: font-weight]
2024-12-27 13:20:26 ERROR errorhandler.py:105: Property: Invalid value for "CSS Level 2.1" property: 241, 235, 235 [96:5: color]
2024-12-27 13:20:26 ERROR errorhandler.py:105: Property: Invalid value for "CSS Level 2.1" property: 241, 235, 235 [100:5: color]
2024-12-27 13:20:26 ERROR errorhandler.py:105: Property: Invalid value for "CSS Level 2.1" property: 241, 235, 235 [105:5: color]
2024-12-27 13:20:26 ERROR errorhandler.py:105: Property: Invalid value for "CSS Level 2.1" property: 241, 235, 235 [6:5: color]
2024-12-27 13:20:26 ERROR errorhandler.py:105: Property: Invalid value for "CSS Fonts Module Level 3 @font-face properties/CSS Level 2.1" property: regular [7:5: font-weight]
2024-12-27 13:20:26 ERROR errorhandler.py:105: Property: Invalid value for "CSS Level 2.1" property: 241, 235, 235 [96:5: color]
2024-12-27 13:20:26 ERROR errorhandler.py:105: Property: Invalid value for "CSS Level 2.1" property: 241, 235, 235 [100:5: color]
2024-12-27 13:20:26 ERROR errorhandler.py:105: Property: Invalid value for "CSS Level 2.1" property: 241, 235, 235 [105:5: color]
2024-12-27 13:20:39 ERROR errorhandler.py:105: Property: Invalid value for "CSS Level 2.1" property: 241, 235, 235 [6:5: color]
2024-12-27 13:20:39 ERROR errorhandler.py:105: Property: Invalid value for "CSS Fonts Module Level 3 @font-face properties/CSS Level 2.1" property: regular [7:5: font-weight]
2024-12-27 13:20:39 ERROR errorhandler.py:105: Property: Invalid value for "CSS Level 2.1" property: 241, 235, 235 [96:5: color]
2024-12-27 13:20:39 ERROR errorhandler.py:105: Property: Invalid value for "CSS Level 2.1" property: 241, 235, 235 [100:5: color]
2024-12-27 13:20:39 ERROR errorhandler.py:105: Property: Invalid value for "CSS Level 2.1" property: 241, 235, 235 [105:5: color]
2024-12-27 13:20:39 INFO bar_manager.py:46: Successfully loaded updated stylesheet and applied to all bars.
2024-12-27 13:20:39 ERROR errorhandler.py:105: Property: Invalid value for "CSS Level 2.1" property: 241, 235, 235 [6:5: color]
2024-12-27 13:20:39 ERROR errorhandler.py:105: Property: Invalid value for "CSS Fonts Module Level 3 @font-face properties/CSS Level 2.1" property: regular [7:5: font-weight]
2024-12-27 13:20:39 ERROR errorhandler.py:105: Property: Invalid value for "CSS Level 2.1" property: 241, 235, 235 [96:5: color]
2024-12-27 13:20:39 ERROR errorhandler.py:105: Property: Invalid value for "CSS Level 2.1" property: 241, 235, 235 [100:5: color]
2024-12-27 13:20:39 ERROR errorhandler.py:105: Property: Invalid value for "CSS Level 2.1" property: 241, 235, 235 [105:5: color]
2024-12-27 13:20:39 ERROR errorhandler.py:105: Property: Invalid value for "CSS Level 2.1" property: 241, 235, 235 [6:5: color]
2024-12-27 13:20:39 ERROR errorhandler.py:105: Property: Invalid value for "CSS Fonts Module Level 3 @font-face properties/CSS Level 2.1" property: regular [7:5: font-weight]
2024-12-27 13:20:39 ERROR errorhandler.py:105: Property: Invalid value for "CSS Level 2.1" property: 241, 235, 235 [96:5: color]
2024-12-27 13:20:39 ERROR errorhandler.py:105: Property: Invalid value for "CSS Level 2.1" property: 241, 235, 235 [100:5: color]
2024-12-27 13:20:39 ERROR errorhandler.py:105: Property: Invalid value for "CSS Level 2.1" property: 241, 235, 235 [105:5: color]
2024-12-27 13:20:42 ERROR errorhandler.py:105: Property: Invalid value for "CSS Level 2.1" property: 241, 235, 235 [6:5: color]
2024-12-27 13:20:42 ERROR errorhandler.py:105: Property: Invalid value for "CSS Fonts Module Level 3 @font-face properties/CSS Level 2.1" property: regular [7:5: font-weight]
2024-12-27 13:20:42 ERROR errorhandler.py:105: Property: Invalid value for "CSS Level 2.1" property: 241, 235, 235 [96:5: color]
2024-12-27 13:20:42 ERROR errorhandler.py:105: Property: Invalid value for "CSS Level 2.1" property: 241, 235, 235 [100:5: color]
2024-12-27 13:20:42 ERROR errorhandler.py:105: Property: Invalid value for "CSS Level 2.1" property: 241, 235, 235 [105:5: color]
2024-12-27 13:20:42 INFO bar_manager.py:46: Successfully loaded updated stylesheet and applied to all bars.
2024-12-27 13:20:42 ERROR errorhandler.py:105: Property: Invalid value for "CSS Level 2.1" property: 241, 235, 235 [6:5: color]
2024-12-27 13:20:42 ERROR errorhandler.py:105: Property: Invalid value for "CSS Fonts Module Level 3 @font-face properties/CSS Level 2.1" property: regular [7:5: font-weight]
2024-12-27 13:20:42 ERROR errorhandler.py:105: Property: Invalid value for "CSS Level 2.1" property: 241, 235, 235 [96:5: color]
2024-12-27 13:20:42 ERROR errorhandler.py:105: Property: Invalid value for "CSS Level 2.1" property: 241, 235, 235 [100:5: color]
2024-12-27 13:20:42 ERROR errorhandler.py:105: Property: Invalid value for "CSS Level 2.1" property: 241, 235, 235 [105:5: color]
2024-12-27 13:20:42 ERROR errorhandler.py:105: Property: Invalid value for "CSS Level 2.1" property: 241, 235, 235 [6:5: color]
2024-12-27 13:20:42 ERROR errorhandler.py:105: Property: Invalid value for "CSS Fonts Module Level 3 @font-face properties/CSS Level 2.1" property: regular [7:5: font-weight]
2024-12-27 13:20:42 ERROR errorhandler.py:105: Property: Invalid value for "CSS Level 2.1" property: 241, 235, 235 [96:5: color]
2024-12-27 13:20:42 ERROR errorhandler.py:105: Property: Invalid value for "CSS Level 2.1" property: 241, 235, 235 [100:5: color]
2024-12-27 13:20:42 ERROR errorhandler.py:105: Property: Invalid value for "CSS Level 2.1" property: 241, 235, 235 [105:5: color]
2024-12-27 13:20:51 ERROR errorhandler.py:105: Property: Invalid value for "CSS Level 2.1" property: 241, 235, 235 [6:5: color]
2024-12-27 13:20:51 ERROR errorhandler.py:105: Property: Invalid value for "CSS Fonts Module Level 3 @font-face properties/CSS Level 2.1" property: regular [7:5: font-weight]
2024-12-27 13:20:51 ERROR errorhandler.py:105: Property: Invalid value for "CSS Level 2.1" property: 241, 235, 235 [96:5: color]
2024-12-27 13:20:51 ERROR errorhandler.py:105: Property: Invalid value for "CSS Level 2.1" property: 241, 235, 235 [100:5: color]
2024-12-27 13:20:51 ERROR errorhandler.py:105: Property: Invalid value for "CSS Level 2.1" property: 241, 235, 235 [105:5: color]
2024-12-27 13:20:51 INFO bar_manager.py:46: Successfully loaded updated stylesheet and applied to all bars.
2024-12-27 13:20:51 ERROR errorhandler.py:105: Property: Invalid value for "CSS Level 2.1" property: 241, 235, 235 [6:5: color]
2024-12-27 13:20:51 ERROR errorhandler.py:105: Property: Invalid value for "CSS Fonts Module Level 3 @font-face properties/CSS Level 2.1" property: regular [7:5: font-weight]
2024-12-27 13:20:51 ERROR errorhandler.py:105: Property: Invalid value for "CSS Level 2.1" property: 241, 235, 235 [96:5: color]
2024-12-27 13:20:51 ERROR errorhandler.py:105: Property: Invalid value for "CSS Level 2.1" property: 241, 235, 235 [100:5: color]
2024-12-27 13:20:51 ERROR errorhandler.py:105: Property: Invalid value for "CSS Level 2.1" property: 241, 235, 235 [105:5: color]
2024-12-27 13:20:51 ERROR errorhandler.py:105: Property: Invalid value for "CSS Level 2.1" property: 241, 235, 235 [6:5: color]
2024-12-27 13:20:51 ERROR errorhandler.py:105: Property: Invalid value for "CSS Fonts Module Level 3 @font-face properties/CSS Level 2.1" property: regular [7:5: font-weight]
2024-12-27 13:20:51 ERROR errorhandler.py:105: Property: Invalid value for "CSS Level 2.1" property: 241, 235, 235 [96:5: color]
2024-12-27 13:20:51 ERROR errorhandler.py:105: Property: Invalid value for "CSS Level 2.1" property: 241, 235, 235 [100:5: color]
2024-12-27 13:20:51 ERROR errorhandler.py:105: Property: Invalid value for "CSS Level 2.1" property: 241, 235, 235 [105:5: color]
2024-12-27 13:20:55 ERROR errorhandler.py:105: Property: Invalid value for "CSS Level 2.1" property: 241, 235, 235 [6:5: color]
2024-12-27 13:20:55 ERROR errorhandler.py:105: Property: Invalid value for "CSS Fonts Module Level 3 @font-face properties/CSS Level 2.1" property: regular [7:5: font-weight]
2024-12-27 13:20:55 ERROR errorhandler.py:105: Property: Invalid value for "CSS Level 2.1" property: 241, 235, 235 [96:5: color]
2024-12-27 13:20:55 ERROR errorhandler.py:105: Property: Invalid value for "CSS Level 2.1" property: 241, 235, 235 [100:5: color]
2024-12-27 13:20:55 ERROR errorhandler.py:105: Property: Invalid value for "CSS Level 2.1" property: 241, 235, 235 [105:5: color]
2024-12-27 13:20:55 INFO bar_manager.py:46: Successfully loaded updated stylesheet and applied to all bars.
2024-12-27 13:20:55 ERROR errorhandler.py:105: Property: Invalid value for "CSS Level 2.1" property: 241, 235, 235 [6:5: color]
2024-12-27 13:20:55 ERROR errorhandler.py:105: Property: Invalid value for "CSS Fonts Module Level 3 @font-face properties/CSS Level 2.1" property: regular [7:5: font-weight]
2024-12-27 13:20:55 ERROR errorhandler.py:105: Property: Invalid value for "CSS Level 2.1" property: 241, 235, 235 [96:5: color]
2024-12-27 13:20:55 ERROR errorhandler.py:105: Property: Invalid value for "CSS Level 2.1" property: 241, 235, 235 [100:5: color]
2024-12-27 13:20:55 ERROR errorhandler.py:105: Property: Invalid value for "CSS Level 2.1" property: 241, 235, 235 [105:5: color]
2024-12-27 13:20:55 ERROR errorhandler.py:105: Property: Invalid value for "CSS Level 2.1" property: 241, 235, 235 [6:5: color]
2024-12-27 13:20:55 ERROR errorhandler.py:105: Property: Invalid value for "CSS Fonts Module Level 3 @font-face properties/CSS Level 2.1" property: regular [7:5: font-weight]
2024-12-27 13:20:55 ERROR errorhandler.py:105: Property: Invalid value for "CSS Level 2.1" property: 241, 235, 235 [96:5: color]
2024-12-27 13:20:55 ERROR errorhandler.py:105: Property: Invalid value for "CSS Level 2.1" property: 241, 235, 235 [100:5: color]
2024-12-27 13:20:55 ERROR errorhandler.py:105: Property: Invalid value for "CSS Level 2.1" property: 241, 235, 235 [105:5: color]
2024-12-27 13:20:57 ERROR errorhandler.py:105: Property: Invalid value for "CSS Level 2.1" property: 241, 235, 235 [6:5: color]
2024-12-27 13:20:57 ERROR errorhandler.py:105: Property: Invalid value for "CSS Fonts Module Level 3 @font-face properties/CSS Level 2.1" property: regular [7:5: font-weight]
2024-12-27 13:20:57 ERROR errorhandler.py:105: Property: Invalid value for "CSS Level 2.1" property: 241, 235, 235 [96:5: color]
2024-12-27 13:20:57 ERROR errorhandler.py:105: Property: Invalid value for "CSS Level 2.1" property: 241, 235, 235 [100:5: color]
2024-12-27 13:20:57 ERROR errorhandler.py:105: Property: Invalid value for "CSS Level 2.1" property: 241, 235, 235 [105:5: color]
2024-12-27 13:20:57 INFO bar_manager.py:46: Successfully loaded updated stylesheet and applied to all bars.
2024-12-27 13:20:57 ERROR errorhandler.py:105: Property: Invalid value for "CSS Level 2.1" property: 241, 235, 235 [6:5: color]
2024-12-27 13:20:57 ERROR errorhandler.py:105: Property: Invalid value for "CSS Fonts Module Level 3 @font-face properties/CSS Level 2.1" property: regular [7:5: font-weight]
2024-12-27 13:20:57 ERROR errorhandler.py:105: Property: Invalid value for "CSS Level 2.1" property: 241, 235, 235 [96:5: color]
2024-12-27 13:20:57 ERROR errorhandler.py:105: Property: Invalid value for "CSS Level 2.1" property: 241, 235, 235 [100:5: color]
2024-12-27 13:20:57 ERROR errorhandler.py:105: Property: Invalid value for "CSS Level 2.1" property: 241, 235, 235 [105:5: color]
2024-12-27 13:20:57 ERROR errorhandler.py:105: Property: Invalid value for "CSS Level 2.1" property: 241, 235, 235 [6:5: color]
2024-12-27 13:20:57 ERROR errorhandler.py:105: Property: Invalid value for "CSS Fonts Module Level 3 @font-face properties/CSS Level 2.1" property: regular [7:5: font-weight]
2024-12-27 13:20:57 ERROR errorhandler.py:105: Property: Invalid value for "CSS Level 2.1" property: 241, 235, 235 [96:5: color]
2024-12-27 13:20:57 ERROR errorhandler.py:105: Property: Invalid value for "CSS Level 2.1" property: 241, 235, 235 [100:5: color]
2024-12-27 13:20:57 ERROR errorhandler.py:105: Property: Invalid value for "CSS Level 2.1" property: 241, 235, 235 [105:5: color]
2024-12-27 13:21:00 ERROR errorhandler.py:105: Property: Invalid value for "CSS Level 2.1" property: 241, 235, 235 [6:5: color]
2024-12-27 13:21:00 ERROR errorhandler.py:105: Property: Invalid value for "CSS Fonts Module Level 3 @font-face properties/CSS Level 2.1" property: regular [7:5: font-weight]
2024-12-27 13:21:00 ERROR errorhandler.py:105: Property: Invalid value for "CSS Level 2.1" property: 241, 235, 235 [96:5: color]
2024-12-27 13:21:00 ERROR errorhandler.py:105: Property: Invalid value for "CSS Level 2.1" property: 241, 235, 235 [100:5: color]
2024-12-27 13:21:00 ERROR errorhandler.py:105: Property: Invalid value for "CSS Level 2.1" property: 241, 235, 235 [105:5: color]
2024-12-27 13:21:00 INFO bar_manager.py:46: Successfully loaded updated stylesheet and applied to all bars.
2024-12-27 13:21:00 ERROR errorhandler.py:105: Property: Invalid value for "CSS Level 2.1" property: 241, 235, 235 [6:5: color]
2024-12-27 13:21:00 ERROR errorhandler.py:105: Property: Invalid value for "CSS Fonts Module Level 3 @font-face properties/CSS Level 2.1" property: regular [7:5: font-weight]
2024-12-27 13:21:00 ERROR errorhandler.py:105: Property: Invalid value for "CSS Level 2.1" property: 241, 235, 235 [96:5: color]
2024-12-27 13:21:00 ERROR errorhandler.py:105: Property: Invalid value for "CSS Level 2.1" property: 241, 235, 235 [100:5: color]
2024-12-27 13:21:00 ERROR errorhandler.py:105: Property: Invalid value for "CSS Level 2.1" property: 241, 235, 235 [105:5: color]
2024-12-27 13:21:00 ERROR errorhandler.py:105: Property: Invalid value for "CSS Level 2.1" property: 241, 235, 235 [6:5: color]
2024-12-27 13:21:00 ERROR errorhandler.py:105: Property: Invalid value for "CSS Fonts Module Level 3 @font-face properties/CSS Level 2.1" property: regular [7:5: font-weight]
2024-12-27 13:21:00 ERROR errorhandler.py:105: Property: Invalid value for "CSS Level 2.1" property: 241, 235, 235 [96:5: color]
2024-12-27 13:21:00 ERROR errorhandler.py:105: Property: Invalid value for "CSS Level 2.1" property: 241, 235, 235 [100:5: color]
2024-12-27 13:21:00 ERROR errorhandler.py:105: Property: Invalid value for "CSS Level 2.1" property: 241, 235, 235 [105:5: color]
2024-12-27 13:21:04 ERROR errorhandler.py:105: Property: Invalid value for "CSS Level 2.1" property: 241, 235, 235 [6:5: color]
2024-12-27 13:21:04 ERROR errorhandler.py:105: Property: Invalid value for "CSS Fonts Module Level 3 @font-face properties/CSS Level 2.1" property: regular [7:5: font-weight]
2024-12-27 13:21:04 ERROR errorhandler.py:105: Property: Invalid value for "CSS Level 2.1" property: 241, 235, 235 [96:5: color]
2024-12-27 13:21:04 ERROR errorhandler.py:105: Property: Invalid value for "CSS Level 2.1" property: 241, 235, 235 [100:5: color]
2024-12-27 13:21:04 ERROR errorhandler.py:105: Property: Invalid value for "CSS Level 2.1" property: 241, 235, 235 [105:5: color]
2024-12-27 13:21:04 INFO bar_manager.py:46: Successfully loaded updated stylesheet and applied to all bars.
2024-12-27 13:21:04 ERROR errorhandler.py:105: Property: Invalid value for "CSS Level 2.1" property: 241, 235, 235 [6:5: color]
2024-12-27 13:21:04 ERROR errorhandler.py:105: Property: Invalid value for "CSS Fonts Module Level 3 @font-face properties/CSS Level 2.1" property: regular [7:5: font-weight]
2024-12-27 13:21:04 ERROR errorhandler.py:105: Property: Invalid value for "CSS Level 2.1" property: 241, 235, 235 [96:5: color]
2024-12-27 13:21:04 ERROR errorhandler.py:105: Property: Invalid value for "CSS Level 2.1" property: 241, 235, 235 [100:5: color]
2024-12-27 13:21:04 ERROR errorhandler.py:105: Property: Invalid value for "CSS Level 2.1" property: 241, 235, 235 [105:5: color]
2024-12-27 13:21:04 ERROR errorhandler.py:105: Property: Invalid value for "CSS Level 2.1" property: 241, 235, 235 [6:5: color]
2024-12-27 13:21:04 ERROR errorhandler.py:105: Property: Invalid value for "CSS Fonts Module Level 3 @font-face properties/CSS Level 2.1" property: regular [7:5: font-weight]
2024-12-27 13:21:04 ERROR errorhandler.py:105: Property: Invalid value for "CSS Level 2.1" property: 241, 235, 235 [96:5: color]
2024-12-27 13:21:04 ERROR errorhandler.py:105: Property: Invalid value for "CSS Level 2.1" property: 241, 235, 235 [100:5: color]
2024-12-27 13:21:04 ERROR errorhandler.py:105: Property: Invalid value for "CSS Level 2.1" property: 241, 235, 235 [105:5: color]
2024-12-27 13:21:18 ERROR errorhandler.py:105: Property: Invalid value for "CSS Level 2.1" property: 241, 235, 235 [6:5: color]
2024-12-27 13:21:18 ERROR errorhandler.py:105: Property: Invalid value for "CSS Fonts Module Level 3 @font-face properties/CSS Level 2.1" property: regular [7:5: font-weight]
2024-12-27 13:21:18 ERROR errorhandler.py:105: Property: Invalid value for "CSS Level 2.1" property: 241, 235, 235 [96:5: color]
2024-12-27 13:21:18 ERROR errorhandler.py:105: Property: Invalid value for "CSS Level 2.1" property: 241, 235, 235 [100:5: color]
2024-12-27 13:21:18 ERROR errorhandler.py:105: Property: Invalid value for "CSS Level 2.1" property: 241, 235, 235 [105:5: color]
2024-12-27 13:21:18 INFO bar_manager.py:46: Successfully loaded updated stylesheet and applied to all bars.
2024-12-27 13:21:18 ERROR errorhandler.py:105: Property: Invalid value for "CSS Level 2.1" property: 241, 235, 235 [6:5: color]
2024-12-27 13:21:18 ERROR errorhandler.py:105: Property: Invalid value for "CSS Fonts Module Level 3 @font-face properties/CSS Level 2.1" property: regular [7:5: font-weight]
2024-12-27 13:21:18 ERROR errorhandler.py:105: Property: Invalid value for "CSS Level 2.1" property: 241, 235, 235 [96:5: color]
2024-12-27 13:21:18 ERROR errorhandler.py:105: Property: Invalid value for "CSS Level 2.1" property: 241, 235, 235 [100:5: color]
2024-12-27 13:21:18 ERROR errorhandler.py:105: Property: Invalid value for "CSS Level 2.1" property: 241, 235, 235 [105:5: color]
2024-12-27 13:21:18 ERROR errorhandler.py:105: Property: Invalid value for "CSS Level 2.1" property: 241, 235, 235 [6:5: color]
2024-12-27 13:21:18 ERROR errorhandler.py:105: Property: Invalid value for "CSS Fonts Module Level 3 @font-face properties/CSS Level 2.1" property: regular [7:5: font-weight]
2024-12-27 13:21:18 ERROR errorhandler.py:105: Property: Invalid value for "CSS Level 2.1" property: 241, 235, 235 [96:5: color]
2024-12-27 13:21:18 ERROR errorhandler.py:105: Property: Invalid value for "CSS Level 2.1" property: 241, 235, 235 [100:5: color]
2024-12-27 13:21:18 ERROR errorhandler.py:105: Property: Invalid value for "CSS Level 2.1" property: 241, 235, 235 [105:5: color]
2024-12-27 13:21:24 ERROR errorhandler.py:105: Property: Invalid value for "CSS Level 2.1" property: 241, 235, 235 [6:5: color]
2024-12-27 13:21:24 ERROR errorhandler.py:105: Property: Invalid value for "CSS Fonts Module Level 3 @font-face properties/CSS Level 2.1" property: regular [7:5: font-weight]
2024-12-27 13:21:24 ERROR errorhandler.py:105: Property: Invalid value for "CSS Level 2.1" property: 241, 235, 235 [96:5: color]
2024-12-27 13:21:24 ERROR errorhandler.py:105: Property: Invalid value for "CSS Level 2.1" property: 241, 235, 235 [100:5: color]
2024-12-27 13:21:24 ERROR errorhandler.py:105: Property: Invalid value for "CSS Level 2.1" property: 241, 235, 235 [105:5: color]
2024-12-27 13:21:24 INFO bar_manager.py:46: Successfully loaded updated stylesheet and applied to all bars.
2024-12-27 13:21:24 ERROR errorhandler.py:105: Property: Invalid value for "CSS Level 2.1" property: 241, 235, 235 [6:5: color]
2024-12-27 13:21:24 ERROR errorhandler.py:105: Property: Invalid value for "CSS Fonts Module Level 3 @font-face properties/CSS Level 2.1" property: regular [7:5: font-weight]
2024-12-27 13:21:24 ERROR errorhandler.py:105: Property: Invalid value for "CSS Level 2.1" property: 241, 235, 235 [96:5: color]
2024-12-27 13:21:24 ERROR errorhandler.py:105: Property: Invalid value for "CSS Level 2.1" property: 241, 235, 235 [100:5: color]
2024-12-27 13:21:24 ERROR errorhandler.py:105: Property: Invalid value for "CSS Level 2.1" property: 241, 235, 235 [105:5: color]
2024-12-27 13:21:24 ERROR errorhandler.py:105: Property: Invalid value for "CSS Level 2.1" property: 241, 235, 235 [6:5: color]
2024-12-27 13:21:24 ERROR errorhandler.py:105: Property: Invalid value for "CSS Fonts Module Level 3 @font-face properties/CSS Level 2.1" property: regular [7:5: font-weight]
2024-12-27 13:21:24 ERROR errorhandler.py:105: Property: Invalid value for "CSS Level 2.1" property: 241, 235, 235 [96:5: color]
2024-12-27 13:21:24 ERROR errorhandler.py:105: Property: Invalid value for "CSS Level 2.1" property: 241, 235, 235 [100:5: color]
2024-12-27 13:21:24 ERROR errorhandler.py:105: Property: Invalid value for "CSS Level 2.1" property: 241, 235, 235 [105:5: color]
2024-12-27 13:21:54 ERROR errorhandler.py:105: Property: Invalid value for "CSS Level 2.1" property: 241, 235, 235 [6:5: color]
2024-12-27 13:21:54 ERROR errorhandler.py:105: Property: Invalid value for "CSS Fonts Module Level 3 @font-face properties/CSS Level 2.1" property: regular [7:5: font-weight]
2024-12-27 13:21:54 ERROR errorhandler.py:105: Property: Invalid value for "CSS Level 2.1" property: 241, 235, 235 [97:5: color]
2024-12-27 13:21:54 ERROR errorhandler.py:105: Property: Invalid value for "CSS Level 2.1" property: 241, 235, 235 [101:5: color]
2024-12-27 13:21:54 ERROR errorhandler.py:105: Property: Invalid value for "CSS Level 2.1" property: 241, 235, 235 [106:5: color]
2024-12-27 13:21:54 INFO bar_manager.py:46: Successfully loaded updated stylesheet and applied to all bars.
2024-12-27 13:21:54 ERROR errorhandler.py:105: Property: Invalid value for "CSS Level 2.1" property: 241, 235, 235 [6:5: color]
2024-12-27 13:21:54 ERROR errorhandler.py:105: Property: Invalid value for "CSS Fonts Module Level 3 @font-face properties/CSS Level 2.1" property: regular [7:5: font-weight]
2024-12-27 13:21:54 ERROR errorhandler.py:105: Property: Invalid value for "CSS Level 2.1" property: 241, 235, 235 [97:5: color]
2024-12-27 13:21:54 ERROR errorhandler.py:105: Property: Invalid value for "CSS Level 2.1" property: 241, 235, 235 [101:5: color]
2024-12-27 13:21:54 ERROR errorhandler.py:105: Property: Invalid value for "CSS Level 2.1" property: 241, 235, 235 [106:5: color]
2024-12-27 13:21:54 ERROR errorhandler.py:105: Property: Invalid value for "CSS Level 2.1" property: 241, 235, 235 [6:5: color]
2024-12-27 13:21:54 ERROR errorhandler.py:105: Property: Invalid value for "CSS Fonts Module Level 3 @font-face properties/CSS Level 2.1" property: regular [7:5: font-weight]
2024-12-27 13:21:54 ERROR errorhandler.py:105: Property: Invalid value for "CSS Level 2.1" property: 241, 235, 235 [97:5: color]
2024-12-27 13:21:54 ERROR errorhandler.py:105: Property: Invalid value for "CSS Level 2.1" property: 241, 235, 235 [101:5: color]
2024-12-27 13:21:54 ERROR errorhandler.py:105: Property: Invalid value for "CSS Level 2.1" property: 241, 235, 235 [106:5: color]
2024-12-27 13:22:01 ERROR errorhandler.py:105: Property: Invalid value for "CSS Level 2.1" property: 241, 235, 235 [6:5: color]
2024-12-27 13:22:01 ERROR errorhandler.py:105: Property: Invalid value for "CSS Fonts Module Level 3 @font-face properties/CSS Level 2.1" property: regular [7:5: font-weight]
2024-12-27 13:22:01 ERROR errorhandler.py:105: Property: Invalid value for "CSS Level 2.1" property: 241, 235, 235 [97:5: color]
2024-12-27 13:22:01 ERROR errorhandler.py:105: Property: Invalid value for "CSS Level 2.1" property: 241, 235, 235 [101:5: color]
2024-12-27 13:22:01 ERROR errorhandler.py:105: Property: Invalid value for "CSS Level 2.1" property: 241, 235, 235 [106:5: color]
2024-12-27 13:22:01 INFO bar_manager.py:46: Successfully loaded updated stylesheet and applied to all bars.
2024-12-27 13:22:01 ERROR errorhandler.py:105: Property: Invalid value for "CSS Level 2.1" property: 241, 235, 235 [6:5: color]
2024-12-27 13:22:01 ERROR errorhandler.py:105: Property: Invalid value for "CSS Fonts Module Level 3 @font-face properties/CSS Level 2.1" property: regular [7:5: font-weight]
2024-12-27 13:22:01 ERROR errorhandler.py:105: Property: Invalid value for "CSS Level 2.1" property: 241, 235, 235 [97:5: color]
2024-12-27 13:22:01 ERROR errorhandler.py:105: Property: Invalid value for "CSS Level 2.1" property: 241, 235, 235 [101:5: color]
2024-12-27 13:22:01 ERROR errorhandler.py:105: Property: Invalid value for "CSS Level 2.1" property: 241, 235, 235 [106:5: color]
2024-12-27 13:22:01 ERROR errorhandler.py:105: Property: Invalid value for "CSS Level 2.1" property: 241, 235, 235 [6:5: color]
2024-12-27 13:22:01 ERROR errorhandler.py:105: Property: Invalid value for "CSS Fonts Module Level 3 @font-face properties/CSS Level 2.1" property: regular [7:5: font-weight]
2024-12-27 13:22:01 ERROR errorhandler.py:105: Property: Invalid value for "CSS Level 2.1" property: 241, 235, 235 [97:5: color]
2024-12-27 13:22:01 ERROR errorhandler.py:105: Property: Invalid value for "CSS Level 2.1" property: 241, 235, 235 [101:5: color]
2024-12-27 13:22:01 ERROR errorhandler.py:105: Property: Invalid value for "CSS Level 2.1" property: 241, 235, 235 [106:5: color]
2024-12-27 13:22:06 ERROR errorhandler.py:105: Property: Invalid value for "CSS Level 2.1" property: 241, 235, 235 [6:5: color]
2024-12-27 13:22:06 ERROR errorhandler.py:105: Property: Invalid value for "CSS Fonts Module Level 3 @font-face properties/CSS Level 2.1" property: regular [7:5: font-weight]
2024-12-27 13:22:06 ERROR errorhandler.py:105: Property: Invalid value for "CSS Level 2.1" property: 241, 235, 235 [96:5: color]
2024-12-27 13:22:06 ERROR errorhandler.py:105: Property: Invalid value for "CSS Level 2.1" property: 241, 235, 235 [100:5: color]
2024-12-27 13:22:06 ERROR errorhandler.py:105: Property: Invalid value for "CSS Level 2.1" property: 241, 235, 235 [105:5: color]
2024-12-27 13:22:06 INFO bar_manager.py:46: Successfully loaded updated stylesheet and applied to all bars.
2024-12-27 13:22:06 ERROR errorhandler.py:105: Property: Invalid value for "CSS Level 2.1" property: 241, 235, 235 [6:5: color]
2024-12-27 13:22:06 ERROR errorhandler.py:105: Property: Invalid value for "CSS Fonts Module Level 3 @font-face properties/CSS Level 2.1" property: regular [7:5: font-weight]
2024-12-27 13:22:06 ERROR errorhandler.py:105: Property: Invalid value for "CSS Level 2.1" property: 241, 235, 235 [96:5: color]
2024-12-27 13:22:06 ERROR errorhandler.py:105: Property: Invalid value for "CSS Level 2.1" property: 241, 235, 235 [100:5: color]
2024-12-27 13:22:06 ERROR errorhandler.py:105: Property: Invalid value for "CSS Level 2.1" property: 241, 235, 235 [105:5: color]
2024-12-27 13:22:06 ERROR errorhandler.py:105: Property: Invalid value for "CSS Level 2.1" property: 241, 235, 235 [6:5: color]
2024-12-27 13:22:06 ERROR errorhandler.py:105: Property: Invalid value for "CSS Fonts Module Level 3 @font-face properties/CSS Level 2.1" property: regular [7:5: font-weight]
2024-12-27 13:22:06 ERROR errorhandler.py:105: Property: Invalid value for "CSS Level 2.1" property: 241, 235, 235 [96:5: color]
2024-12-27 13:22:06 ERROR errorhandler.py:105: Property: Invalid value for "CSS Level 2.1" property: 241, 235, 235 [100:5: color]
2024-12-27 13:22:06 ERROR errorhandler.py:105: Property: Invalid value for "CSS Level 2.1" property: 241, 235, 235 [105:5: color]
2024-12-27 13:23:59 ERROR errorhandler.py:105: Property: Invalid value for "CSS Level 2.1" property: 241, 235, 235 [6:5: color]
2024-12-27 13:23:59 ERROR errorhandler.py:105: Property: Invalid value for "CSS Fonts Module Level 3 @font-face properties/CSS Level 2.1" property: regular [7:5: font-weight]
2024-12-27 13:23:59 ERROR errorhandler.py:105: Property: Invalid value for "CSS Level 2.1" property: 241, 235, 235 [100:5: color]
2024-12-27 13:23:59 ERROR errorhandler.py:105: Property: Invalid value for "CSS Level 2.1" property: 241, 235, 235 [104:5: color]
2024-12-27 13:23:59 ERROR errorhandler.py:105: Property: Invalid value for "CSS Level 2.1" property: 241, 235, 235 [109:5: color]
2024-12-27 13:23:59 INFO bar_manager.py:46: Successfully loaded updated stylesheet and applied to all bars.
2024-12-27 13:23:59 ERROR errorhandler.py:105: Property: Invalid value for "CSS Level 2.1" property: 241, 235, 235 [6:5: color]
2024-12-27 13:23:59 ERROR errorhandler.py:105: Property: Invalid value for "CSS Fonts Module Level 3 @font-face properties/CSS Level 2.1" property: regular [7:5: font-weight]
2024-12-27 13:23:59 ERROR errorhandler.py:105: Property: Invalid value for "CSS Level 2.1" property: 241, 235, 235 [100:5: color]
2024-12-27 13:23:59 ERROR errorhandler.py:105: Property: Invalid value for "CSS Level 2.1" property: 241, 235, 235 [104:5: color]
2024-12-27 13:23:59 ERROR errorhandler.py:105: Property: Invalid value for "CSS Level 2.1" property: 241, 235, 235 [109:5: color]
2024-12-27 13:23:59 ERROR errorhandler.py:105: Property: Invalid value for "CSS Level 2.1" property: 241, 235, 235 [6:5: color]
2024-12-27 13:23:59 ERROR errorhandler.py:105: Property: Invalid value for "CSS Fonts Module Level 3 @font-face properties/CSS Level 2.1" property: regular [7:5: font-weight]
2024-12-27 13:23:59 ERROR errorhandler.py:105: Property: Invalid value for "CSS Level 2.1" property: 241, 235, 235 [100:5: color]
2024-12-27 13:23:59 ERROR errorhandler.py:105: Property: Invalid value for "CSS Level 2.1" property: 241, 235, 235 [104:5: color]
2024-12-27 13:23:59 ERROR errorhandler.py:105: Property: Invalid value for "CSS Level 2.1" property: 241, 235, 235 [109:5: color]
2024-12-27 13:24:02 ERROR errorhandler.py:105: Property: Invalid value for "CSS Level 2.1" property: 241, 235, 235 [6:5: color]
2024-12-27 13:24:02 ERROR errorhandler.py:105: Property: Invalid value for "CSS Fonts Module Level 3 @font-face properties/CSS Level 2.1" property: regular [7:5: font-weight]
2024-12-27 13:24:02 ERROR errorhandler.py:105: Property: Invalid value for "CSS Level 2.1" property: 241, 235, 235 [100:5: color]
2024-12-27 13:24:02 ERROR errorhandler.py:105: Property: Invalid value for "CSS Level 2.1" property: 241, 235, 235 [104:5: color]
2024-12-27 13:24:02 ERROR errorhandler.py:105: Property: Invalid value for "CSS Level 2.1" property: 241, 235, 235 [109:5: color]
2024-12-27 13:24:02 ERROR errorhandler.py:105: Property: Invalid value for "CSS Level 2.1" property: 241, 235, 235 [6:5: color]
2024-12-27 13:24:02 ERROR errorhandler.py:105: Property: Invalid value for "CSS Fonts Module Level 3 @font-face properties/CSS Level 2.1" property: regular [7:5: font-weight]
2024-12-27 13:24:02 ERROR errorhandler.py:105: Property: Invalid value for "CSS Level 2.1" property: 241, 235, 235 [100:5: color]
2024-12-27 13:24:02 ERROR errorhandler.py:105: Property: Invalid value for "CSS Level 2.1" property: 241, 235, 235 [104:5: color]
2024-12-27 13:24:02 ERROR errorhandler.py:105: Property: Invalid value for "CSS Level 2.1" property: 241, 235, 235 [109:5: color]
2024-12-27 13:24:02 ERROR errorhandler.py:105: Property: Invalid value for "CSS Level 2.1" property: 241, 235, 235 [6:5: color]
2024-12-27 13:24:02 ERROR errorhandler.py:105: Property: Invalid value for "CSS Fonts Module Level 3 @font-face properties/CSS Level 2.1" property: regular [7:5: font-weight]
2024-12-27 13:24:02 ERROR errorhandler.py:105: Property: Invalid value for "CSS Level 2.1" property: 241, 235, 235 [100:5: color]
2024-12-27 13:24:02 ERROR errorhandler.py:105: Property: Invalid value for "CSS Level 2.1" property: 241, 235, 235 [104:5: color]
2024-12-27 13:24:02 ERROR errorhandler.py:105: Property: Invalid value for "CSS Level 2.1" property: 241, 235, 235 [109:5: color]
2024-12-27 13:24:08 ERROR errorhandler.py:105: Property: Invalid value for "CSS Level 2.1" property: 241, 235, 235 [6:5: color]
2024-12-27 13:24:08 ERROR errorhandler.py:105: Property: Invalid value for "CSS Fonts Module Level 3 @font-face properties/CSS Level 2.1" property: regular [7:5: font-weight]
2024-12-27 13:24:08 ERROR errorhandler.py:105: Property: Invalid value for "CSS Level 2.1" property: 241, 235, 235 [101:5: color]
2024-12-27 13:24:08 ERROR errorhandler.py:105: Property: Invalid value for "CSS Level 2.1" property: 241, 235, 235 [105:5: color]
2024-12-27 13:24:08 ERROR errorhandler.py:105: Property: Invalid value for "CSS Level 2.1" property: 241, 235, 235 [110:5: color]
2024-12-27 13:24:08 INFO bar_manager.py:46: Successfully loaded updated stylesheet and applied to all bars.
2024-12-27 13:24:08 ERROR errorhandler.py:105: Property: Invalid value for "CSS Level 2.1" property: 241, 235, 235 [6:5: color]
2024-12-27 13:24:08 ERROR errorhandler.py:105: Property: Invalid value for "CSS Fonts Module Level 3 @font-face properties/CSS Level 2.1" property: regular [7:5: font-weight]
2024-12-27 13:24:08 ERROR errorhandler.py:105: Property: Invalid value for "CSS Level 2.1" property: 241, 235, 235 [101:5: color]
2024-12-27 13:24:08 ERROR errorhandler.py:105: Property: Invalid value for "CSS Level 2.1" property: 241, 235, 235 [105:5: color]
2024-12-27 13:24:08 ERROR errorhandler.py:105: Property: Invalid value for "CSS Level 2.1" property: 241, 235, 235 [110:5: color]
2024-12-27 13:24:08 ERROR errorhandler.py:105: Property: Invalid value for "CSS Level 2.1" property: 241, 235, 235 [6:5: color]
2024-12-27 13:24:08 ERROR errorhandler.py:105: Property: Invalid value for "CSS Fonts Module Level 3 @font-face properties/CSS Level 2.1" property: regular [7:5: font-weight]
2024-12-27 13:24:08 ERROR errorhandler.py:105: Property: Invalid value for "CSS Level 2.1" property: 241, 235, 235 [101:5: color]
2024-12-27 13:24:08 ERROR errorhandler.py:105: Property: Invalid value for "CSS Level 2.1" property: 241, 235, 235 [105:5: color]
2024-12-27 13:24:08 ERROR errorhandler.py:105: Property: Invalid value for "CSS Level 2.1" property: 241, 235, 235 [110:5: color]
2024-12-27 13:24:09 ERROR errorhandler.py:105: Property: Invalid value for "CSS Level 2.1" property: 241, 235, 235 [6:5: color]
2024-12-27 13:24:09 ERROR errorhandler.py:105: Property: Invalid value for "CSS Fonts Module Level 3 @font-face properties/CSS Level 2.1" property: regular [7:5: font-weight]
2024-12-27 13:24:09 ERROR errorhandler.py:105: Property: Invalid value for "CSS Level 2.1" property: 241, 235, 235 [101:5: color]
2024-12-27 13:24:09 ERROR errorhandler.py:105: Property: Invalid value for "CSS Level 2.1" property: 241, 235, 235 [105:5: color]
2024-12-27 13:24:09 ERROR errorhandler.py:105: Property: Invalid value for "CSS Level 2.1" property: 241, 235, 235 [110:5: color]
2024-12-27 13:24:09 ERROR errorhandler.py:105: Property: Invalid value for "CSS Level 2.1" property: 241, 235, 235 [6:5: color]
2024-12-27 13:24:09 ERROR errorhandler.py:105: Property: Invalid value for "CSS Fonts Module Level 3 @font-face properties/CSS Level 2.1" property: regular [7:5: font-weight]
2024-12-27 13:24:09 ERROR errorhandler.py:105: Property: Invalid value for "CSS Level 2.1" property: 241, 235, 235 [101:5: color]
2024-12-27 13:24:09 ERROR errorhandler.py:105: Property: Invalid value for "CSS Level 2.1" property: 241, 235, 235 [105:5: color]
2024-12-27 13:24:09 ERROR errorhandler.py:105: Property: Invalid value for "CSS Level 2.1" property: 241, 235, 235 [110:5: color]
2024-12-27 13:24:10 ERROR errorhandler.py:105: Property: Invalid value for "CSS Level 2.1" property: 241, 235, 235 [6:5: color]
2024-12-27 13:24:10 ERROR errorhandler.py:105: Property: Invalid value for "CSS Fonts Module Level 3 @font-face properties/CSS Level 2.1" property: regular [7:5: font-weight]
2024-12-27 13:24:10 ERROR errorhandler.py:105: Property: Invalid value for "CSS Level 2.1" property: 241, 235, 235 [101:5: color]
2024-12-27 13:24:10 ERROR errorhandler.py:105: Property: Invalid value for "CSS Level 2.1" property: 241, 235, 235 [105:5: color]
2024-12-27 13:24:10 ERROR errorhandler.py:105: Property: Invalid value for "CSS Level 2.1" property: 241, 235, 235 [110:5: color]
2024-12-27 13:24:31 ERROR errorhandler.py:105: Property: Invalid value for "CSS Level 2.1" property: 241, 235, 235 [6:5: color]
2024-12-27 13:24:31 ERROR errorhandler.py:105: Property: Invalid value for "CSS Fonts Module Level 3 @font-face properties/CSS Level 2.1" property: regular [7:5: font-weight]
2024-12-27 13:24:31 ERROR errorhandler.py:105: Property: Invalid value for "CSS Level 2.1" property: 241, 235, 235 [96:5: color]
2024-12-27 13:24:31 ERROR errorhandler.py:105: Property: Invalid value for "CSS Level 2.1" property: 241, 235, 235 [100:5: color]
2024-12-27 13:24:31 ERROR errorhandler.py:105: Property: Invalid value for "CSS Level 2.1" property: 241, 235, 235 [105:5: color]
2024-12-27 13:24:31 INFO bar_manager.py:46: Successfully loaded updated stylesheet and applied to all bars.
2024-12-27 13:24:31 ERROR errorhandler.py:105: Property: Invalid value for "CSS Level 2.1" property: 241, 235, 235 [6:5: color]
2024-12-27 13:24:31 ERROR errorhandler.py:105: Property: Invalid value for "CSS Fonts Module Level 3 @font-face properties/CSS Level 2.1" property: regular [7:5: font-weight]
2024-12-27 13:24:31 ERROR errorhandler.py:105: Property: Invalid value for "CSS Level 2.1" property: 241, 235, 235 [96:5: color]
2024-12-27 13:24:31 ERROR errorhandler.py:105: Property: Invalid value for "CSS Level 2.1" property: 241, 235, 235 [100:5: color]
2024-12-27 13:24:31 ERROR errorhandler.py:105: Property: Invalid value for "CSS Level 2.1" property: 241, 235, 235 [105:5: color]
2024-12-27 13:24:31 ERROR errorhandler.py:105: Property: Invalid value for "CSS Level 2.1" property: 241, 235, 235 [6:5: color]
2024-12-27 13:24:31 ERROR errorhandler.py:105: Property: Invalid value for "CSS Fonts Module Level 3 @font-face properties/CSS Level 2.1" property: regular [7:5: font-weight]
2024-12-27 13:24:31 ERROR errorhandler.py:105: Property: Invalid value for "CSS Level 2.1" property: 241, 235, 235 [96:5: color]
2024-12-27 13:24:31 ERROR errorhandler.py:105: Property: Invalid value for "CSS Level 2.1" property: 241, 235, 235 [100:5: color]
2024-12-27 13:24:31 ERROR errorhandler.py:105: Property: Invalid value for "CSS Level 2.1" property: 241, 235, 235 [105:5: color]
2024-12-27 13:24:33 ERROR errorhandler.py:105: Property: Invalid value for "CSS Level 2.1" property: 241, 235, 235 [6:5: color]
2024-12-27 13:24:33 ERROR errorhandler.py:105: Property: Invalid value for "CSS Fonts Module Level 3 @font-face properties/CSS Level 2.1" property: regular [7:5: font-weight]
2024-12-27 13:24:33 ERROR errorhandler.py:105: Property: Invalid value for "CSS Level 2.1" property: 241, 235, 235 [96:5: color]
2024-12-27 13:24:33 ERROR errorhandler.py:105: Property: Invalid value for "CSS Level 2.1" property: 241, 235, 235 [100:5: color]
2024-12-27 13:24:33 ERROR errorhandler.py:105: Property: Invalid value for "CSS Level 2.1" property: 241, 235, 235 [105:5: color]
2024-12-27 13:24:33 ERROR errorhandler.py:105: Property: Invalid value for "CSS Level 2.1" property: 241, 235, 235 [6:5: color]
2024-12-27 13:24:33 ERROR errorhandler.py:105: Property: Invalid value for "CSS Fonts Module Level 3 @font-face properties/CSS Level 2.1" property: regular [7:5: font-weight]
2024-12-27 13:24:33 ERROR errorhandler.py:105: Property: Invalid value for "CSS Level 2.1" property: 241, 235, 235 [96:5: color]
2024-12-27 13:24:33 ERROR errorhandler.py:105: Property: Invalid value for "CSS Level 2.1" property: 241, 235, 235 [100:5: color]
2024-12-27 13:24:33 ERROR errorhandler.py:105: Property: Invalid value for "CSS Level 2.1" property: 241, 235, 235 [105:5: color]
2024-12-27 13:24:33 ERROR errorhandler.py:105: Property: Invalid value for "CSS Level 2.1" property: 241, 235, 235 [6:5: color]
2024-12-27 13:24:33 ERROR errorhandler.py:105: Property: Invalid value for "CSS Fonts Module Level 3 @font-face properties/CSS Level 2.1" property: regular [7:5: font-weight]
2024-12-27 13:24:33 ERROR errorhandler.py:105: Property: Invalid value for "CSS Level 2.1" property: 241, 235, 235 [96:5: color]
2024-12-27 13:24:33 ERROR errorhandler.py:105: Property: Invalid value for "CSS Level 2.1" property: 241, 235, 235 [100:5: color]
2024-12-27 13:24:33 ERROR errorhandler.py:105: Property: Invalid value for "CSS Level 2.1" property: 241, 235, 235 [105:5: color]
2024-12-27 13:25:06 ERROR errorhandler.py:105: Property: Invalid value for "CSS Level 2.1" property: 241, 235, 235 [6:5: color]
2024-12-27 13:25:06 ERROR errorhandler.py:105: Property: Invalid value for "CSS Fonts Module Level 3 @font-face properties/CSS Level 2.1" property: regular [7:5: font-weight]
2024-12-27 13:25:06 ERROR errorhandler.py:105: Property: Invalid value for "CSS Level 2.1" property: 241, 235, 235 [96:5: color]
2024-12-27 13:25:06 ERROR errorhandler.py:105: Property: Invalid value for "CSS Level 2.1" property: 241, 235, 235 [100:5: color]
2024-12-27 13:25:06 ERROR errorhandler.py:105: Property: Invalid value for "CSS Level 2.1" property: 241, 235, 235 [105:5: color]
2024-12-27 13:25:06 INFO bar_manager.py:46: Successfully loaded updated stylesheet and applied to all bars.
2024-12-27 13:25:06 ERROR errorhandler.py:105: Property: Invalid value for "CSS Level 2.1" property: 241, 235, 235 [6:5: color]
2024-12-27 13:25:06 ERROR errorhandler.py:105: Property: Invalid value for "CSS Fonts Module Level 3 @font-face properties/CSS Level 2.1" property: regular [7:5: font-weight]
2024-12-27 13:25:06 ERROR errorhandler.py:105: Property: Invalid value for "CSS Level 2.1" property: 241, 235, 235 [96:5: color]
2024-12-27 13:25:06 ERROR errorhandler.py:105: Property: Invalid value for "CSS Level 2.1" property: 241, 235, 235 [100:5: color]
2024-12-27 13:25:06 ERROR errorhandler.py:105: Property: Invalid value for "CSS Level 2.1" property: 241, 235, 235 [105:5: color]
2024-12-27 13:25:32 ERROR errorhandler.py:105: Property: Invalid value for "CSS Level 2.1" property: 241, 235, 235 [6:5: color]
2024-12-27 13:25:32 ERROR errorhandler.py:105: Property: Invalid value for "CSS Fonts Module Level 3 @font-face properties/CSS Level 2.1" property: regular [7:5: font-weight]
2024-12-27 13:25:32 INFO bar_manager.py:46: Successfully loaded updated stylesheet and applied to all bars.
2024-12-27 13:25:32 ERROR errorhandler.py:105: Property: Invalid value for "CSS Level 2.1" property: 241, 235, 235 [6:5: color]
2024-12-27 13:25:32 ERROR errorhandler.py:105: Property: Invalid value for "CSS Fonts Module Level 3 @font-face properties/CSS Level 2.1" property: regular [7:5: font-weight]
2024-12-27 13:25:32 ERROR errorhandler.py:105: Property: Invalid value for "CSS Level 2.1" property: 241, 235, 235 [6:5: color]
2024-12-27 13:25:32 ERROR errorhandler.py:105: Property: Invalid value for "CSS Fonts Module Level 3 @font-face properties/CSS Level 2.1" property: regular [7:5: font-weight]
2024-12-27 13:25:52 ERROR errorhandler.py:105: Property: Invalid value for "CSS Level 2.1" property: 241, 235, 235 [6:5: color]
2024-12-27 13:25:52 ERROR errorhandler.py:105: Property: Invalid value for "CSS Fonts Module Level 3 @font-face properties/CSS Level 2.1" property: regular [7:5: font-weight]
2024-12-27 13:25:52 INFO bar_manager.py:46: Successfully loaded updated stylesheet and applied to all bars.
2024-12-27 13:25:52 ERROR errorhandler.py:105: Property: Invalid value for "CSS Level 2.1" property: 241, 235, 235 [6:5: color]
2024-12-27 13:25:52 ERROR errorhandler.py:105: Property: Invalid value for "CSS Fonts Module Level 3 @font-face properties/CSS Level 2.1" property: regular [7:5: font-weight]
2024-12-27 13:25:52 ERROR errorhandler.py:105: Property: Invalid value for "CSS Level 2.1" property: 241, 235, 235 [6:5: color]
2024-12-27 13:25:52 ERROR errorhandler.py:105: Property: Invalid value for "CSS Fonts Module Level 3 @font-face properties/CSS Level 2.1" property: regular [7:5: font-weight]
2024-12-27 13:26:35 ERROR errorhandler.py:105: Property: Invalid value for "CSS Level 2.1" property: 241, 235, 235 [6:5: color]
2024-12-27 13:26:35 ERROR errorhandler.py:105: Property: Invalid value for "CSS Fonts Module Level 3 @font-face properties/CSS Level 2.1" property: regular [7:5: font-weight]
2024-12-27 13:26:35 INFO bar_manager.py:46: Successfully loaded updated stylesheet and applied to all bars.
2024-12-27 13:26:35 ERROR errorhandler.py:105: Property: Invalid value for "CSS Level 2.1" property: 241, 235, 235 [6:5: color]
2024-12-27 13:26:35 ERROR errorhandler.py:105: Property: Invalid value for "CSS Fonts Module Level 3 @font-face properties/CSS Level 2.1" property: regular [7:5: font-weight]
2024-12-27 13:26:35 ERROR errorhandler.py:105: Property: Invalid value for "CSS Level 2.1" property: 241, 235, 235 [6:5: color]
2024-12-27 13:26:35 ERROR errorhandler.py:105: Property: Invalid value for "CSS Fonts Module Level 3 @font-face properties/CSS Level 2.1" property: regular [7:5: font-weight]
2024-12-27 13:26:46 ERROR errorhandler.py:105: Property: Invalid value for "CSS Level 2.1" property: 241, 235, 235 [6:5: color]
2024-12-27 13:26:46 ERROR errorhandler.py:105: Property: Invalid value for "CSS Fonts Module Level 3 @font-face properties/CSS Level 2.1" property: regular [7:5: font-weight]
2024-12-27 13:26:46 INFO bar_manager.py:46: Successfully loaded updated stylesheet and applied to all bars.
2024-12-27 13:26:46 ERROR errorhandler.py:105: Property: Invalid value for "CSS Level 2.1" property: 241, 235, 235 [6:5: color]
2024-12-27 13:26:46 ERROR errorhandler.py:105: Property: Invalid value for "CSS Fonts Module Level 3 @font-face properties/CSS Level 2.1" property: regular [7:5: font-weight]
2024-12-27 13:26:46 ERROR errorhandler.py:105: Property: Invalid value for "CSS Level 2.1" property: 241, 235, 235 [6:5: color]
2024-12-27 13:26:46 ERROR errorhandler.py:105: Property: Invalid value for "CSS Fonts Module Level 3 @font-face properties/CSS Level 2.1" property: regular [7:5: font-weight]
2024-12-27 13:26:56 ERROR errorhandler.py:105: Property: Invalid value for "CSS Level 2.1" property: 241, 235, 235 [6:5: color]
2024-12-27 13:26:56 ERROR errorhandler.py:105: Property: Invalid value for "CSS Fonts Module Level 3 @font-face properties/CSS Level 2.1" property: regular [7:5: font-weight]
2024-12-27 13:26:56 INFO bar_manager.py:46: Successfully loaded updated stylesheet and applied to all bars.
2024-12-27 13:26:56 ERROR errorhandler.py:105: Property: Invalid value for "CSS Level 2.1" property: 241, 235, 235 [6:5: color]
2024-12-27 13:26:56 ERROR errorhandler.py:105: Property: Invalid value for "CSS Fonts Module Level 3 @font-face properties/CSS Level 2.1" property: regular [7:5: font-weight]
2024-12-27 13:26:56 ERROR errorhandler.py:105: Property: Invalid value for "CSS Level 2.1" property: 241, 235, 235 [6:5: color]
2024-12-27 13:26:56 ERROR errorhandler.py:105: Property: Invalid value for "CSS Fonts Module Level 3 @font-face properties/CSS Level 2.1" property: regular [7:5: font-weight]
2024-12-27 13:27:00 ERROR errorhandler.py:105: Property: Invalid value for "CSS Level 2.1" property: 241, 235, 235 [6:5: color]
2024-12-27 13:27:00 ERROR errorhandler.py:105: Property: Invalid value for "CSS Fonts Module Level 3 @font-face properties/CSS Level 2.1" property: regular [7:5: font-weight]
2024-12-27 13:27:00 INFO bar_manager.py:46: Successfully loaded updated stylesheet and applied to all bars.
2024-12-27 13:27:00 ERROR errorhandler.py:105: Property: Invalid value for "CSS Level 2.1" property: 241, 235, 235 [6:5: color]
2024-12-27 13:27:00 ERROR errorhandler.py:105: Property: Invalid value for "CSS Fonts Module Level 3 @font-face properties/CSS Level 2.1" property: regular [7:5: font-weight]
2024-12-27 13:27:00 ERROR errorhandler.py:105: Property: Invalid value for "CSS Level 2.1" property: 241, 235, 235 [6:5: color]
2024-12-27 13:27:00 ERROR errorhandler.py:105: Property: Invalid value for "CSS Fonts Module Level 3 @font-face properties/CSS Level 2.1" property: regular [7:5: font-weight]
2024-12-27 13:27:04 ERROR errorhandler.py:105: Property: Invalid value for "CSS Level 2.1" property: 241, 235, 235 [6:5: color]
2024-12-27 13:27:04 ERROR errorhandler.py:105: Property: Invalid value for "CSS Fonts Module Level 3 @font-face properties/CSS Level 2.1" property: regular [7:5: font-weight]
2024-12-27 13:27:04 INFO bar_manager.py:46: Successfully loaded updated stylesheet and applied to all bars.
2024-12-27 13:27:04 ERROR errorhandler.py:105: Property: Invalid value for "CSS Level 2.1" property: 241, 235, 235 [6:5: color]
2024-12-27 13:27:04 ERROR errorhandler.py:105: Property: Invalid value for "CSS Fonts Module Level 3 @font-face properties/CSS Level 2.1" property: regular [7:5: font-weight]
2024-12-27 13:27:04 ERROR errorhandler.py:105: Property: Invalid value for "CSS Level 2.1" property: 241, 235, 235 [6:5: color]
2024-12-27 13:27:04 ERROR errorhandler.py:105: Property: Invalid value for "CSS Fonts Module Level 3 @font-face properties/CSS Level 2.1" property: regular [7:5: font-weight]
2024-12-27 13:27:11 ERROR errorhandler.py:105: Property: Invalid value for "CSS Level 2.1" property: 241, 235, 235 [6:5: color]
2024-12-27 13:27:11 ERROR errorhandler.py:105: Property: Invalid value for "CSS Fonts Module Level 3 @font-face properties/CSS Level 2.1" property: regular [7:5: font-weight]
2024-12-27 13:27:11 INFO bar_manager.py:46: Successfully loaded updated stylesheet and applied to all bars.
2024-12-27 13:27:11 ERROR errorhandler.py:105: Property: Invalid value for "CSS Level 2.1" property: 241, 235, 235 [6:5: color]
2024-12-27 13:27:11 ERROR errorhandler.py:105: Property: Invalid value for "CSS Fonts Module Level 3 @font-face properties/CSS Level 2.1" property: regular [7:5: font-weight]
2024-12-27 13:27:11 ERROR errorhandler.py:105: Property: Invalid value for "CSS Level 2.1" property: 241, 235, 235 [6:5: color]
2024-12-27 13:27:11 ERROR errorhandler.py:105: Property: Invalid value for "CSS Fonts Module Level 3 @font-face properties/CSS Level 2.1" property: regular [7:5: font-weight]
2024-12-27 13:27:14 ERROR errorhandler.py:105: Property: Invalid value for "CSS Level 2.1" property: 241, 235, 235 [6:5: color]
2024-12-27 13:27:14 ERROR errorhandler.py:105: Property: Invalid value for "CSS Fonts Module Level 3 @font-face properties/CSS Level 2.1" property: regular [7:5: font-weight]
2024-12-27 13:27:14 ERROR errorhandler.py:105: Property: Invalid value for "CSS Level 2.1" property: 241, 235, 235 [6:5: color]
2024-12-27 13:27:14 ERROR errorhandler.py:105: Property: Invalid value for "CSS Fonts Module Level 3 @font-face properties/CSS Level 2.1" property: regular [7:5: font-weight]
2024-12-27 13:27:14 ERROR errorhandler.py:105: Property: Invalid value for "CSS Level 2.1" property: 241, 235, 235 [6:5: color]
2024-12-27 13:27:14 ERROR errorhandler.py:105: Property: Invalid value for "CSS Fonts Module Level 3 @font-face properties/CSS Level 2.1" property: regular [7:5: font-weight]
2024-12-27 13:27:18 ERROR errorhandler.py:105: Property: Invalid value for "CSS Level 2.1" property: 241, 235, 235 [6:5: color]
2024-12-27 13:27:18 ERROR errorhandler.py:105: Property: Invalid value for "CSS Fonts Module Level 3 @font-face properties/CSS Level 2.1" property: regular [7:5: font-weight]
2024-12-27 13:27:18 INFO bar_manager.py:46: Successfully loaded updated stylesheet and applied to all bars.
2024-12-27 13:27:18 ERROR errorhandler.py:105: Property: Invalid value for "CSS Level 2.1" property: 241, 235, 235 [6:5: color]
2024-12-27 13:27:18 ERROR errorhandler.py:105: Property: Invalid value for "CSS Fonts Module Level 3 @font-face properties/CSS Level 2.1" property: regular [7:5: font-weight]
2024-12-27 13:27:18 ERROR errorhandler.py:105: Property: Invalid value for "CSS Level 2.1" property: 241, 235, 235 [6:5: color]
2024-12-27 13:27:18 ERROR errorhandler.py:105: Property: Invalid value for "CSS Fonts Module Level 3 @font-face properties/CSS Level 2.1" property: regular [7:5: font-weight]
2024-12-27 13:27:22 ERROR errorhandler.py:105: Property: Invalid value for "CSS Level 2.1" property: 241, 235, 235 [6:5: color]
2024-12-27 13:27:22 ERROR errorhandler.py:105: Property: Invalid value for "CSS Fonts Module Level 3 @font-face properties/CSS Level 2.1" property: regular [7:5: font-weight]
2024-12-27 13:27:22 ERROR errorhandler.py:105: Property: Invalid value for "CSS Level 2.1" property: px 0 0 0 [46:5: margin]
2024-12-27 13:27:22 INFO bar_manager.py:46: Successfully loaded updated stylesheet and applied to all bars.
2024-12-27 13:27:22 ERROR errorhandler.py:105: Property: Invalid value for "CSS Level 2.1" property: 241, 235, 235 [6:5: color]
2024-12-27 13:27:22 ERROR errorhandler.py:105: Property: Invalid value for "CSS Fonts Module Level 3 @font-face properties/CSS Level 2.1" property: regular [7:5: font-weight]
2024-12-27 13:27:22 ERROR errorhandler.py:105: Property: Invalid value for "CSS Level 2.1" property: px 0 0 0 [46:5: margin]
2024-12-27 13:27:22 ERROR errorhandler.py:105: Property: Invalid value for "CSS Level 2.1" property: 241, 235, 235 [6:5: color]
2024-12-27 13:27:22 ERROR errorhandler.py:105: Property: Invalid value for "CSS Fonts Module Level 3 @font-face properties/CSS Level 2.1" property: regular [7:5: font-weight]
2024-12-27 13:27:22 ERROR errorhandler.py:105: Property: Invalid value for "CSS Level 2.1" property: px 0 0 0 [46:5: margin]
2024-12-27 13:27:31 ERROR errorhandler.py:105: Property: Invalid value for "CSS Level 2.1" property: 241, 235, 235 [6:5: color]
2024-12-27 13:27:31 ERROR errorhandler.py:105: Property: Invalid value for "CSS Fonts Module Level 3 @font-face properties/CSS Level 2.1" property: regular [7:5: font-weight]
2024-12-27 13:27:31 INFO bar_manager.py:46: Successfully loaded updated stylesheet and applied to all bars.
2024-12-27 13:27:31 ERROR errorhandler.py:105: Property: Invalid value for "CSS Level 2.1" property: 241, 235, 235 [6:5: color]
2024-12-27 13:27:31 ERROR errorhandler.py:105: Property: Invalid value for "CSS Fonts Module Level 3 @font-face properties/CSS Level 2.1" property: regular [7:5: font-weight]
2024-12-27 13:27:31 ERROR errorhandler.py:105: Property: Invalid value for "CSS Level 2.1" property: 241, 235, 235 [6:5: color]
2024-12-27 13:27:31 ERROR errorhandler.py:105: Property: Invalid value for "CSS Fonts Module Level 3 @font-face properties/CSS Level 2.1" property: regular [7:5: font-weight]
2024-12-27 13:27:45 ERROR errorhandler.py:105: Property: Invalid value for "CSS Level 2.1" property: 241, 235, 235 [6:5: color]
2024-12-27 13:27:45 ERROR errorhandler.py:105: Property: Invalid value for "CSS Fonts Module Level 3 @font-face properties/CSS Level 2.1" property: regular [7:5: font-weight]
2024-12-27 13:27:45 INFO bar_manager.py:46: Successfully loaded updated stylesheet and applied to all bars.
2024-12-27 13:27:45 ERROR errorhandler.py:105: Property: Invalid value for "CSS Level 2.1" property: 241, 235, 235 [6:5: color]
2024-12-27 13:27:45 ERROR errorhandler.py:105: Property: Invalid value for "CSS Fonts Module Level 3 @font-face properties/CSS Level 2.1" property: regular [7:5: font-weight]
2024-12-27 13:27:45 ERROR errorhandler.py:105: Property: Invalid value for "CSS Level 2.1" property: 241, 235, 235 [6:5: color]
2024-12-27 13:27:45 ERROR errorhandler.py:105: Property: Invalid value for "CSS Fonts Module Level 3 @font-face properties/CSS Level 2.1" property: regular [7:5: font-weight]
2024-12-27 13:28:09 ERROR errorhandler.py:105: Property: Invalid value for "CSS Level 2.1" property: 241, 235, 235 [6:5: color]
2024-12-27 13:28:09 ERROR errorhandler.py:105: Property: Invalid value for "CSS Fonts Module Level 3 @font-face properties/CSS Level 2.1" property: regular [7:5: font-weight]
2024-12-27 13:28:09 INFO bar_manager.py:46: Successfully loaded updated stylesheet and applied to all bars.
2024-12-27 13:28:09 ERROR errorhandler.py:105: Property: Invalid value for "CSS Level 2.1" property: 241, 235, 235 [6:5: color]
2024-12-27 13:28:09 ERROR errorhandler.py:105: Property: Invalid value for "CSS Fonts Module Level 3 @font-face properties/CSS Level 2.1" property: regular [7:5: font-weight]
2024-12-27 13:28:09 ERROR errorhandler.py:105: Property: Invalid value for "CSS Level 2.1" property: 241, 235, 235 [6:5: color]
2024-12-27 13:28:09 ERROR errorhandler.py:105: Property: Invalid value for "CSS Fonts Module Level 3 @font-face properties/CSS Level 2.1" property: regular [7:5: font-weight]
2024-12-27 13:28:12 ERROR errorhandler.py:105: Property: Invalid value for "CSS Level 2.1" property: 241, 235, 235 [6:5: color]
2024-12-27 13:28:12 ERROR errorhandler.py:105: Property: Invalid value for "CSS Fonts Module Level 3 @font-face properties/CSS Level 2.1" property: regular [7:5: font-weight]
2024-12-27 13:28:12 INFO bar_manager.py:46: Successfully loaded updated stylesheet and applied to all bars.
2024-12-27 13:28:12 ERROR errorhandler.py:105: Property: Invalid value for "CSS Level 2.1" property: 241, 235, 235 [6:5: color]
2024-12-27 13:28:12 ERROR errorhandler.py:105: Property: Invalid value for "CSS Fonts Module Level 3 @font-face properties/CSS Level 2.1" property: regular [7:5: font-weight]
2024-12-27 13:28:17 ERROR errorhandler.py:105: Property: Invalid value for "CSS Level 2.1" property: 241, 235, 235 [6:5: color]
2024-12-27 13:28:17 ERROR errorhandler.py:105: Property: Invalid value for "CSS Fonts Module Level 3 @font-face properties/CSS Level 2.1" property: regular [7:5: font-weight]
2024-12-27 13:28:17 INFO bar_manager.py:46: Successfully loaded updated stylesheet and applied to all bars.
2024-12-27 13:28:17 ERROR errorhandler.py:105: Property: Invalid value for "CSS Level 2.1" property: 241, 235, 235 [6:5: color]
2024-12-27 13:28:17 ERROR errorhandler.py:105: Property: Invalid value for "CSS Fonts Module Level 3 @font-face properties/CSS Level 2.1" property: regular [7:5: font-weight]
2024-12-27 13:28:17 ERROR errorhandler.py:105: Property: Invalid value for "CSS Level 2.1" property: 241, 235, 235 [6:5: color]
2024-12-27 13:28:17 ERROR errorhandler.py:105: Property: Invalid value for "CSS Fonts Module Level 3 @font-face properties/CSS Level 2.1" property: regular [7:5: font-weight]
2024-12-27 13:28:27 ERROR errorhandler.py:105: Property: Invalid value for "CSS Level 2.1" property: 241, 235, 235 [6:5: color]
2024-12-27 13:28:27 ERROR errorhandler.py:105: Property: Invalid value for "CSS Fonts Module Level 3 @font-face properties/CSS Level 2.1" property: regular [7:5: font-weight]
2024-12-27 13:28:27 INFO errorhandler.py:105: CSSStyleDeclaration: Stripped standalone semicolon: ;
2024-12-27 13:28:27 INFO bar_manager.py:46: Successfully loaded updated stylesheet and applied to all bars.
2024-12-27 13:28:27 ERROR errorhandler.py:105: Property: Invalid value for "CSS Level 2.1" property: 241, 235, 235 [6:5: color]
2024-12-27 13:28:27 ERROR errorhandler.py:105: Property: Invalid value for "CSS Fonts Module Level 3 @font-face properties/CSS Level 2.1" property: regular [7:5: font-weight]
2024-12-27 13:28:27 INFO errorhandler.py:105: CSSStyleDeclaration: Stripped standalone semicolon: ;
2024-12-27 13:28:27 ERROR errorhandler.py:105: Property: Invalid value for "CSS Level 2.1" property: 241, 235, 235 [6:5: color]
2024-12-27 13:28:27 ERROR errorhandler.py:105: Property: Invalid value for "CSS Fonts Module Level 3 @font-face properties/CSS Level 2.1" property: regular [7:5: font-weight]
2024-12-27 13:28:27 INFO errorhandler.py:105: CSSStyleDeclaration: Stripped standalone semicolon: ;
2024-12-27 13:28:34 ERROR errorhandler.py:105: Property: Invalid value for "CSS Level 2.1" property: 241, 235, 235 [6:5: color]
2024-12-27 13:28:34 ERROR errorhandler.py:105: Property: Invalid value for "CSS Fonts Module Level 3 @font-face properties/CSS Level 2.1" property: regular [7:5: font-weight]
2024-12-27 13:28:34 INFO bar_manager.py:46: Successfully loaded updated stylesheet and applied to all bars.
2024-12-27 13:28:34 ERROR errorhandler.py:105: Property: Invalid value for "CSS Level 2.1" property: 241, 235, 235 [6:5: color]
2024-12-27 13:28:34 ERROR errorhandler.py:105: Property: Invalid value for "CSS Fonts Module Level 3 @font-face properties/CSS Level 2.1" property: regular [7:5: font-weight]
2024-12-27 13:28:34 ERROR errorhandler.py:105: Property: Invalid value for "CSS Level 2.1" property: 241, 235, 235 [6:5: color]
2024-12-27 13:28:34 ERROR errorhandler.py:105: Property: Invalid value for "CSS Fonts Module Level 3 @font-face properties/CSS Level 2.1" property: regular [7:5: font-weight]
2024-12-27 13:28:45 ERROR errorhandler.py:105: Property: Invalid value for "CSS Level 2.1" property: 241, 235, 235 [6:5: color]
2024-12-27 13:28:45 ERROR errorhandler.py:105: Property: Invalid value for "CSS Fonts Module Level 3 @font-face properties/CSS Level 2.1" property: regular [7:5: font-weight]
2024-12-27 13:28:45 INFO bar_manager.py:46: Successfully loaded updated stylesheet and applied to all bars.
2024-12-27 13:28:45 ERROR errorhandler.py:105: Property: Invalid value for "CSS Level 2.1" property: 241, 235, 235 [6:5: color]
2024-12-27 13:28:45 ERROR errorhandler.py:105: Property: Invalid value for "CSS Fonts Module Level 3 @font-face properties/CSS Level 2.1" property: regular [7:5: font-weight]
2024-12-27 13:28:45 ERROR errorhandler.py:105: Property: Invalid value for "CSS Level 2.1" property: 241, 235, 235 [6:5: color]
2024-12-27 13:28:45 ERROR errorhandler.py:105: Property: Invalid value for "CSS Fonts Module Level 3 @font-face properties/CSS Level 2.1" property: regular [7:5: font-weight]
2024-12-27 13:28:55 ERROR errorhandler.py:105: Property: Invalid value for "CSS Level 2.1" property: 241, 235, 235 [6:5: color]
2024-12-27 13:28:55 ERROR errorhandler.py:105: Property: Invalid value for "CSS Fonts Module Level 3 @font-face properties/CSS Level 2.1" property: regular [7:5: font-weight]
2024-12-27 13:28:55 INFO bar_manager.py:46: Successfully loaded updated stylesheet and applied to all bars.
2024-12-27 13:28:55 ERROR errorhandler.py:105: Property: Invalid value for "CSS Level 2.1" property: 241, 235, 235 [6:5: color]
2024-12-27 13:28:55 ERROR errorhandler.py:105: Property: Invalid value for "CSS Fonts Module Level 3 @font-face properties/CSS Level 2.1" property: regular [7:5: font-weight]
2024-12-27 13:28:55 ERROR errorhandler.py:105: Property: Invalid value for "CSS Level 2.1" property: 241, 235, 235 [6:5: color]
2024-12-27 13:28:55 ERROR errorhandler.py:105: Property: Invalid value for "CSS Fonts Module Level 3 @font-face properties/CSS Level 2.1" property: regular [7:5: font-weight]
2024-12-27 13:28:56 ERROR errorhandler.py:105: Property: Invalid value for "CSS Level 2.1" property: 241, 235, 235 [6:5: color]
2024-12-27 13:28:56 ERROR errorhandler.py:105: Property: Invalid value for "CSS Fonts Module Level 3 @font-face properties/CSS Level 2.1" property: regular [7:5: font-weight]
2024-12-27 13:28:56 ERROR errorhandler.py:105: Property: Invalid value for "CSS Level 2.1" property: 241, 235, 235 [6:5: color]
2024-12-27 13:28:56 ERROR errorhandler.py:105: Property: Invalid value for "CSS Fonts Module Level 3 @font-face properties/CSS Level 2.1" property: regular [7:5: font-weight]
2024-12-27 13:28:56 ERROR errorhandler.py:105: Property: Invalid value for "CSS Level 2.1" property: 241, 235, 235 [6:5: color]
2024-12-27 13:28:56 ERROR errorhandler.py:105: Property: Invalid value for "CSS Fonts Module Level 3 @font-face properties/CSS Level 2.1" property: regular [7:5: font-weight]
2024-12-27 13:29:00 ERROR errorhandler.py:105: Property: Invalid value for "CSS Level 2.1" property: 241, 235, 235 [6:5: color]
2024-12-27 13:29:00 ERROR errorhandler.py:105: Property: Invalid value for "CSS Fonts Module Level 3 @font-face properties/CSS Level 2.1" property: regular [7:5: font-weight]
2024-12-27 13:29:00 INFO bar_manager.py:46: Successfully loaded updated stylesheet and applied to all bars.
2024-12-27 13:29:00 ERROR errorhandler.py:105: Property: Invalid value for "CSS Level 2.1" property: 241, 235, 235 [6:5: color]
2024-12-27 13:29:00 ERROR errorhandler.py:105: Property: Invalid value for "CSS Fonts Module Level 3 @font-face properties/CSS Level 2.1" property: regular [7:5: font-weight]
2024-12-27 13:29:00 ERROR errorhandler.py:105: Property: Invalid value for "CSS Level 2.1" property: 241, 235, 235 [6:5: color]
2024-12-27 13:29:00 ERROR errorhandler.py:105: Property: Invalid value for "CSS Fonts Module Level 3 @font-face properties/CSS Level 2.1" property: regular [7:5: font-weight]
2024-12-27 13:29:01 ERROR errorhandler.py:105: Property: Invalid value for "CSS Level 2.1" property: 241, 235, 235 [6:5: color]
2024-12-27 13:29:01 ERROR errorhandler.py:105: Property: Invalid value for "CSS Fonts Module Level 3 @font-face properties/CSS Level 2.1" property: regular [7:5: font-weight]
2024-12-27 13:29:01 ERROR errorhandler.py:105: Property: Invalid value for "CSS Level 2.1" property: 241, 235, 235 [6:5: color]
2024-12-27 13:29:01 ERROR errorhandler.py:105: Property: Invalid value for "CSS Fonts Module Level 3 @font-face properties/CSS Level 2.1" property: regular [7:5: font-weight]
2024-12-27 13:29:01 ERROR errorhandler.py:105: Property: Invalid value for "CSS Level 2.1" property: 241, 235, 235 [6:5: color]
2024-12-27 13:29:01 ERROR errorhandler.py:105: Property: Invalid value for "CSS Fonts Module Level 3 @font-face properties/CSS Level 2.1" property: regular [7:5: font-weight]
2024-12-27 13:29:06 ERROR errorhandler.py:105: Property: Invalid value for "CSS Level 2.1" property: 241, 235, 235 [6:5: color]
2024-12-27 13:29:06 ERROR errorhandler.py:105: Property: Invalid value for "CSS Fonts Module Level 3 @font-face properties/CSS Level 2.1" property: regular [7:5: font-weight]
2024-12-27 13:29:06 INFO bar_manager.py:46: Successfully loaded updated stylesheet and applied to all bars.
2024-12-27 13:29:06 ERROR errorhandler.py:105: Property: Invalid value for "CSS Level 2.1" property: 241, 235, 235 [6:5: color]
2024-12-27 13:29:06 ERROR errorhandler.py:105: Property: Invalid value for "CSS Fonts Module Level 3 @font-face properties/CSS Level 2.1" property: regular [7:5: font-weight]
2024-12-27 13:29:06 ERROR errorhandler.py:105: Property: Invalid value for "CSS Level 2.1" property: 241, 235, 235 [6:5: color]
2024-12-27 13:29:06 ERROR errorhandler.py:105: Property: Invalid value for "CSS Fonts Module Level 3 @font-face properties/CSS Level 2.1" property: regular [7:5: font-weight]
2024-12-27 13:29:09 ERROR errorhandler.py:105: Property: Invalid value for "CSS Level 2.1" property: 241, 235, 235 [6:5: color]
2024-12-27 13:29:09 ERROR errorhandler.py:105: Property: Invalid value for "CSS Fonts Module Level 3 @font-face properties/CSS Level 2.1" property: regular [7:5: font-weight]
2024-12-27 13:29:09 ERROR errorhandler.py:105: Property: Invalid value for "CSS Level 2.1" property: 241, 235, 235 [6:5: color]
2024-12-27 13:29:09 ERROR errorhandler.py:105: Property: Invalid value for "CSS Fonts Module Level 3 @font-face properties/CSS Level 2.1" property: regular [7:5: font-weight]
2024-12-27 13:29:09 ERROR errorhandler.py:105: Property: Invalid value for "CSS Level 2.1" property: 241, 235, 235 [6:5: color]
2024-12-27 13:29:09 ERROR errorhandler.py:105: Property: Invalid value for "CSS Fonts Module Level 3 @font-face properties/CSS Level 2.1" property: regular [7:5: font-weight]
2024-12-27 13:29:13 ERROR errorhandler.py:105: Property: Invalid value for "CSS Level 2.1" property: 241, 235, 235 [6:5: color]
2024-12-27 13:29:13 ERROR errorhandler.py:105: Property: Invalid value for "CSS Fonts Module Level 3 @font-face properties/CSS Level 2.1" property: regular [7:5: font-weight]
2024-12-27 13:29:13 INFO bar_manager.py:46: Successfully loaded updated stylesheet and applied to all bars.
2024-12-27 13:29:13 ERROR errorhandler.py:105: Property: Invalid value for "CSS Level 2.1" property: 241, 235, 235 [6:5: color]
2024-12-27 13:29:13 ERROR errorhandler.py:105: Property: Invalid value for "CSS Fonts Module Level 3 @font-face properties/CSS Level 2.1" property: regular [7:5: font-weight]
2024-12-27 13:29:13 ERROR errorhandler.py:105: Property: Invalid value for "CSS Level 2.1" property: 241, 235, 235 [6:5: color]
2024-12-27 13:29:13 ERROR errorhandler.py:105: Property: Invalid value for "CSS Fonts Module Level 3 @font-face properties/CSS Level 2.1" property: regular [7:5: font-weight]
2024-12-27 13:29:16 ERROR errorhandler.py:105: Property: Invalid value for "CSS Level 2.1" property: 241, 235, 235 [6:5: color]
2024-12-27 13:29:16 ERROR errorhandler.py:105: Property: Invalid value for "CSS Fonts Module Level 3 @font-face properties/CSS Level 2.1" property: regular [7:5: font-weight]
2024-12-27 13:29:16 INFO bar_manager.py:46: Successfully loaded updated stylesheet and applied to all bars.
2024-12-27 13:29:16 ERROR errorhandler.py:105: Property: Invalid value for "CSS Level 2.1" property: 241, 235, 235 [6:5: color]
2024-12-27 13:29:16 ERROR errorhandler.py:105: Property: Invalid value for "CSS Fonts Module Level 3 @font-face properties/CSS Level 2.1" property: regular [7:5: font-weight]
2024-12-27 13:29:16 ERROR errorhandler.py:105: Property: Invalid value for "CSS Level 2.1" property: 241, 235, 235 [6:5: color]
2024-12-27 13:29:16 ERROR errorhandler.py:105: Property: Invalid value for "CSS Fonts Module Level 3 @font-face properties/CSS Level 2.1" property: regular [7:5: font-weight]
2024-12-27 13:29:18 ERROR errorhandler.py:105: Property: Invalid value for "CSS Level 2.1" property: 241, 235, 235 [6:5: color]
2024-12-27 13:29:18 ERROR errorhandler.py:105: Property: Invalid value for "CSS Fonts Module Level 3 @font-face properties/CSS Level 2.1" property: regular [7:5: font-weight]
2024-12-27 13:29:18 INFO bar_manager.py:46: Successfully loaded updated stylesheet and applied to all bars.
2024-12-27 13:29:18 ERROR errorhandler.py:105: Property: Invalid value for "CSS Level 2.1" property: 241, 235, 235 [6:5: color]
2024-12-27 13:29:18 ERROR errorhandler.py:105: Property: Invalid value for "CSS Fonts Module Level 3 @font-face properties/CSS Level 2.1" property: regular [7:5: font-weight]
2024-12-27 13:29:18 ERROR errorhandler.py:105: Property: Invalid value for "CSS Level 2.1" property: 241, 235, 235 [6:5: color]
2024-12-27 13:29:18 ERROR errorhandler.py:105: Property: Invalid value for "CSS Fonts Module Level 3 @font-face properties/CSS Level 2.1" property: regular [7:5: font-weight]
2024-12-27 13:29:21 ERROR errorhandler.py:105: Property: Invalid value for "CSS Level 2.1" property: 241, 235, 235 [6:5: color]
2024-12-27 13:29:21 ERROR errorhandler.py:105: Property: Invalid value for "CSS Fonts Module Level 3 @font-face properties/CSS Level 2.1" property: regular [7:5: font-weight]
2024-12-27 13:29:22 INFO bar_manager.py:46: Successfully loaded updated stylesheet and applied to all bars.
2024-12-27 13:29:22 ERROR errorhandler.py:105: Property: Invalid value for "CSS Level 2.1" property: 241, 235, 235 [6:5: color]
2024-12-27 13:29:22 ERROR errorhandler.py:105: Property: Invalid value for "CSS Fonts Module Level 3 @font-face properties/CSS Level 2.1" property: regular [7:5: font-weight]
2024-12-27 13:29:22 ERROR errorhandler.py:105: Property: Invalid value for "CSS Level 2.1" property: 241, 235, 235 [6:5: color]
2024-12-27 13:29:22 ERROR errorhandler.py:105: Property: Invalid value for "CSS Fonts Module Level 3 @font-face properties/CSS Level 2.1" property: regular [7:5: font-weight]
2024-12-27 13:29:25 ERROR errorhandler.py:105: Property: Invalid value for "CSS Level 2.1" property: 241, 235, 235 [6:5: color]
2024-12-27 13:29:25 ERROR errorhandler.py:105: Property: Invalid value for "CSS Fonts Module Level 3 @font-face properties/CSS Level 2.1" property: regular [7:5: font-weight]
2024-12-27 13:29:26 INFO bar_manager.py:46: Successfully loaded updated stylesheet and applied to all bars.
2024-12-27 13:29:26 ERROR errorhandler.py:105: Property: Invalid value for "CSS Level 2.1" property: 241, 235, 235 [6:5: color]
2024-12-27 13:29:26 ERROR errorhandler.py:105: Property: Invalid value for "CSS Fonts Module Level 3 @font-face properties/CSS Level 2.1" property: regular [7:5: font-weight]
2024-12-27 13:29:26 ERROR errorhandler.py:105: Property: Invalid value for "CSS Level 2.1" property: 241, 235, 235 [6:5: color]
2024-12-27 13:29:26 ERROR errorhandler.py:105: Property: Invalid value for "CSS Fonts Module Level 3 @font-face properties/CSS Level 2.1" property: regular [7:5: font-weight]
2024-12-27 13:29:29 ERROR errorhandler.py:105: Property: Invalid value for "CSS Level 2.1" property: 241, 235, 235 [6:5: color]
2024-12-27 13:29:29 ERROR errorhandler.py:105: Property: Invalid value for "CSS Fonts Module Level 3 @font-face properties/CSS Level 2.1" property: regular [7:5: font-weight]
2024-12-27 13:29:29 INFO bar_manager.py:46: Successfully loaded updated stylesheet and applied to all bars.
2024-12-27 13:29:29 ERROR errorhandler.py:105: Property: Invalid value for "CSS Level 2.1" property: 241, 235, 235 [6:5: color]
2024-12-27 13:29:29 ERROR errorhandler.py:105: Property: Invalid value for "CSS Fonts Module Level 3 @font-face properties/CSS Level 2.1" property: regular [7:5: font-weight]
2024-12-27 13:29:29 ERROR errorhandler.py:105: Property: Invalid value for "CSS Level 2.1" property: 241, 235, 235 [6:5: color]
2024-12-27 13:29:29 ERROR errorhandler.py:105: Property: Invalid value for "CSS Fonts Module Level 3 @font-face properties/CSS Level 2.1" property: regular [7:5: font-weight]
2024-12-27 13:29:33 ERROR errorhandler.py:105: Property: Invalid value for "CSS Level 2.1" property: 241, 235, 235 [6:5: color]
2024-12-27 13:29:33 ERROR errorhandler.py:105: Property: Invalid value for "CSS Fonts Module Level 3 @font-face properties/CSS Level 2.1" property: regular [7:5: font-weight]
2024-12-27 13:29:33 INFO bar_manager.py:46: Successfully loaded updated stylesheet and applied to all bars.
2024-12-27 13:29:33 ERROR errorhandler.py:105: Property: Invalid value for "CSS Level 2.1" property: 241, 235, 235 [6:5: color]
2024-12-27 13:29:33 ERROR errorhandler.py:105: Property: Invalid value for "CSS Fonts Module Level 3 @font-face properties/CSS Level 2.1" property: regular [7:5: font-weight]
2024-12-27 13:29:33 ERROR errorhandler.py:105: Property: Invalid value for "CSS Level 2.1" property: 241, 235, 235 [6:5: color]
2024-12-27 13:29:33 ERROR errorhandler.py:105: Property: Invalid value for "CSS Fonts Module Level 3 @font-face properties/CSS Level 2.1" property: regular [7:5: font-weight]
2024-12-27 13:29:54 ERROR errorhandler.py:105: Property: Invalid value for "CSS Level 2.1" property: 241, 235, 235 [6:5: color]
2024-12-27 13:29:54 ERROR errorhandler.py:105: Property: Invalid value for "CSS Fonts Module Level 3 @font-face properties/CSS Level 2.1" property: regular [7:5: font-weight]
2024-12-27 13:29:54 INFO bar_manager.py:46: Successfully loaded updated stylesheet and applied to all bars.
2024-12-27 13:29:54 ERROR errorhandler.py:105: Property: Invalid value for "CSS Level 2.1" property: 241, 235, 235 [6:5: color]
2024-12-27 13:29:54 ERROR errorhandler.py:105: Property: Invalid value for "CSS Fonts Module Level 3 @font-face properties/CSS Level 2.1" property: regular [7:5: font-weight]
2024-12-27 13:29:54 ERROR errorhandler.py:105: Property: Invalid value for "CSS Level 2.1" property: 241, 235, 235 [6:5: color]
2024-12-27 13:29:54 ERROR errorhandler.py:105: Property: Invalid value for "CSS Fonts Module Level 3 @font-face properties/CSS Level 2.1" property: regular [7:5: font-weight]
2024-12-27 13:30:04 ERROR errorhandler.py:105: Property: Invalid value for "CSS Level 2.1" property: 241, 235, 235 [6:5: color]
2024-12-27 13:30:04 ERROR errorhandler.py:105: Property: Invalid value for "CSS Fonts Module Level 3 @font-face properties/CSS Level 2.1" property: regular [7:5: font-weight]
2024-12-27 13:30:04 INFO bar_manager.py:46: Successfully loaded updated stylesheet and applied to all bars.
2024-12-27 13:30:04 ERROR errorhandler.py:105: Property: Invalid value for "CSS Level 2.1" property: 241, 235, 235 [6:5: color]
2024-12-27 13:30:04 ERROR errorhandler.py:105: Property: Invalid value for "CSS Fonts Module Level 3 @font-face properties/CSS Level 2.1" property: regular [7:5: font-weight]
2024-12-27 13:30:04 ERROR errorhandler.py:105: Property: Invalid value for "CSS Level 2.1" property: 241, 235, 235 [6:5: color]
2024-12-27 13:30:04 ERROR errorhandler.py:105: Property: Invalid value for "CSS Fonts Module Level 3 @font-face properties/CSS Level 2.1" property: regular [7:5: font-weight]
2024-12-27 13:30:05 ERROR errorhandler.py:105: Property: Invalid value for "CSS Level 2.1" property: 241, 235, 235 [6:5: color]
2024-12-27 13:30:05 ERROR errorhandler.py:105: Property: Invalid value for "CSS Fonts Module Level 3 @font-face properties/CSS Level 2.1" property: regular [7:5: font-weight]
2024-12-27 13:30:05 ERROR errorhandler.py:105: Property: Invalid value for "CSS Level 2.1" property: 241, 235, 235 [6:5: color]
2024-12-27 13:30:05 ERROR errorhandler.py:105: Property: Invalid value for "CSS Fonts Module Level 3 @font-face properties/CSS Level 2.1" property: regular [7:5: font-weight]
2024-12-27 13:30:05 ERROR errorhandler.py:105: Property: Invalid value for "CSS Level 2.1" property: 241, 235, 235 [6:5: color]
2024-12-27 13:30:05 ERROR errorhandler.py:105: Property: Invalid value for "CSS Fonts Module Level 3 @font-face properties/CSS Level 2.1" property: regular [7:5: font-weight]
2024-12-27 13:30:18 ERROR errorhandler.py:105: Property: Invalid value for "CSS Level 2.1" property: 241, 235, 235 [6:5: color]
2024-12-27 13:30:18 ERROR errorhandler.py:105: Property: Invalid value for "CSS Fonts Module Level 3 @font-face properties/CSS Level 2.1" property: regular [7:5: font-weight]
2024-12-27 13:30:18 INFO bar_manager.py:46: Successfully loaded updated stylesheet and applied to all bars.
2024-12-27 13:30:18 ERROR errorhandler.py:105: Property: Invalid value for "CSS Level 2.1" property: 241, 235, 235 [6:5: color]
2024-12-27 13:30:18 ERROR errorhandler.py:105: Property: Invalid value for "CSS Fonts Module Level 3 @font-face properties/CSS Level 2.1" property: regular [7:5: font-weight]
2024-12-27 13:30:18 ERROR errorhandler.py:105: Property: Invalid value for "CSS Level 2.1" property: 241, 235, 235 [6:5: color]
2024-12-27 13:30:18 ERROR errorhandler.py:105: Property: Invalid value for "CSS Fonts Module Level 3 @font-face properties/CSS Level 2.1" property: regular [7:5: font-weight]
2024-12-27 13:30:18 ERROR errorhandler.py:105: Property: Invalid value for "CSS Level 2.1" property: 241, 235, 235 [6:5: color]
2024-12-27 13:30:18 ERROR errorhandler.py:105: Property: Invalid value for "CSS Fonts Module Level 3 @font-face properties/CSS Level 2.1" property: regular [7:5: font-weight]
2024-12-27 13:30:18 ERROR errorhandler.py:105: Property: Invalid value for "CSS Level 2.1" property: 241, 235, 235 [6:5: color]
2024-12-27 13:30:18 ERROR errorhandler.py:105: Property: Invalid value for "CSS Fonts Module Level 3 @font-face properties/CSS Level 2.1" property: regular [7:5: font-weight]
2024-12-27 13:30:19 ERROR errorhandler.py:105: Property: Invalid value for "CSS Level 2.1" property: 241, 235, 235 [6:5: color]
2024-12-27 13:30:19 ERROR errorhandler.py:105: Property: Invalid value for "CSS Fonts Module Level 3 @font-face properties/CSS Level 2.1" property: regular [7:5: font-weight]
2024-12-27 13:30:19 ERROR errorhandler.py:105: Property: Invalid value for "CSS Level 2.1" property: 241, 235, 235 [6:5: color]
2024-12-27 13:30:19 ERROR errorhandler.py:105: Property: Invalid value for "CSS Fonts Module Level 3 @font-face properties/CSS Level 2.1" property: regular [7:5: font-weight]
2024-12-27 13:30:19 ERROR errorhandler.py:105: Property: Invalid value for "CSS Level 2.1" property: 241, 235, 235 [6:5: color]
2024-12-27 13:30:19 ERROR errorhandler.py:105: Property: Invalid value for "CSS Fonts Module Level 3 @font-face properties/CSS Level 2.1" property: regular [7:5: font-weight]
2024-12-27 13:30:22 INFO weather.py:158: Fetched new weather data at 2024-12-27 13:30:22.082168
2024-12-27 13:30:22 INFO weather.py:158: Fetched new weather data at 2024-12-27 13:30:22.824226
2024-12-27 13:30:23 ERROR errorhandler.py:105: Property: Invalid value for "CSS Level 2.1" property: 241, 235, 235 [6:5: color]
2024-12-27 13:30:23 ERROR errorhandler.py:105: Property: Invalid value for "CSS Fonts Module Level 3 @font-face properties/CSS Level 2.1" property: regular [7:5: font-weight]
2024-12-27 13:30:23 INFO bar_manager.py:46: Successfully loaded updated stylesheet and applied to all bars.
2024-12-27 13:30:23 ERROR errorhandler.py:105: Property: Invalid value for "CSS Level 2.1" property: 241, 235, 235 [6:5: color]
2024-12-27 13:30:23 ERROR errorhandler.py:105: Property: Invalid value for "CSS Fonts Module Level 3 @font-face properties/CSS Level 2.1" property: regular [7:5: font-weight]
2024-12-27 13:30:23 ERROR errorhandler.py:105: Property: Invalid value for "CSS Level 2.1" property: 241, 235, 235 [6:5: color]
2024-12-27 13:30:23 ERROR errorhandler.py:105: Property: Invalid value for "CSS Fonts Module Level 3 @font-face properties/CSS Level 2.1" property: regular [7:5: font-weight]
2024-12-27 13:30:32 ERROR errorhandler.py:105: Property: Invalid value for "CSS Level 2.1" property: 241, 235, 235 [6:5: color]
2024-12-27 13:30:32 ERROR errorhandler.py:105: Property: Invalid value for "CSS Fonts Module Level 3 @font-face properties/CSS Level 2.1" property: regular [7:5: font-weight]
2024-12-27 13:30:32 INFO bar_manager.py:46: Successfully loaded updated stylesheet and applied to all bars.
2024-12-27 13:30:32 ERROR errorhandler.py:105: Property: Invalid value for "CSS Level 2.1" property: 241, 235, 235 [6:5: color]
2024-12-27 13:30:32 ERROR errorhandler.py:105: Property: Invalid value for "CSS Fonts Module Level 3 @font-face properties/CSS Level 2.1" property: regular [7:5: font-weight]
2024-12-27 13:30:32 ERROR errorhandler.py:105: Property: Invalid value for "CSS Level 2.1" property: 241, 235, 235 [6:5: color]
2024-12-27 13:30:32 ERROR errorhandler.py:105: Property: Invalid value for "CSS Fonts Module Level 3 @font-face properties/CSS Level 2.1" property: regular [7:5: font-weight]
2024-12-27 13:30:40 ERROR errorhandler.py:105: Property: Invalid value for "CSS Level 2.1" property: 241, 235, 235 [6:5: color]
2024-12-27 13:30:40 ERROR errorhandler.py:105: Property: Invalid value for "CSS Fonts Module Level 3 @font-face properties/CSS Level 2.1" property: regular [7:5: font-weight]
2024-12-27 13:30:40 INFO bar_manager.py:46: Successfully loaded updated stylesheet and applied to all bars.
2024-12-27 13:30:40 ERROR errorhandler.py:105: Property: Invalid value for "CSS Level 2.1" property: 241, 235, 235 [6:5: color]
2024-12-27 13:30:40 ERROR errorhandler.py:105: Property: Invalid value for "CSS Fonts Module Level 3 @font-face properties/CSS Level 2.1" property: regular [7:5: font-weight]
2024-12-27 13:30:40 ERROR errorhandler.py:105: Property: Invalid value for "CSS Level 2.1" property: 241, 235, 235 [6:5: color]
2024-12-27 13:30:40 ERROR errorhandler.py:105: Property: Invalid value for "CSS Fonts Module Level 3 @font-face properties/CSS Level 2.1" property: regular [7:5: font-weight]
2024-12-27 13:30:43 ERROR errorhandler.py:105: Property: Invalid value for "CSS Level 2.1" property: 241, 235, 235 [6:5: color]
2024-12-27 13:30:43 ERROR errorhandler.py:105: Property: Invalid value for "CSS Fonts Module Level 3 @font-face properties/CSS Level 2.1" property: regular [7:5: font-weight]
2024-12-27 13:30:43 INFO bar_manager.py:46: Successfully loaded updated stylesheet and applied to all bars.
2024-12-27 13:30:43 ERROR errorhandler.py:105: Property: Invalid value for "CSS Level 2.1" property: 241, 235, 235 [6:5: color]
2024-12-27 13:30:43 ERROR errorhandler.py:105: Property: Invalid value for "CSS Fonts Module Level 3 @font-face properties/CSS Level 2.1" property: regular [7:5: font-weight]
2024-12-27 13:30:43 ERROR errorhandler.py:105: Property: Invalid value for "CSS Level 2.1" property: 241, 235, 235 [6:5: color]
2024-12-27 13:30:43 ERROR errorhandler.py:105: Property: Invalid value for "CSS Fonts Module Level 3 @font-face properties/CSS Level 2.1" property: regular [7:5: font-weight]
2024-12-27 13:30:43 ERROR errorhandler.py:105: Property: Invalid value for "CSS Level 2.1" property: 241, 235, 235 [6:5: color]
2024-12-27 13:30:43 ERROR errorhandler.py:105: Property: Invalid value for "CSS Fonts Module Level 3 @font-face properties/CSS Level 2.1" property: regular [7:5: font-weight]
2024-12-27 13:30:43 ERROR errorhandler.py:105: Property: Invalid value for "CSS Level 2.1" property: 241, 235, 235 [6:5: color]
2024-12-27 13:30:43 ERROR errorhandler.py:105: Property: Invalid value for "CSS Fonts Module Level 3 @font-face properties/CSS Level 2.1" property: regular [7:5: font-weight]
2024-12-27 13:30:43 ERROR errorhandler.py:105: Property: Invalid value for "CSS Level 2.1" property: 241, 235, 235 [6:5: color]
2024-12-27 13:30:43 ERROR errorhandler.py:105: Property: Invalid value for "CSS Fonts Module Level 3 @font-face properties/CSS Level 2.1" property: regular [7:5: font-weight]
2024-12-27 13:30:46 ERROR errorhandler.py:105: Property: Invalid value for "CSS Level 2.1" property: 241, 235, 235 [6:5: color]
2024-12-27 13:30:46 ERROR errorhandler.py:105: Property: Invalid value for "CSS Fonts Module Level 3 @font-face properties/CSS Level 2.1" property: regular [7:5: font-weight]
2024-12-27 13:30:46 INFO bar_manager.py:46: Successfully loaded updated stylesheet and applied to all bars.
2024-12-27 13:30:46 ERROR errorhandler.py:105: Property: Invalid value for "CSS Level 2.1" property: 241, 235, 235 [6:5: color]
2024-12-27 13:30:46 ERROR errorhandler.py:105: Property: Invalid value for "CSS Fonts Module Level 3 @font-face properties/CSS Level 2.1" property: regular [7:5: font-weight]
2024-12-27 13:30:48 ERROR errorhandler.py:105: Property: Invalid value for "CSS Level 2.1" property: 241, 235, 235 [6:5: color]
2024-12-27 13:30:48 ERROR errorhandler.py:105: Property: Invalid value for "CSS Fonts Module Level 3 @font-face properties/CSS Level 2.1" property: regular [7:5: font-weight]
2024-12-27 13:30:48 INFO bar_manager.py:46: Successfully loaded updated stylesheet and applied to all bars.
2024-12-27 13:30:48 ERROR errorhandler.py:105: Property: Invalid value for "CSS Level 2.1" property: 241, 235, 235 [6:5: color]
2024-12-27 13:30:48 ERROR errorhandler.py:105: Property: Invalid value for "CSS Fonts Module Level 3 @font-face properties/CSS Level 2.1" property: regular [7:5: font-weight]
2024-12-27 13:30:48 ERROR errorhandler.py:105: Property: Invalid value for "CSS Level 2.1" property: 241, 235, 235 [6:5: color]
2024-12-27 13:30:48 ERROR errorhandler.py:105: Property: Invalid value for "CSS Fonts Module Level 3 @font-face properties/CSS Level 2.1" property: regular [7:5: font-weight]
2024-12-27 13:30:50 ERROR errorhandler.py:105: Property: Invalid value for "CSS Level 2.1" property: 241, 235, 235 [6:5: color]
2024-12-27 13:30:50 ERROR errorhandler.py:105: Property: Invalid value for "CSS Fonts Module Level 3 @font-face properties/CSS Level 2.1" property: regular [7:5: font-weight]
2024-12-27 13:30:50 INFO bar_manager.py:46: Successfully loaded updated stylesheet and applied to all bars.
2024-12-27 13:30:50 ERROR errorhandler.py:105: Property: Invalid value for "CSS Level 2.1" property: 241, 235, 235 [6:5: color]
2024-12-27 13:30:50 ERROR errorhandler.py:105: Property: Invalid value for "CSS Fonts Module Level 3 @font-face properties/CSS Level 2.1" property: regular [7:5: font-weight]
2024-12-27 13:30:50 ERROR errorhandler.py:105: Property: Invalid value for "CSS Level 2.1" property: 241, 235, 235 [6:5: color]
2024-12-27 13:30:50 ERROR errorhandler.py:105: Property: Invalid value for "CSS Fonts Module Level 3 @font-face properties/CSS Level 2.1" property: regular [7:5: font-weight]
2024-12-27 13:30:54 ERROR errorhandler.py:105: Property: Invalid value for "CSS Level 2.1" property: 241, 235, 235 [6:5: color]
2024-12-27 13:30:54 ERROR errorhandler.py:105: Property: Invalid value for "CSS Fonts Module Level 3 @font-face properties/CSS Level 2.1" property: regular [7:5: font-weight]
2024-12-27 13:30:54 INFO bar_manager.py:46: Successfully loaded updated stylesheet and applied to all bars.
2024-12-27 13:30:54 ERROR errorhandler.py:105: Property: Invalid value for "CSS Level 2.1" property: 241, 235, 235 [6:5: color]
2024-12-27 13:30:54 ERROR errorhandler.py:105: Property: Invalid value for "CSS Fonts Module Level 3 @font-face properties/CSS Level 2.1" property: regular [7:5: font-weight]
2024-12-27 13:30:54 ERROR errorhandler.py:105: Property: Invalid value for "CSS Level 2.1" property: 241, 235, 235 [6:5: color]
2024-12-27 13:30:54 ERROR errorhandler.py:105: Property: Invalid value for "CSS Fonts Module Level 3 @font-face properties/CSS Level 2.1" property: regular [7:5: font-weight]
2024-12-27 13:31:04 ERROR errorhandler.py:105: Property: Invalid value for "CSS Level 2.1" property: 241, 235, 235 [6:5: color]
2024-12-27 13:31:04 ERROR errorhandler.py:105: Property: Invalid value for "CSS Fonts Module Level 3 @font-face properties/CSS Level 2.1" property: regular [7:5: font-weight]
2024-12-27 13:31:04 INFO bar_manager.py:46: Successfully loaded updated stylesheet and applied to all bars.
2024-12-27 13:31:04 ERROR errorhandler.py:105: Property: Invalid value for "CSS Level 2.1" property: 241, 235, 235 [6:5: color]
2024-12-27 13:31:04 ERROR errorhandler.py:105: Property: Invalid value for "CSS Fonts Module Level 3 @font-face properties/CSS Level 2.1" property: regular [7:5: font-weight]
2024-12-27 13:31:04 ERROR errorhandler.py:105: Property: Invalid value for "CSS Level 2.1" property: 241, 235, 235 [6:5: color]
2024-12-27 13:31:04 ERROR errorhandler.py:105: Property: Invalid value for "CSS Fonts Module Level 3 @font-face properties/CSS Level 2.1" property: regular [7:5: font-weight]
2024-12-27 13:31:09 ERROR errorhandler.py:105: Property: Invalid value for "CSS Level 2.1" property: 241, 235, 235 [6:5: color]
2024-12-27 13:31:09 ERROR errorhandler.py:105: Property: Invalid value for "CSS Fonts Module Level 3 @font-face properties/CSS Level 2.1" property: regular [7:5: font-weight]
2024-12-27 13:31:09 INFO bar_manager.py:46: Successfully loaded updated stylesheet and applied to all bars.
2024-12-27 13:31:09 ERROR errorhandler.py:105: Property: Invalid value for "CSS Level 2.1" property: 241, 235, 235 [6:5: color]
2024-12-27 13:31:09 ERROR errorhandler.py:105: Property: Invalid value for "CSS Fonts Module Level 3 @font-face properties/CSS Level 2.1" property: regular [7:5: font-weight]
2024-12-27 13:31:09 ERROR errorhandler.py:105: Property: Invalid value for "CSS Level 2.1" property: 241, 235, 235 [6:5: color]
2024-12-27 13:31:09 ERROR errorhandler.py:105: Property: Invalid value for "CSS Fonts Module Level 3 @font-face properties/CSS Level 2.1" property: regular [7:5: font-weight]
2024-12-27 13:31:18 ERROR errorhandler.py:105: Property: Invalid value for "CSS Level 2.1" property: 241, 235, 235 [6:5: color]
2024-12-27 13:31:18 ERROR errorhandler.py:105: Property: Invalid value for "CSS Fonts Module Level 3 @font-face properties/CSS Level 2.1" property: regular [7:5: font-weight]
2024-12-27 13:31:18 INFO bar_manager.py:46: Successfully loaded updated stylesheet and applied to all bars.
2024-12-27 13:31:18 ERROR errorhandler.py:105: Property: Invalid value for "CSS Level 2.1" property: 241, 235, 235 [6:5: color]
2024-12-27 13:31:18 ERROR errorhandler.py:105: Property: Invalid value for "CSS Fonts Module Level 3 @font-face properties/CSS Level 2.1" property: regular [7:5: font-weight]
2024-12-27 13:31:18 ERROR errorhandler.py:105: Property: Invalid value for "CSS Level 2.1" property: 241, 235, 235 [6:5: color]
2024-12-27 13:31:18 ERROR errorhandler.py:105: Property: Invalid value for "CSS Fonts Module Level 3 @font-face properties/CSS Level 2.1" property: regular [7:5: font-weight]
2024-12-27 13:31:33 ERROR errorhandler.py:105: Property: Invalid value for "CSS Level 2.1" property: 241, 235, 235 [6:5: color]
2024-12-27 13:31:33 ERROR errorhandler.py:105: Property: Invalid value for "CSS Fonts Module Level 3 @font-face properties/CSS Level 2.1" property: regular [7:5: font-weight]
2024-12-27 13:31:33 INFO bar_manager.py:46: Successfully loaded updated stylesheet and applied to all bars.
2024-12-27 13:31:33 ERROR errorhandler.py:105: Property: Invalid value for "CSS Level 2.1" property: 241, 235, 235 [6:5: color]
2024-12-27 13:31:33 ERROR errorhandler.py:105: Property: Invalid value for "CSS Fonts Module Level 3 @font-face properties/CSS Level 2.1" property: regular [7:5: font-weight]
2024-12-27 13:31:33 ERROR errorhandler.py:105: Property: Invalid value for "CSS Level 2.1" property: 241, 235, 235 [6:5: color]
2024-12-27 13:31:33 ERROR errorhandler.py:105: Property: Invalid value for "CSS Fonts Module Level 3 @font-face properties/CSS Level 2.1" property: regular [7:5: font-weight]
2024-12-27 13:31:34 ERROR errorhandler.py:105: Property: Invalid value for "CSS Level 2.1" property: 241, 235, 235 [6:5: color]
2024-12-27 13:31:34 ERROR errorhandler.py:105: Property: Invalid value for "CSS Fonts Module Level 3 @font-face properties/CSS Level 2.1" property: regular [7:5: font-weight]
2024-12-27 13:31:34 ERROR errorhandler.py:105: Property: Invalid value for "CSS Level 2.1" property: 241, 235, 235 [6:5: color]
2024-12-27 13:31:34 ERROR errorhandler.py:105: Property: Invalid value for "CSS Fonts Module Level 3 @font-face properties/CSS Level 2.1" property: regular [7:5: font-weight]
2024-12-27 13:31:34 ERROR errorhandler.py:105: Property: Invalid value for "CSS Level 2.1" property: 241, 235, 235 [6:5: color]
2024-12-27 13:31:34 ERROR errorhandler.py:105: Property: Invalid value for "CSS Fonts Module Level 3 @font-face properties/CSS Level 2.1" property: regular [7:5: font-weight]
2024-12-27 13:32:08 ERROR errorhandler.py:105: Property: Invalid value for "CSS Level 2.1" property: 241, 235, 235 [6:5: color]
2024-12-27 13:32:08 ERROR errorhandler.py:105: Property: Invalid value for "CSS Fonts Module Level 3 @font-face properties/CSS Level 2.1" property: regular [7:5: font-weight]
2024-12-27 13:32:08 INFO bar_manager.py:46: Successfully loaded updated stylesheet and applied to all bars.
2024-12-27 13:32:08 ERROR errorhandler.py:105: Property: Invalid value for "CSS Level 2.1" property: 241, 235, 235 [6:5: color]
2024-12-27 13:32:08 ERROR errorhandler.py:105: Property: Invalid value for "CSS Fonts Module Level 3 @font-face properties/CSS Level 2.1" property: regular [7:5: font-weight]
2024-12-27 13:32:08 ERROR errorhandler.py:105: Property: Invalid value for "CSS Level 2.1" property: 241, 235, 235 [6:5: color]
2024-12-27 13:32:08 ERROR errorhandler.py:105: Property: Invalid value for "CSS Fonts Module Level 3 @font-face properties/CSS Level 2.1" property: regular [7:5: font-weight]
2024-12-27 13:32:09 ERROR errorhandler.py:105: Property: Invalid value for "CSS Level 2.1" property: 241, 235, 235 [6:5: color]
2024-12-27 13:32:09 ERROR errorhandler.py:105: Property: Invalid value for "CSS Fonts Module Level 3 @font-face properties/CSS Level 2.1" property: regular [7:5: font-weight]
2024-12-27 13:32:09 ERROR errorhandler.py:105: Property: Invalid value for "CSS Level 2.1" property: 241, 235, 235 [6:5: color]
2024-12-27 13:32:09 ERROR errorhandler.py:105: Property: Invalid value for "CSS Fonts Module Level 3 @font-face properties/CSS Level 2.1" property: regular [7:5: font-weight]
2024-12-27 13:32:09 ERROR errorhandler.py:105: Property: Invalid value for "CSS Level 2.1" property: 241, 235, 235 [6:5: color]
2024-12-27 13:32:09 ERROR errorhandler.py:105: Property: Invalid value for "CSS Fonts Module Level 3 @font-face properties/CSS Level 2.1" property: regular [7:5: font-weight]
2024-12-27 13:32:09 ERROR errorhandler.py:105: Property: Invalid value for "CSS Level 2.1" property: 241, 235, 235 [6:5: color]
2024-12-27 13:32:09 ERROR errorhandler.py:105: Property: Invalid value for "CSS Fonts Module Level 3 @font-face properties/CSS Level 2.1" property: regular [7:5: font-weight]
2024-12-27 13:32:09 ERROR errorhandler.py:105: Property: Invalid value for "CSS Level 2.1" property: 241, 235, 235 [6:5: color]
2024-12-27 13:32:09 ERROR errorhandler.py:105: Property: Invalid value for "CSS Fonts Module Level 3 @font-face properties/CSS Level 2.1" property: regular [7:5: font-weight]
2024-12-27 13:32:09 ERROR errorhandler.py:105: Property: Invalid value for "CSS Level 2.1" property: 241, 235, 235 [6:5: color]
2024-12-27 13:32:09 ERROR errorhandler.py:105: Property: Invalid value for "CSS Fonts Module Level 3 @font-face properties/CSS Level 2.1" property: regular [7:5: font-weight]
2024-12-27 13:32:14 ERROR errorhandler.py:105: Property: Invalid value for "CSS Level 2.1" property: 241, 235, 235 [6:5: color]
2024-12-27 13:32:14 ERROR errorhandler.py:105: Property: Invalid value for "CSS Fonts Module Level 3 @font-face properties/CSS Level 2.1" property: regular [7:5: font-weight]
2024-12-27 13:32:14 INFO bar_manager.py:46: Successfully loaded updated stylesheet and applied to all bars.
2024-12-27 13:32:14 ERROR errorhandler.py:105: Property: Invalid value for "CSS Level 2.1" property: 241, 235, 235 [6:5: color]
2024-12-27 13:32:14 ERROR errorhandler.py:105: Property: Invalid value for "CSS Fonts Module Level 3 @font-face properties/CSS Level 2.1" property: regular [7:5: font-weight]
2024-12-27 13:32:14 ERROR errorhandler.py:105: Property: Invalid value for "CSS Level 2.1" property: 241, 235, 235 [6:5: color]
2024-12-27 13:32:14 ERROR errorhandler.py:105: Property: Invalid value for "CSS Fonts Module Level 3 @font-face properties/CSS Level 2.1" property: regular [7:5: font-weight]
2024-12-27 13:32:14 ERROR errorhandler.py:105: Property: Invalid value for "CSS Level 2.1" property: 241, 235, 235 [6:5: color]
2024-12-27 13:32:14 ERROR errorhandler.py:105: Property: Invalid value for "CSS Fonts Module Level 3 @font-face properties/CSS Level 2.1" property: regular [7:5: font-weight]
2024-12-27 13:32:14 ERROR errorhandler.py:105: Property: Invalid value for "CSS Level 2.1" property: 241, 235, 235 [6:5: color]
2024-12-27 13:32:14 ERROR errorhandler.py:105: Property: Invalid value for "CSS Fonts Module Level 3 @font-face properties/CSS Level 2.1" property: regular [7:5: font-weight]
2024-12-27 13:32:14 ERROR errorhandler.py:105: Property: Invalid value for "CSS Level 2.1" property: 241, 235, 235 [6:5: color]
2024-12-27 13:32:14 ERROR errorhandler.py:105: Property: Invalid value for "CSS Fonts Module Level 3 @font-face properties/CSS Level 2.1" property: regular [7:5: font-weight]
2024-12-27 13:32:18 ERROR errorhandler.py:105: Property: Invalid value for "CSS Level 2.1" property: 241, 235, 235 [6:5: color]
2024-12-27 13:32:18 ERROR errorhandler.py:105: Property: Invalid value for "CSS Fonts Module Level 3 @font-face properties/CSS Level 2.1" property: regular [7:5: font-weight]
2024-12-27 13:32:18 INFO bar_manager.py:46: Successfully loaded updated stylesheet and applied to all bars.
2024-12-27 13:32:18 ERROR errorhandler.py:105: Property: Invalid value for "CSS Level 2.1" property: 241, 235, 235 [6:5: color]
2024-12-27 13:32:18 ERROR errorhandler.py:105: Property: Invalid value for "CSS Fonts Module Level 3 @font-face properties/CSS Level 2.1" property: regular [7:5: font-weight]
2024-12-27 13:32:18 ERROR errorhandler.py:105: Property: Invalid value for "CSS Level 2.1" property: 241, 235, 235 [6:5: color]
2024-12-27 13:32:18 ERROR errorhandler.py:105: Property: Invalid value for "CSS Fonts Module Level 3 @font-face properties/CSS Level 2.1" property: regular [7:5: font-weight]
2024-12-27 13:32:18 ERROR errorhandler.py:105: Property: Invalid value for "CSS Level 2.1" property: 241, 235, 235 [6:5: color]
2024-12-27 13:32:18 ERROR errorhandler.py:105: Property: Invalid value for "CSS Fonts Module Level 3 @font-face properties/CSS Level 2.1" property: regular [7:5: font-weight]
2024-12-27 13:32:18 ERROR errorhandler.py:105: Property: Invalid value for "CSS Level 2.1" property: 241, 235, 235 [6:5: color]
2024-12-27 13:32:18 ERROR errorhandler.py:105: Property: Invalid value for "CSS Fonts Module Level 3 @font-face properties/CSS Level 2.1" property: regular [7:5: font-weight]
2024-12-27 13:32:18 ERROR errorhandler.py:105: Property: Invalid value for "CSS Level 2.1" property: 241, 235, 235 [6:5: color]
2024-12-27 13:32:18 ERROR errorhandler.py:105: Property: Invalid value for "CSS Fonts Module Level 3 @font-face properties/CSS Level 2.1" property: regular [7:5: font-weight]
2024-12-27 13:32:19 ERROR errorhandler.py:105: Property: Invalid value for "CSS Level 2.1" property: 241, 235, 235 [6:5: color]
2024-12-27 13:32:19 ERROR errorhandler.py:105: Property: Invalid value for "CSS Fonts Module Level 3 @font-face properties/CSS Level 2.1" property: regular [7:5: font-weight]
2024-12-27 13:32:19 ERROR errorhandler.py:105: Property: Invalid value for "CSS Level 2.1" property: 241, 235, 235 [6:5: color]
2024-12-27 13:32:19 ERROR errorhandler.py:105: Property: Invalid value for "CSS Fonts Module Level 3 @font-face properties/CSS Level 2.1" property: regular [7:5: font-weight]
2024-12-27 13:32:19 ERROR errorhandler.py:105: Property: Invalid value for "CSS Level 2.1" property: 241, 235, 235 [6:5: color]
2024-12-27 13:32:19 ERROR errorhandler.py:105: Property: Invalid value for "CSS Fonts Module Level 3 @font-face properties/CSS Level 2.1" property: regular [7:5: font-weight]
2024-12-27 13:32:19 ERROR errorhandler.py:105: Property: Invalid value for "CSS Level 2.1" property: 241, 235, 235 [6:5: color]
2024-12-27 13:32:19 ERROR errorhandler.py:105: Property: Invalid value for "CSS Fonts Module Level 3 @font-face properties/CSS Level 2.1" property: regular [7:5: font-weight]
2024-12-27 13:32:19 ERROR errorhandler.py:105: Property: Invalid value for "CSS Level 2.1" property: 241, 235, 235 [6:5: color]
2024-12-27 13:32:19 ERROR errorhandler.py:105: Property: Invalid value for "CSS Fonts Module Level 3 @font-face properties/CSS Level 2.1" property: regular [7:5: font-weight]
2024-12-27 13:32:19 ERROR errorhandler.py:105: Property: Invalid value for "CSS Level 2.1" property: 241, 235, 235 [6:5: color]
2024-12-27 13:32:19 ERROR errorhandler.py:105: Property: Invalid value for "CSS Fonts Module Level 3 @font-face properties/CSS Level 2.1" property: regular [7:5: font-weight]
2024-12-27 13:32:27 ERROR errorhandler.py:105: Property: Invalid value for "CSS Level 2.1" property: 241, 235, 235 [6:5: color]
2024-12-27 13:32:27 ERROR errorhandler.py:105: Property: Invalid value for "CSS Fonts Module Level 3 @font-face properties/CSS Level 2.1" property: regular [7:5: font-weight]
2024-12-27 13:32:27 INFO bar_manager.py:46: Successfully loaded updated stylesheet and applied to all bars.
2024-12-27 13:32:27 ERROR errorhandler.py:105: Property: Invalid value for "CSS Level 2.1" property: 241, 235, 235 [6:5: color]
2024-12-27 13:32:27 ERROR errorhandler.py:105: Property: Invalid value for "CSS Fonts Module Level 3 @font-face properties/CSS Level 2.1" property: regular [7:5: font-weight]
2024-12-27 13:32:27 ERROR errorhandler.py:105: Property: Invalid value for "CSS Level 2.1" property: 241, 235, 235 [6:5: color]
2024-12-27 13:32:27 ERROR errorhandler.py:105: Property: Invalid value for "CSS Fonts Module Level 3 @font-face properties/CSS Level 2.1" property: regular [7:5: font-weight]
2024-12-27 13:32:27 ERROR errorhandler.py:105: Property: Invalid value for "CSS Level 2.1" property: 241, 235, 235 [6:5: color]
2024-12-27 13:32:27 ERROR errorhandler.py:105: Property: Invalid value for "CSS Fonts Module Level 3 @font-face properties/CSS Level 2.1" property: regular [7:5: font-weight]
2024-12-27 13:32:27 ERROR errorhandler.py:105: Property: Invalid value for "CSS Level 2.1" property: 241, 235, 235 [6:5: color]
2024-12-27 13:32:27 ERROR errorhandler.py:105: Property: Invalid value for "CSS Fonts Module Level 3 @font-face properties/CSS Level 2.1" property: regular [7:5: font-weight]
2024-12-27 13:32:27 ERROR errorhandler.py:105: Property: Invalid value for "CSS Level 2.1" property: 241, 235, 235 [6:5: color]
2024-12-27 13:32:27 ERROR errorhandler.py:105: Property: Invalid value for "CSS Fonts Module Level 3 @font-face properties/CSS Level 2.1" property: regular [7:5: font-weight]
2024-12-27 13:32:28 ERROR errorhandler.py:105: Property: Invalid value for "CSS Level 2.1" property: 241, 235, 235 [6:5: color]
2024-12-27 13:32:28 ERROR errorhandler.py:105: Property: Invalid value for "CSS Fonts Module Level 3 @font-face properties/CSS Level 2.1" property: regular [7:5: font-weight]
2024-12-27 13:32:28 ERROR errorhandler.py:105: Property: Invalid value for "CSS Level 2.1" property: 241, 235, 235 [6:5: color]
2024-12-27 13:32:28 ERROR errorhandler.py:105: Property: Invalid value for "CSS Fonts Module Level 3 @font-face properties/CSS Level 2.1" property: regular [7:5: font-weight]
2024-12-27 13:32:28 ERROR errorhandler.py:105: Property: Invalid value for "CSS Level 2.1" property: 241, 235, 235 [6:5: color]
2024-12-27 13:32:28 ERROR errorhandler.py:105: Property: Invalid value for "CSS Fonts Module Level 3 @font-face properties/CSS Level 2.1" property: regular [7:5: font-weight]
2024-12-27 13:32:28 ERROR errorhandler.py:105: Property: Invalid value for "CSS Level 2.1" property: 241, 235, 235 [6:5: color]
2024-12-27 13:32:28 ERROR errorhandler.py:105: Property: Invalid value for "CSS Fonts Module Level 3 @font-face properties/CSS Level 2.1" property: regular [7:5: font-weight]
2024-12-27 13:32:28 ERROR errorhandler.py:105: Property: Invalid value for "CSS Level 2.1" property: 241, 235, 235 [6:5: color]
2024-12-27 13:32:28 ERROR errorhandler.py:105: Property: Invalid value for "CSS Fonts Module Level 3 @font-face properties/CSS Level 2.1" property: regular [7:5: font-weight]
2024-12-27 13:32:28 ERROR errorhandler.py:105: Property: Invalid value for "CSS Level 2.1" property: 241, 235, 235 [6:5: color]
2024-12-27 13:32:28 ERROR errorhandler.py:105: Property: Invalid value for "CSS Fonts Module Level 3 @font-face properties/CSS Level 2.1" property: regular [7:5: font-weight]
2024-12-27 13:32:28 ERROR errorhandler.py:105: Property: Invalid value for "CSS Level 2.1" property: 241, 235, 235 [6:5: color]
2024-12-27 13:32:28 ERROR errorhandler.py:105: Property: Invalid value for "CSS Fonts Module Level 3 @font-face properties/CSS Level 2.1" property: regular [7:5: font-weight]
2024-12-27 13:32:28 ERROR errorhandler.py:105: Property: Invalid value for "CSS Level 2.1" property: 241, 235, 235 [6:5: color]
2024-12-27 13:32:28 ERROR errorhandler.py:105: Property: Invalid value for "CSS Fonts Module Level 3 @font-face properties/CSS Level 2.1" property: regular [7:5: font-weight]
2024-12-27 13:32:28 ERROR errorhandler.py:105: Property: Invalid value for "CSS Level 2.1" property: 241, 235, 235 [6:5: color]
2024-12-27 13:32:28 ERROR errorhandler.py:105: Property: Invalid value for "CSS Fonts Module Level 3 @font-face properties/CSS Level 2.1" property: regular [7:5: font-weight]
2024-12-27 13:32:35 INFO tray.py:198: Reloading Application...
2024-12-27 13:32:35 INFO log.py:21: Yasb
2024-12-27 13:32:35 ERROR errorhandler.py:105: Property: Invalid value for "CSS Level 2.1" property: 241, 235, 235 [6:5: color]
2024-12-27 13:32:35 ERROR errorhandler.py:105: Property: Invalid value for "CSS Fonts Module Level 3 @font-face properties/CSS Level 2.1" property: regular [7:5: font-weight]
2024-12-27 13:32:35 DEBUG win32.py:58: Looking up time zone info from registry
2024-12-27 13:32:35 INFO weather.py:158: Fetched new weather data at 2024-12-27 13:32:35.739959
2024-12-27 13:32:35 DEBUG __init__.py:143: CoInitializeEx(None, 2)
2024-12-27 13:32:36 INFO weather.py:158: Fetched new weather data at 2024-12-27 13:32:36.427306
2024-12-27 13:32:36 INFO watcher.py:39: Created file watcher for path C:\Users\jojat\.config\yasb
2024-12-27 13:32:36 DEBUG _windows.py:213: Starting (proactor: <_IocpProactor overlapped#=0 result#=0>)...
2024-12-27 13:32:36 DEBUG _windows.py:192: Thread started
2024-12-27 13:32:51 ERROR errorhandler.py:105: Property: Invalid value for "CSS Level 2.1" property: 241, 235, 235 [6:5: color]
2024-12-27 13:32:51 ERROR errorhandler.py:105: Property: Invalid value for "CSS Fonts Module Level 3 @font-face properties/CSS Level 2.1" property: regular [7:5: font-weight]
2024-12-27 13:32:51 INFO bar_manager.py:46: Successfully loaded updated stylesheet and applied to all bars.
2024-12-27 13:32:51 ERROR errorhandler.py:105: Property: Invalid value for "CSS Level 2.1" property: 241, 235, 235 [6:5: color]
2024-12-27 13:32:51 ERROR errorhandler.py:105: Property: Invalid value for "CSS Fonts Module Level 3 @font-face properties/CSS Level 2.1" property: regular [7:5: font-weight]
2024-12-27 13:32:55 ERROR errorhandler.py:105: Property: Invalid value for "CSS Level 2.1" property: 241, 235, 235 [6:5: color]
2024-12-27 13:32:55 ERROR errorhandler.py:105: Property: Invalid value for "CSS Fonts Module Level 3 @font-face properties/CSS Level 2.1" property: regular [7:5: font-weight]
2024-12-27 13:32:55 INFO bar_manager.py:46: Successfully loaded updated stylesheet and applied to all bars.
2024-12-27 13:32:55 ERROR errorhandler.py:105: Property: Invalid value for "CSS Level 2.1" property: 241, 235, 235 [6:5: color]
2024-12-27 13:32:55 ERROR errorhandler.py:105: Property: Invalid value for "CSS Fonts Module Level 3 @font-face properties/CSS Level 2.1" property: regular [7:5: font-weight]
2024-12-27 13:32:55 ERROR errorhandler.py:105: Property: Invalid value for "CSS Level 2.1" property: 241, 235, 235 [6:5: color]
2024-12-27 13:32:55 ERROR errorhandler.py:105: Property: Invalid value for "CSS Fonts Module Level 3 @font-face properties/CSS Level 2.1" property: regular [7:5: font-weight]
2024-12-27 13:32:59 ERROR errorhandler.py:105: Property: Invalid value for "CSS Level 2.1" property: 241, 235, 235 [6:5: color]
2024-12-27 13:32:59 ERROR errorhandler.py:105: Property: Invalid value for "CSS Fonts Module Level 3 @font-face properties/CSS Level 2.1" property: regular [7:5: font-weight]
2024-12-27 13:32:59 INFO bar_manager.py:46: Successfully loaded updated stylesheet and applied to all bars.
2024-12-27 13:32:59 ERROR errorhandler.py:105: Property: Invalid value for "CSS Level 2.1" property: 241, 235, 235 [6:5: color]
2024-12-27 13:32:59 ERROR errorhandler.py:105: Property: Invalid value for "CSS Fonts Module Level 3 @font-face properties/CSS Level 2.1" property: regular [7:5: font-weight]
2024-12-27 13:32:59 ERROR errorhandler.py:105: Property: Invalid value for "CSS Level 2.1" property: 241, 235, 235 [6:5: color]
2024-12-27 13:32:59 ERROR errorhandler.py:105: Property: Invalid value for "CSS Fonts Module Level 3 @font-face properties/CSS Level 2.1" property: regular [7:5: font-weight]
2024-12-27 13:33:02 ERROR errorhandler.py:105: Property: Invalid value for "CSS Level 2.1" property: 241, 235, 235 [6:5: color]
2024-12-27 13:33:02 ERROR errorhandler.py:105: Property: Invalid value for "CSS Fonts Module Level 3 @font-face properties/CSS Level 2.1" property: regular [7:5: font-weight]
2024-12-27 13:33:02 INFO bar_manager.py:46: Successfully loaded updated stylesheet and applied to all bars.
2024-12-27 13:33:02 ERROR errorhandler.py:105: Property: Invalid value for "CSS Level 2.1" property: 241, 235, 235 [6:5: color]
2024-12-27 13:33:02 ERROR errorhandler.py:105: Property: Invalid value for "CSS Fonts Module Level 3 @font-face properties/CSS Level 2.1" property: regular [7:5: font-weight]
2024-12-27 13:33:02 ERROR errorhandler.py:105: Property: Invalid value for "CSS Level 2.1" property: 241, 235, 235 [6:5: color]
2024-12-27 13:33:02 ERROR errorhandler.py:105: Property: Invalid value for "CSS Fonts Module Level 3 @font-face properties/CSS Level 2.1" property: regular [7:5: font-weight]
2024-12-27 13:33:07 ERROR errorhandler.py:105: Property: Invalid value for "CSS Level 2.1" property: 241, 235, 235 [6:5: color]
2024-12-27 13:33:07 ERROR errorhandler.py:105: Property: Invalid value for "CSS Fonts Module Level 3 @font-face properties/CSS Level 2.1" property: regular [7:5: font-weight]
2024-12-27 13:33:07 INFO bar_manager.py:46: Successfully loaded updated stylesheet and applied to all bars.
2024-12-27 13:33:07 ERROR errorhandler.py:105: Property: Invalid value for "CSS Level 2.1" property: 241, 235, 235 [6:5: color]
2024-12-27 13:33:07 ERROR errorhandler.py:105: Property: Invalid value for "CSS Fonts Module Level 3 @font-face properties/CSS Level 2.1" property: regular [7:5: font-weight]
2024-12-27 13:33:07 ERROR errorhandler.py:105: Property: Invalid value for "CSS Level 2.1" property: 241, 235, 235 [6:5: color]
2024-12-27 13:33:07 ERROR errorhandler.py:105: Property: Invalid value for "CSS Fonts Module Level 3 @font-face properties/CSS Level 2.1" property: regular [7:5: font-weight]
2024-12-27 13:33:21 ERROR errorhandler.py:105: Property: Invalid value for "CSS Level 2.1" property: 241, 235, 235 [6:5: color]
2024-12-27 13:33:21 ERROR errorhandler.py:105: Property: Invalid value for "CSS Fonts Module Level 3 @font-face properties/CSS Level 2.1" property: regular [7:5: font-weight]
2024-12-27 13:33:21 INFO bar_manager.py:46: Successfully loaded updated stylesheet and applied to all bars.
2024-12-27 13:33:21 ERROR errorhandler.py:105: Property: Invalid value for "CSS Level 2.1" property: 241, 235, 235 [6:5: color]
2024-12-27 13:33:21 ERROR errorhandler.py:105: Property: Invalid value for "CSS Fonts Module Level 3 @font-face properties/CSS Level 2.1" property: regular [7:5: font-weight]
2024-12-27 13:33:21 ERROR errorhandler.py:105: Property: Invalid value for "CSS Level 2.1" property: 241, 235, 235 [6:5: color]
2024-12-27 13:33:21 ERROR errorhandler.py:105: Property: Invalid value for "CSS Fonts Module Level 3 @font-face properties/CSS Level 2.1" property: regular [7:5: font-weight]
2024-12-27 13:33:51 ERROR errorhandler.py:105: Property: Invalid value for "CSS Level 2.1" property: 241, 235, 235 [6:5: color]
2024-12-27 13:33:51 ERROR errorhandler.py:105: Property: Invalid value for "CSS Fonts Module Level 3 @font-face properties/CSS Level 2.1" property: regular [7:5: font-weight]
2024-12-27 13:33:51 INFO bar_manager.py:46: Successfully loaded updated stylesheet and applied to all bars.
2024-12-27 13:33:51 ERROR errorhandler.py:105: Property: Invalid value for "CSS Level 2.1" property: 241, 235, 235 [6:5: color]
2024-12-27 13:33:51 ERROR errorhandler.py:105: Property: Invalid value for "CSS Fonts Module Level 3 @font-face properties/CSS Level 2.1" property: regular [7:5: font-weight]
2024-12-27 13:33:51 ERROR errorhandler.py:105: Property: Invalid value for "CSS Level 2.1" property: 241, 235, 235 [6:5: color]
2024-12-27 13:33:51 ERROR errorhandler.py:105: Property: Invalid value for "CSS Fonts Module Level 3 @font-face properties/CSS Level 2.1" property: regular [7:5: font-weight]
2024-12-27 13:42:35 INFO weather.py:158: Fetched new weather data at 2024-12-27 13:42:35.874925
2024-12-27 13:42:36 INFO weather.py:158: Fetched new weather data at 2024-12-27 13:42:36.379377
2024-12-27 13:52:35 INFO weather.py:158: Fetched new weather data at 2024-12-27 13:52:35.945347
2024-12-27 13:52:36 INFO weather.py:158: Fetched new weather data at 2024-12-27 13:52:36.347911
2024-12-27 14:02:35 INFO weather.py:158: Fetched new weather data at 2024-12-27 14:02:35.766799
2024-12-27 14:02:36 INFO weather.py:158: Fetched new weather data at 2024-12-27 14:02:36.323896
2024-12-27 14:12:35 INFO weather.py:158: Fetched new weather data at 2024-12-27 14:12:35.851595
2024-12-27 14:12:36 INFO weather.py:158: Fetched new weather data at 2024-12-27 14:12:36.299597
2024-12-27 14:22:35 INFO weather.py:158: Fetched new weather data at 2024-12-27 14:22:35.719209
2024-12-27 14:22:36 INFO weather.py:158: Fetched new weather data at 2024-12-27 14:22:36.284601
2024-12-27 14:32:35 INFO weather.py:158: Fetched new weather data at 2024-12-27 14:32:35.858258
2024-12-27 14:32:36 INFO weather.py:158: Fetched new weather data at 2024-12-27 14:32:36.267744
2024-12-27 14:42:35 INFO weather.py:158: Fetched new weather data at 2024-12-27 14:42:35.820316
2024-12-27 14:42:36 INFO weather.py:158: Fetched new weather data at 2024-12-27 14:42:36.256814
2024-12-27 14:52:35 INFO weather.py:158: Fetched new weather data at 2024-12-27 14:52:35.838360
2024-12-27 14:52:36 INFO weather.py:158: Fetched new weather data at 2024-12-27 14:52:36.245764
2024-12-27 15:02:35 INFO weather.py:158: Fetched new weather data at 2024-12-27 15:02:35.793521
2024-12-27 15:02:36 INFO weather.py:158: Fetched new weather data at 2024-12-27 15:02:36.242272
2024-12-27 15:12:35 INFO weather.py:158: Fetched new weather data at 2024-12-27 15:12:35.781835
2024-12-27 15:12:36 INFO weather.py:158: Fetched new weather data at 2024-12-27 15:12:36.232988
2024-12-27 15:22:35 INFO weather.py:158: Fetched new weather data at 2024-12-27 15:22:35.663183
2024-12-27 15:22:36 INFO weather.py:158: Fetched new weather data at 2024-12-27 15:22:36.228440
2024-12-27 15:30:06 ERROR errorhandler.py:105: Property: Invalid value for "CSS Level 2.1" property: 241, 235, 235 [6:5: color]
2024-12-27 15:30:06 ERROR errorhandler.py:105: Property: Invalid value for "CSS Fonts Module Level 3 @font-face properties/CSS Level 2.1" property: regular [7:5: font-weight]
2024-12-27 15:30:06 ERROR errorhandler.py:105: Property: Invalid value for "CSS Level 2.1" property: 241, 235, 235 [6:5: color]
2024-12-27 15:30:06 ERROR errorhandler.py:105: Property: Invalid value for "CSS Fonts Module Level 3 @font-face properties/CSS Level 2.1" property: regular [7:5: font-weight]
2024-12-27 15:30:07 ERROR errorhandler.py:105: Property: Invalid value for "CSS Level 2.1" property: 241, 235, 235 [6:5: color]
2024-12-27 15:30:07 ERROR errorhandler.py:105: Property: Invalid value for "CSS Fonts Module Level 3 @font-face properties/CSS Level 2.1" property: regular [7:5: font-weight]
2024-12-27 15:30:07 ERROR errorhandler.py:105: Property: Invalid value for "CSS Level 2.1" property: 241, 235, 235 [6:5: color]
2024-12-27 15:30:07 ERROR errorhandler.py:105: Property: Invalid value for "CSS Fonts Module Level 3 @font-face properties/CSS Level 2.1" property: regular [7:5: font-weight]
2024-12-27 15:30:07 ERROR errorhandler.py:105: Property: Invalid value for "CSS Level 2.1" property: 241, 235, 235 [6:5: color]
2024-12-27 15:30:07 ERROR errorhandler.py:105: Property: Invalid value for "CSS Fonts Module Level 3 @font-face properties/CSS Level 2.1" property: regular [7:5: font-weight]
2024-12-27 15:30:07 ERROR errorhandler.py:105: Property: Invalid value for "CSS Level 2.1" property: 241, 235, 235 [6:5: color]
2024-12-27 15:30:07 ERROR errorhandler.py:105: Property: Invalid value for "CSS Fonts Module Level 3 @font-face properties/CSS Level 2.1" property: regular [7:5: font-weight]
2024-12-27 15:30:07 ERROR errorhandler.py:105: Property: Invalid value for "CSS Level 2.1" property: 241, 235, 235 [6:5: color]
2024-12-27 15:30:07 ERROR errorhandler.py:105: Property: Invalid value for "CSS Fonts Module Level 3 @font-face properties/CSS Level 2.1" property: regular [7:5: font-weight]
2024-12-27 15:30:07 ERROR errorhandler.py:105: Property: Invalid value for "CSS Level 2.1" property: 241, 235, 235 [6:5: color]
2024-12-27 15:30:07 ERROR errorhandler.py:105: Property: Invalid value for "CSS Fonts Module Level 3 @font-face properties/CSS Level 2.1" property: regular [7:5: font-weight]
2024-12-27 15:30:09 ERROR errorhandler.py:105: Property: Invalid value for "CSS Level 2.1" property: 241, 235, 235 [6:5: color]
2024-12-27 15:30:09 ERROR errorhandler.py:105: Property: Invalid value for "CSS Fonts Module Level 3 @font-face properties/CSS Level 2.1" property: regular [7:5: font-weight]
2024-12-27 15:30:09 ERROR errorhandler.py:105: Property: Invalid value for "CSS Level 2.1" property: 241, 235, 235 [6:5: color]
2024-12-27 15:30:09 ERROR errorhandler.py:105: Property: Invalid value for "CSS Fonts Module Level 3 @font-face properties/CSS Level 2.1" property: regular [7:5: font-weight]
2024-12-27 15:30:09 ERROR errorhandler.py:105: Property: Invalid value for "CSS Level 2.1" property: 241, 235, 235 [6:5: color]
2024-12-27 15:30:09 ERROR errorhandler.py:105: Property: Invalid value for "CSS Fonts Module Level 3 @font-face properties/CSS Level 2.1" property: regular [7:5: font-weight]
2024-12-27 15:30:09 ERROR errorhandler.py:105: Property: Invalid value for "CSS Level 2.1" property: 241, 235, 235 [6:5: color]
2024-12-27 15:30:09 ERROR errorhandler.py:105: Property: Invalid value for "CSS Fonts Module Level 3 @font-face properties/CSS Level 2.1" property: regular [7:5: font-weight]
2024-12-27 15:30:09 ERROR errorhandler.py:105: Property: Invalid value for "CSS Level 2.1" property: 241, 235, 235 [6:5: color]
2024-12-27 15:30:09 ERROR errorhandler.py:105: Property: Invalid value for "CSS Fonts Module Level 3 @font-face properties/CSS Level 2.1" property: regular [7:5: font-weight]
2024-12-27 15:30:09 ERROR errorhandler.py:105: Property: Invalid value for "CSS Level 2.1" property: 241, 235, 235 [6:5: color]
2024-12-27 15:30:09 ERROR errorhandler.py:105: Property: Invalid value for "CSS Fonts Module Level 3 @font-face properties/CSS Level 2.1" property: regular [7:5: font-weight]
2024-12-27 15:30:09 ERROR errorhandler.py:105: Property: Invalid value for "CSS Level 2.1" property: 241, 235, 235 [6:5: color]
2024-12-27 15:30:09 ERROR errorhandler.py:105: Property: Invalid value for "CSS Fonts Module Level 3 @font-face properties/CSS Level 2.1" property: regular [7:5: font-weight]
2024-12-27 15:30:10 ERROR errorhandler.py:105: Property: Invalid value for "CSS Level 2.1" property: 241, 235, 235 [6:5: color]
2024-12-27 15:30:10 ERROR errorhandler.py:105: Property: Invalid value for "CSS Fonts Module Level 3 @font-face properties/CSS Level 2.1" property: regular [7:5: font-weight]
2024-12-27 15:30:10 ERROR errorhandler.py:105: Property: Invalid value for "CSS Level 2.1" property: 241, 235, 235 [6:5: color]
2024-12-27 15:30:10 ERROR errorhandler.py:105: Property: Invalid value for "CSS Fonts Module Level 3 @font-face properties/CSS Level 2.1" property: regular [7:5: font-weight]
2024-12-27 15:30:10 ERROR errorhandler.py:105: Property: Invalid value for "CSS Level 2.1" property: 241, 235, 235 [6:5: color]
2024-12-27 15:30:10 ERROR errorhandler.py:105: Property: Invalid value for "CSS Fonts Module Level 3 @font-face properties/CSS Level 2.1" property: regular [7:5: font-weight]
2024-12-27 15:30:10 ERROR errorhandler.py:105: Property: Invalid value for "CSS Level 2.1" property: 241, 235, 235 [6:5: color]
2024-12-27 15:30:10 ERROR errorhandler.py:105: Property: Invalid value for "CSS Fonts Module Level 3 @font-face properties/CSS Level 2.1" property: regular [7:5: font-weight]
2024-12-27 15:30:10 ERROR errorhandler.py:105: Property: Invalid value for "CSS Level 2.1" property: 241, 235, 235 [6:5: color]
2024-12-27 15:30:10 ERROR errorhandler.py:105: Property: Invalid value for "CSS Fonts Module Level 3 @font-face properties/CSS Level 2.1" property: regular [7:5: font-weight]
2024-12-27 15:30:10 ERROR errorhandler.py:105: Property: Invalid value for "CSS Level 2.1" property: 241, 235, 235 [6:5: color]
2024-12-27 15:30:10 ERROR errorhandler.py:105: Property: Invalid value for "CSS Fonts Module Level 3 @font-face properties/CSS Level 2.1" property: regular [7:5: font-weight]
2024-12-27 15:30:10 ERROR errorhandler.py:105: Property: Invalid value for "CSS Level 2.1" property: 241, 235, 235 [6:5: color]
2024-12-27 15:30:10 ERROR errorhandler.py:105: Property: Invalid value for "CSS Fonts Module Level 3 @font-face properties/CSS Level 2.1" property: regular [7:5: font-weight]
2024-12-27 15:30:10 ERROR errorhandler.py:105: Property: Invalid value for "CSS Level 2.1" property: 241, 235, 235 [6:5: color]
2024-12-27 15:30:10 ERROR errorhandler.py:105: Property: Invalid value for "CSS Fonts Module Level 3 @font-face properties/CSS Level 2.1" property: regular [7:5: font-weight]
2024-12-27 15:30:10 ERROR errorhandler.py:105: Property: Invalid value for "CSS Level 2.1" property: 241, 235, 235 [6:5: color]
2024-12-27 15:30:10 ERROR errorhandler.py:105: Property: Invalid value for "CSS Fonts Module Level 3 @font-face properties/CSS Level 2.1" property: regular [7:5: font-weight]
2024-12-27 15:30:10 ERROR errorhandler.py:105: Property: Invalid value for "CSS Level 2.1" property: 241, 235, 235 [6:5: color]
2024-12-27 15:30:10 ERROR errorhandler.py:105: Property: Invalid value for "CSS Fonts Module Level 3 @font-face properties/CSS Level 2.1" property: regular [7:5: font-weight]
2024-12-27 15:30:11 ERROR errorhandler.py:105: Property: Invalid value for "CSS Level 2.1" property: 241, 235, 235 [6:5: color]
2024-12-27 15:30:11 ERROR errorhandler.py:105: Property: Invalid value for "CSS Fonts Module Level 3 @font-face properties/CSS Level 2.1" property: regular [7:5: font-weight]
2024-12-27 15:30:11 ERROR errorhandler.py:105: Property: Invalid value for "CSS Level 2.1" property: 241, 235, 235 [6:5: color]
2024-12-27 15:30:11 ERROR errorhandler.py:105: Property: Invalid value for "CSS Fonts Module Level 3 @font-face properties/CSS Level 2.1" property: regular [7:5: font-weight]
2024-12-27 15:30:11 ERROR errorhandler.py:105: Property: Invalid value for "CSS Level 2.1" property: 241, 235, 235 [6:5: color]
2024-12-27 15:30:11 ERROR errorhandler.py:105: Property: Invalid value for "CSS Fonts Module Level 3 @font-face properties/CSS Level 2.1" property: regular [7:5: font-weight]
2024-12-27 15:30:11 ERROR errorhandler.py:105: Property: Invalid value for "CSS Level 2.1" property: 241, 235, 235 [6:5: color]
2024-12-27 15:30:11 ERROR errorhandler.py:105: Property: Invalid value for "CSS Fonts Module Level 3 @font-face properties/CSS Level 2.1" property: regular [7:5: font-weight]
2024-12-27 15:30:12 ERROR errorhandler.py:105: Property: Invalid value for "CSS Level 2.1" property: 241, 235, 235 [6:5: color]
2024-12-27 15:30:12 ERROR errorhandler.py:105: Property: Invalid value for "CSS Fonts Module Level 3 @font-face properties/CSS Level 2.1" property: regular [7:5: font-weight]
2024-12-27 15:30:12 ERROR errorhandler.py:105: Property: Invalid value for "CSS Level 2.1" property: 241, 235, 235 [6:5: color]
2024-12-27 15:30:12 ERROR errorhandler.py:105: Property: Invalid value for "CSS Fonts Module Level 3 @font-face properties/CSS Level 2.1" property: regular [7:5: font-weight]
2024-12-27 15:30:12 ERROR errorhandler.py:105: Property: Invalid value for "CSS Level 2.1" property: 241, 235, 235 [6:5: color]
2024-12-27 15:30:12 ERROR errorhandler.py:105: Property: Invalid value for "CSS Fonts Module Level 3 @font-face properties/CSS Level 2.1" property: regular [7:5: font-weight]
2024-12-27 15:30:12 ERROR errorhandler.py:105: Property: Invalid value for "CSS Level 2.1" property: 241, 235, 235 [6:5: color]
2024-12-27 15:30:12 ERROR errorhandler.py:105: Property: Invalid value for "CSS Fonts Module Level 3 @font-face properties/CSS Level 2.1" property: regular [7:5: font-weight]
2024-12-27 15:30:12 ERROR errorhandler.py:105: Property: Invalid value for "CSS Level 2.1" property: 241, 235, 235 [6:5: color]
2024-12-27 15:30:12 ERROR errorhandler.py:105: Property: Invalid value for "CSS Fonts Module Level 3 @font-face properties/CSS Level 2.1" property: regular [7:5: font-weight]
2024-12-27 15:30:13 ERROR errorhandler.py:105: Property: Invalid value for "CSS Level 2.1" property: 241, 235, 235 [6:5: color]
2024-12-27 15:30:13 ERROR errorhandler.py:105: Property: Invalid value for "CSS Fonts Module Level 3 @font-face properties/CSS Level 2.1" property: regular [7:5: font-weight]
2024-12-27 15:30:13 ERROR errorhandler.py:105: Property: Invalid value for "CSS Level 2.1" property: 241, 235, 235 [6:5: color]
2024-12-27 15:30:13 ERROR errorhandler.py:105: Property: Invalid value for "CSS Fonts Module Level 3 @font-face properties/CSS Level 2.1" property: regular [7:5: font-weight]
2024-12-27 15:30:13 ERROR errorhandler.py:105: Property: Invalid value for "CSS Level 2.1" property: 241, 235, 235 [6:5: color]
2024-12-27 15:30:13 ERROR errorhandler.py:105: Property: Invalid value for "CSS Fonts Module Level 3 @font-face properties/CSS Level 2.1" property: regular [7:5: font-weight]
2024-12-27 15:30:13 ERROR errorhandler.py:105: Property: Invalid value for "CSS Level 2.1" property: 241, 235, 235 [6:5: color]
2024-12-27 15:30:13 ERROR errorhandler.py:105: Property: Invalid value for "CSS Fonts Module Level 3 @font-face properties/CSS Level 2.1" property: regular [7:5: font-weight]
2024-12-27 15:30:14 ERROR errorhandler.py:105: Property: Invalid value for "CSS Level 2.1" property: 241, 235, 235 [6:5: color]
2024-12-27 15:30:14 ERROR errorhandler.py:105: Property: Invalid value for "CSS Fonts Module Level 3 @font-face properties/CSS Level 2.1" property: regular [7:5: font-weight]
2024-12-27 15:30:14 ERROR errorhandler.py:105: Property: Invalid value for "CSS Level 2.1" property: 241, 235, 235 [6:5: color]
2024-12-27 15:30:14 ERROR errorhandler.py:105: Property: Invalid value for "CSS Fonts Module Level 3 @font-face properties/CSS Level 2.1" property: regular [7:5: font-weight]
2024-12-27 15:30:14 ERROR errorhandler.py:105: Property: Invalid value for "CSS Level 2.1" property: 241, 235, 235 [6:5: color]
2024-12-27 15:30:14 ERROR errorhandler.py:105: Property: Invalid value for "CSS Fonts Module Level 3 @font-face properties/CSS Level 2.1" property: regular [7:5: font-weight]
2024-12-27 15:30:14 ERROR errorhandler.py:105: Property: Invalid value for "CSS Level 2.1" property: 241, 235, 235 [6:5: color]
2024-12-27 15:30:14 ERROR errorhandler.py:105: Property: Invalid value for "CSS Fonts Module Level 3 @font-face properties/CSS Level 2.1" property: regular [7:5: font-weight]
2024-12-27 15:30:14 ERROR errorhandler.py:105: Property: Invalid value for "CSS Level 2.1" property: 241, 235, 235 [6:5: color]
2024-12-27 15:30:14 ERROR errorhandler.py:105: Property: Invalid value for "CSS Fonts Module Level 3 @font-face properties/CSS Level 2.1" property: regular [7:5: font-weight]
2024-12-27 15:30:14 ERROR errorhandler.py:105: Property: Invalid value for "CSS Level 2.1" property: 241, 235, 235 [6:5: color]
2024-12-27 15:30:14 ERROR errorhandler.py:105: Property: Invalid value for "CSS Fonts Module Level 3 @font-face properties/CSS Level 2.1" property: regular [7:5: font-weight]
2024-12-27 15:30:15 ERROR errorhandler.py:105: Property: Invalid value for "CSS Level 2.1" property: 241, 235, 235 [6:5: color]
2024-12-27 15:30:15 ERROR errorhandler.py:105: Property: Invalid value for "CSS Fonts Module Level 3 @font-face properties/CSS Level 2.1" property: regular [7:5: font-weight]
2024-12-27 15:30:15 ERROR errorhandler.py:105: Property: Invalid value for "CSS Level 2.1" property: 241, 235, 235 [6:5: color]
2024-12-27 15:30:15 ERROR errorhandler.py:105: Property: Invalid value for "CSS Fonts Module Level 3 @font-face properties/CSS Level 2.1" property: regular [7:5: font-weight]
2024-12-27 15:30:15 ERROR errorhandler.py:105: Property: Invalid value for "CSS Level 2.1" property: 241, 235, 235 [6:5: color]
2024-12-27 15:30:15 ERROR errorhandler.py:105: Property: Invalid value for "CSS Fonts Module Level 3 @font-face properties/CSS Level 2.1" property: regular [7:5: font-weight]
2024-12-27 15:30:15 ERROR errorhandler.py:105: Property: Invalid value for "CSS Level 2.1" property: 241, 235, 235 [6:5: color]
2024-12-27 15:30:15 ERROR errorhandler.py:105: Property: Invalid value for "CSS Fonts Module Level 3 @font-face properties/CSS Level 2.1" property: regular [7:5: font-weight]
2024-12-27 15:30:15 ERROR errorhandler.py:105: Property: Invalid value for "CSS Level 2.1" property: 241, 235, 235 [6:5: color]
2024-12-27 15:30:15 ERROR errorhandler.py:105: Property: Invalid value for "CSS Fonts Module Level 3 @font-face properties/CSS Level 2.1" property: regular [7:5: font-weight]
2024-12-27 15:30:15 ERROR errorhandler.py:105: Property: Invalid value for "CSS Level 2.1" property: 241, 235, 235 [6:5: color]
2024-12-27 15:30:15 ERROR errorhandler.py:105: Property: Invalid value for "CSS Fonts Module Level 3 @font-face properties/CSS Level 2.1" property: regular [7:5: font-weight]
2024-12-27 15:30:16 ERROR errorhandler.py:105: Property: Invalid value for "CSS Level 2.1" property: 241, 235, 235 [6:5: color]
2024-12-27 15:30:16 ERROR errorhandler.py:105: Property: Invalid value for "CSS Fonts Module Level 3 @font-face properties/CSS Level 2.1" property: regular [7:5: font-weight]
2024-12-27 15:30:16 ERROR errorhandler.py:105: Property: Invalid value for "CSS Level 2.1" property: 241, 235, 235 [6:5: color]
2024-12-27 15:30:16 ERROR errorhandler.py:105: Property: Invalid value for "CSS Fonts Module Level 3 @font-face properties/CSS Level 2.1" property: regular [7:5: font-weight]
2024-12-27 15:30:16 ERROR errorhandler.py:105: Property: Invalid value for "CSS Level 2.1" property: 241, 235, 235 [6:5: color]
2024-12-27 15:30:16 ERROR errorhandler.py:105: Property: Invalid value for "CSS Fonts Module Level 3 @font-face properties/CSS Level 2.1" property: regular [7:5: font-weight]
2024-12-27 15:30:16 ERROR errorhandler.py:105: Property: Invalid value for "CSS Level 2.1" property: 241, 235, 235 [6:5: color]
2024-12-27 15:30:16 ERROR errorhandler.py:105: Property: Invalid value for "CSS Fonts Module Level 3 @font-face properties/CSS Level 2.1" property: regular [7:5: font-weight]
2024-12-27 15:30:16 ERROR errorhandler.py:105: Property: Invalid value for "CSS Level 2.1" property: 241, 235, 235 [6:5: color]
2024-12-27 15:30:16 ERROR errorhandler.py:105: Property: Invalid value for "CSS Fonts Module Level 3 @font-face properties/CSS Level 2.1" property: regular [7:5: font-weight]
2024-12-27 15:30:16 ERROR errorhandler.py:105: Property: Invalid value for "CSS Level 2.1" property: 241, 235, 235 [6:5: color]
2024-12-27 15:30:16 ERROR errorhandler.py:105: Property: Invalid value for "CSS Fonts Module Level 3 @font-face properties/CSS Level 2.1" property: regular [7:5: font-weight]
2024-12-27 15:32:35 INFO weather.py:158: Fetched new weather data at 2024-12-27 15:32:35.628779
2024-12-27 15:32:36 INFO weather.py:158: Fetched new weather data at 2024-12-27 15:32:36.221742
2024-12-27 15:34:50 ERROR errorhandler.py:105: Property: Invalid value for "CSS Level 2.1" property: 241, 235, 235 [6:5: color]
2024-12-27 15:34:50 ERROR errorhandler.py:105: Property: Invalid value for "CSS Fonts Module Level 3 @font-face properties/CSS Level 2.1" property: regular [7:5: font-weight]
2024-12-27 15:34:50 ERROR errorhandler.py:105: Property: Invalid value for "CSS Level 2.1" property: 241, 235, 235 [6:5: color]
2024-12-27 15:34:50 ERROR errorhandler.py:105: Property: Invalid value for "CSS Fonts Module Level 3 @font-face properties/CSS Level 2.1" property: regular [7:5: font-weight]
2024-12-27 15:34:50 ERROR errorhandler.py:105: Property: Invalid value for "CSS Level 2.1" property: 241, 235, 235 [6:5: color]
2024-12-27 15:34:50 ERROR errorhandler.py:105: Property: Invalid value for "CSS Fonts Module Level 3 @font-face properties/CSS Level 2.1" property: regular [7:5: font-weight]
2024-12-27 15:34:51 ERROR errorhandler.py:105: Property: Invalid value for "CSS Level 2.1" property: 241, 235, 235 [6:5: color]
2024-12-27 15:34:51 ERROR errorhandler.py:105: Property: Invalid value for "CSS Fonts Module Level 3 @font-face properties/CSS Level 2.1" property: regular [7:5: font-weight]
2024-12-27 15:34:51 ERROR errorhandler.py:105: Property: Invalid value for "CSS Level 2.1" property: 241, 235, 235 [6:5: color]
2024-12-27 15:34:51 ERROR errorhandler.py:105: Property: Invalid value for "CSS Fonts Module Level 3 @font-face properties/CSS Level 2.1" property: regular [7:5: font-weight]
2024-12-27 15:34:51 ERROR errorhandler.py:105: Property: Invalid value for "CSS Level 2.1" property: 241, 235, 235 [6:5: color]
2024-12-27 15:34:51 ERROR errorhandler.py:105: Property: Invalid value for "CSS Fonts Module Level 3 @font-face properties/CSS Level 2.1" property: regular [7:5: font-weight]
2024-12-27 15:34:51 ERROR errorhandler.py:105: Property: Invalid value for "CSS Level 2.1" property: 241, 235, 235 [6:5: color]
2024-12-27 15:34:51 ERROR errorhandler.py:105: Property: Invalid value for "CSS Fonts Module Level 3 @font-face properties/CSS Level 2.1" property: regular [7:5: font-weight]
2024-12-27 15:42:35 INFO weather.py:158: Fetched new weather data at 2024-12-27 15:42:35.764140
2024-12-27 15:42:36 INFO weather.py:158: Fetched new weather data at 2024-12-27 15:42:36.218733
2024-12-27 15:45:41 INFO log.py:21: Yasb
2024-12-27 15:45:41 ERROR errorhandler.py:105: Property: Invalid value for "CSS Level 2.1" property: 241, 235, 235 [6:5: color]
2024-12-27 15:45:41 ERROR errorhandler.py:105: Property: Invalid value for "CSS Fonts Module Level 3 @font-face properties/CSS Level 2.1" property: regular [7:5: font-weight]
2024-12-27 15:45:41 WARNING widget_builder.py:38: No widget config could be found for widget 'komorebi_active_layout
2024-12-27 15:45:41 DEBUG win32.py:58: Looking up time zone info from registry
2024-12-27 15:45:41 INFO weather.py:158: Fetched new weather data at 2024-12-27 15:45:41.838637
2024-12-27 15:45:41 DEBUG __init__.py:143: CoInitializeEx(None, 2)
2024-12-27 15:45:42 WARNING widget_builder.py:35: Ignoring construction of invalid widget 'komorebi_active_layout'
2024-12-27 15:45:42 INFO weather.py:158: Fetched new weather data at 2024-12-27 15:45:42.533608
2024-12-27 15:46:04 INFO watcher.py:39: Created file watcher for path C:\Users\jojat\.config\yasb
2024-12-27 15:46:04 DEBUG _windows.py:213: Starting (proactor: <_IocpProactor overlapped#=0 result#=0>)...
2024-12-27 15:46:04 DEBUG _windows.py:192: Thread started
2024-12-27 15:46:40 ERROR config.py:90: The config file 'C:\Users\jojat\.config\yasb\config.yaml' contains validation errors. Please fix:
komorebi_active_layout:
- unknown field

2024-12-27 15:46:48 ERROR config.py:90: The config file 'C:\Users\jojat\.config\yasb\config.yaml' contains validation errors. Please fix:
komorebi_active_layout:
- unknown field

2024-12-27 15:47:05 ERROR config.py:90: The config file 'C:\Users\jojat\.config\yasb\config.yaml' contains validation errors. Please fix:
komorebi_active_layout:
- unknown field

2024-12-27 15:47:17 INFO log.py:21: Yasb
2024-12-27 15:47:17 ERROR errorhandler.py:105: Property: Invalid value for "CSS Level 2.1" property: 241, 235, 235 [6:5: color]
2024-12-27 15:47:17 ERROR errorhandler.py:105: Property: Invalid value for "CSS Fonts Module Level 3 @font-face properties/CSS Level 2.1" property: regular [7:5: font-weight]
2024-12-27 15:47:17 DEBUG win32.py:58: Looking up time zone info from registry
2024-12-27 15:47:17 INFO weather.py:158: Fetched new weather data at 2024-12-27 15:47:17.643242
2024-12-27 15:47:17 DEBUG __init__.py:143: CoInitializeEx(None, 2)
2024-12-27 15:47:18 INFO weather.py:158: Fetched new weather data at 2024-12-27 15:47:18.276417
2024-12-27 15:47:18 INFO event_listener.py:52: Created named pipe yasb-a6cd4539-c40d-11ef-9828-e848b8c82000
2024-12-27 15:47:18 INFO event_listener.py:106: Waiting for Komorebi to subscribe to named pipe yasb-a6cd4539-c40d-11ef-9828-e848b8c82000
2024-12-27 15:47:18 INFO watcher.py:39: Created file watcher for path C:\Users\jojat\.config\yasb
2024-12-27 15:47:18 DEBUG _windows.py:213: Starting (proactor: <_IocpProactor overlapped#=0 result#=0>)...
2024-12-27 15:47:18 DEBUG _windows.py:192: Thread started
2024-12-27 15:47:18 INFO event_listener.py:118: Komorebi connected to named pipe: yasb-a6cd4539-c40d-11ef-9828-e848b8c82000
2024-12-27 15:49:58 ERROR errorhandler.py:105: Property: Invalid value for "CSS Level 2.1" property: 241, 235, 235 [6:5: color]
2024-12-27 15:49:58 ERROR errorhandler.py:105: Property: Invalid value for "CSS Fonts Module Level 3 @font-face properties/CSS Level 2.1" property: regular [7:5: font-weight]
2024-12-27 15:49:58 ERROR config.py:116: The file 'C:\Users\jojat\.config\yasb\styles.css' contains Syntax Error(s). Please fix:
Property: No ":" after name found: border-width 1px [83:18: 1px]
2024-12-27 15:50:11 ERROR errorhandler.py:105: Property: Invalid value for "CSS Level 2.1" property: 241, 235, 235 [6:5: color]
2024-12-27 15:50:11 ERROR errorhandler.py:105: Property: Invalid value for "CSS Fonts Module Level 3 @font-face properties/CSS Level 2.1" property: regular [7:5: font-weight]
2024-12-27 15:50:11 INFO bar_manager.py:46: Successfully loaded updated stylesheet and applied to all bars.
2024-12-27 15:50:27 ERROR errorhandler.py:105: Property: Invalid value for "CSS Level 2.1" property: 241, 235, 235 [6:5: color]
2024-12-27 15:50:27 ERROR errorhandler.py:105: Property: Invalid value for "CSS Fonts Module Level 3 @font-face properties/CSS Level 2.1" property: regular [7:5: font-weight]
2024-12-27 15:50:27 INFO bar_manager.py:46: Successfully loaded updated stylesheet and applied to all bars.
2024-12-27 15:50:47 ERROR errorhandler.py:105: Property: Invalid value for "CSS Level 2.1" property: 241, 235, 235 [6:5: color]
2024-12-27 15:50:47 ERROR errorhandler.py:105: Property: Invalid value for "CSS Fonts Module Level 3 @font-face properties/CSS Level 2.1" property: regular [7:5: font-weight]
2024-12-27 15:50:47 INFO bar_manager.py:46: Successfully loaded updated stylesheet and applied to all bars.
2024-12-27 15:51:12 ERROR errorhandler.py:105: Property: Invalid value for "CSS Level 2.1" property: 241, 235, 235 [6:5: color]
2024-12-27 15:51:12 ERROR errorhandler.py:105: Property: Invalid value for "CSS Fonts Module Level 3 @font-face properties/CSS Level 2.1" property: regular [7:5: font-weight]
2024-12-27 15:51:12 INFO bar_manager.py:46: Successfully loaded updated stylesheet and applied to all bars.
2024-12-27 15:52:03 ERROR errorhandler.py:105: Property: Invalid value for "CSS Level 2.1" property: 241, 235, 235 [6:5: color]
2024-12-27 15:52:03 ERROR errorhandler.py:105: Property: Invalid value for "CSS Fonts Module Level 3 @font-face properties/CSS Level 2.1" property: regular [7:5: font-weight]
2024-12-27 15:52:03 INFO bar_manager.py:46: Successfully loaded updated stylesheet and applied to all bars.
2024-12-27 15:52:03 ERROR errorhandler.py:105: Property: Invalid value for "CSS Level 2.1" property: 241, 235, 235 [6:5: color]
2024-12-27 15:52:03 ERROR errorhandler.py:105: Property: Invalid value for "CSS Fonts Module Level 3 @font-face properties/CSS Level 2.1" property: regular [7:5: font-weight]
2024-12-27 15:52:17 ERROR errorhandler.py:105: Property: Invalid value for "CSS Level 2.1" property: 241, 235, 235 [6:5: color]
2024-12-27 15:52:17 ERROR errorhandler.py:105: Property: Invalid value for "CSS Fonts Module Level 3 @font-face properties/CSS Level 2.1" property: regular [7:5: font-weight]
2024-12-27 15:52:17 INFO bar_manager.py:46: Successfully loaded updated stylesheet and applied to all bars.
2024-12-27 15:52:17 ERROR errorhandler.py:105: Property: Invalid value for "CSS Level 2.1" property: 241, 235, 235 [6:5: color]
2024-12-27 15:52:17 ERROR errorhandler.py:105: Property: Invalid value for "CSS Fonts Module Level 3 @font-face properties/CSS Level 2.1" property: regular [7:5: font-weight]
2024-12-27 15:52:20 ERROR errorhandler.py:105: Property: Invalid value for "CSS Level 2.1" property: 241, 235, 235 [6:5: color]
2024-12-27 15:52:20 ERROR errorhandler.py:105: Property: Invalid value for "CSS Fonts Module Level 3 @font-face properties/CSS Level 2.1" property: regular [7:5: font-weight]
2024-12-27 15:52:20 INFO bar_manager.py:46: Successfully loaded updated stylesheet and applied to all bars.
2024-12-27 15:52:27 ERROR errorhandler.py:105: Property: Invalid value for "CSS Level 2.1" property: 241, 235, 235 [6:5: color]
2024-12-27 15:52:27 ERROR errorhandler.py:105: Property: Invalid value for "CSS Fonts Module Level 3 @font-face properties/CSS Level 2.1" property: regular [7:5: font-weight]
2024-12-27 15:52:27 INFO bar_manager.py:46: Successfully loaded updated stylesheet and applied to all bars.
2024-12-27 15:52:44 ERROR errorhandler.py:105: Property: Invalid value for "CSS Level 2.1" property: 241, 235, 235 [6:5: color]
2024-12-27 15:52:44 ERROR errorhandler.py:105: Property: Invalid value for "CSS Fonts Module Level 3 @font-face properties/CSS Level 2.1" property: regular [7:5: font-weight]
2024-12-27 15:52:44 INFO bar_manager.py:46: Successfully loaded updated stylesheet and applied to all bars.
2024-12-27 15:52:44 ERROR errorhandler.py:105: Property: Invalid value for "CSS Level 2.1" property: 241, 235, 235 [6:5: color]
2024-12-27 15:52:44 ERROR errorhandler.py:105: Property: Invalid value for "CSS Fonts Module Level 3 @font-face properties/CSS Level 2.1" property: regular [7:5: font-weight]
2024-12-27 15:53:31 ERROR errorhandler.py:105: Property: Invalid value for "CSS Level 2.1" property: 241, 235, 235 [6:5: color]
2024-12-27 15:53:31 ERROR errorhandler.py:105: Property: Invalid value for "CSS Fonts Module Level 3 @font-face properties/CSS Level 2.1" property: regular [7:5: font-weight]
2024-12-27 15:53:31 INFO bar_manager.py:46: Successfully loaded updated stylesheet and applied to all bars.
2024-12-27 15:53:36 ERROR errorhandler.py:105: Property: Invalid value for "CSS Level 2.1" property: 241, 235, 235 [6:5: color]
2024-12-27 15:53:36 ERROR errorhandler.py:105: Property: Invalid value for "CSS Fonts Module Level 3 @font-face properties/CSS Level 2.1" property: regular [7:5: font-weight]
2024-12-27 15:53:36 INFO bar_manager.py:46: Successfully loaded updated stylesheet and applied to all bars.
2024-12-27 15:54:22 ERROR errorhandler.py:105: Property: Invalid value for "CSS Level 2.1" property: 241, 235, 235 [6:5: color]
2024-12-27 15:54:22 ERROR errorhandler.py:105: Property: Invalid value for "CSS Fonts Module Level 3 @font-face properties/CSS Level 2.1" property: regular [7:5: font-weight]
2024-12-27 15:54:23 INFO bar_manager.py:46: Successfully loaded updated stylesheet and applied to all bars.
2024-12-27 15:54:32 ERROR errorhandler.py:105: Property: Invalid value for "CSS Level 2.1" property: 241, 235, 235 [6:5: color]
2024-12-27 15:54:32 ERROR errorhandler.py:105: Property: Invalid value for "CSS Fonts Module Level 3 @font-face properties/CSS Level 2.1" property: regular [7:5: font-weight]
2024-12-27 15:54:32 INFO bar_manager.py:46: Successfully loaded updated stylesheet and applied to all bars.
2024-12-27 15:54:59 ERROR errorhandler.py:105: Property: Invalid value for "CSS Level 2.1" property: 241, 235, 235 [6:5: color]
2024-12-27 15:54:59 ERROR errorhandler.py:105: Property: Invalid value for "CSS Fonts Module Level 3 @font-face properties/CSS Level 2.1" property: regular [7:5: font-weight]
2024-12-27 15:54:59 INFO bar_manager.py:46: Successfully loaded updated stylesheet and applied to all bars.
2024-12-27 15:54:59 ERROR errorhandler.py:105: Property: Invalid value for "CSS Level 2.1" property: 241, 235, 235 [6:5: color]
2024-12-27 15:54:59 ERROR errorhandler.py:105: Property: Invalid value for "CSS Fonts Module Level 3 @font-face properties/CSS Level 2.1" property: regular [7:5: font-weight]
2024-12-27 15:55:05 ERROR errorhandler.py:105: Property: Invalid value for "CSS Level 2.1" property: 241, 235, 235 [6:5: color]
2024-12-27 15:55:05 ERROR errorhandler.py:105: Property: Invalid value for "CSS Fonts Module Level 3 @font-face properties/CSS Level 2.1" property: regular [7:5: font-weight]
2024-12-27 15:55:06 INFO bar_manager.py:46: Successfully loaded updated stylesheet and applied to all bars.
2024-12-27 15:55:16 ERROR errorhandler.py:105: Property: Invalid value for "CSS Level 2.1" property: 241, 235, 235 [6:5: color]
2024-12-27 15:55:16 ERROR errorhandler.py:105: Property: Invalid value for "CSS Fonts Module Level 3 @font-face properties/CSS Level 2.1" property: regular [7:5: font-weight]
2024-12-27 15:55:16 INFO bar_manager.py:46: Successfully loaded updated stylesheet and applied to all bars.
2024-12-27 15:56:41 INFO log.py:21: Yasb
2024-12-27 15:56:41 ERROR errorhandler.py:105: Property: Invalid value for "CSS Level 2.1" property: 241, 235, 235 [6:5: color]
2024-12-27 15:56:41 ERROR errorhandler.py:105: Property: Invalid value for "CSS Fonts Module Level 3 @font-face properties/CSS Level 2.1" property: regular [7:5: font-weight]
2024-12-27 15:56:41 DEBUG win32.py:58: Looking up time zone info from registry
2024-12-27 15:56:41 INFO weather.py:158: Fetched new weather data at 2024-12-27 15:56:41.347617
2024-12-27 15:56:41 DEBUG __init__.py:143: CoInitializeEx(None, 2)
2024-12-27 15:56:41 INFO weather.py:158: Fetched new weather data at 2024-12-27 15:56:41.973200
2024-12-27 15:56:42 INFO event_listener.py:52: Created named pipe yasb-f6ccbdfb-c40e-11ef-9089-e848b8c82000
2024-12-27 15:56:42 INFO event_listener.py:106: Waiting for Komorebi to subscribe to named pipe yasb-f6ccbdfb-c40e-11ef-9089-e848b8c82000
2024-12-27 15:56:42 INFO watcher.py:39: Created file watcher for path C:\Users\jojat\.config\yasb
2024-12-27 15:56:42 DEBUG _windows.py:213: Starting (proactor: <_IocpProactor overlapped#=0 result#=0>)...
2024-12-27 15:56:42 DEBUG _windows.py:192: Thread started
2024-12-27 15:56:42 INFO event_listener.py:118: Komorebi connected to named pipe: yasb-f6ccbdfb-c40e-11ef-9089-e848b8c82000
2024-12-27 15:56:53 INFO log.py:21: Yasb
2024-12-27 15:56:53 ERROR errorhandler.py:105: Property: Invalid value for "CSS Level 2.1" property: 241, 235, 235 [6:5: color]
2024-12-27 15:56:53 ERROR errorhandler.py:105: Property: Invalid value for "CSS Fonts Module Level 3 @font-face properties/CSS Level 2.1" property: regular [7:5: font-weight]
2024-12-27 15:56:53 DEBUG win32.py:58: Looking up time zone info from registry
2024-12-27 15:56:54 INFO weather.py:158: Fetched new weather data at 2024-12-27 15:56:54.011520
2024-12-27 15:56:54 DEBUG __init__.py:143: CoInitializeEx(None, 2)
2024-12-27 15:56:54 INFO weather.py:158: Fetched new weather data at 2024-12-27 15:56:54.632988
2024-12-27 15:56:54 INFO event_listener.py:52: Created named pipe yasb-fe558893-c40e-11ef-979c-e848b8c82000
2024-12-27 15:56:54 INFO event_listener.py:106: Waiting for Komorebi to subscribe to named pipe yasb-fe558893-c40e-11ef-979c-e848b8c82000
2024-12-27 15:56:54 INFO watcher.py:39: Created file watcher for path C:\Users\jojat\.config\yasb
2024-12-27 15:56:54 DEBUG _windows.py:213: Starting (proactor: <_IocpProactor overlapped#=0 result#=0>)...
2024-12-27 15:56:54 DEBUG _windows.py:192: Thread started
2024-12-27 15:56:55 INFO event_listener.py:118: Komorebi connected to named pipe: yasb-fe558893-c40e-11ef-979c-e848b8c82000
2024-12-27 15:58:13 ERROR errorhandler.py:105: Property: Invalid value for "CSS Level 2.1" property: 241, 235, 235 [6:5: color]
2024-12-27 15:58:13 ERROR errorhandler.py:105: Property: Invalid value for "CSS Fonts Module Level 3 @font-face properties/CSS Level 2.1" property: regular [7:5: font-weight]
2024-12-27 15:58:13 ERROR config.py:116: The file 'C:\Users\jojat\.config\yasb\styles.css' contains Syntax Error(s). Please fix:
PropertyValue: No match: ('CHAR', ':', 99, 11)
2024-12-27 15:58:20 ERROR errorhandler.py:105: Property: Invalid value for "CSS Level 2.1" property: 241, 235, 235 [6:5: color]
2024-12-27 15:58:20 ERROR errorhandler.py:105: Property: Invalid value for "CSS Fonts Module Level 3 @font-face properties/CSS Level 2.1" property: regular [7:5: font-weight]
2024-12-27 15:58:20 INFO bar_manager.py:46: Successfully loaded updated stylesheet and applied to all bars.
2024-12-27 15:58:28 ERROR errorhandler.py:105: Property: Invalid value for "CSS Level 2.1" property: 241, 235, 235 [6:5: color]
2024-12-27 15:58:28 ERROR errorhandler.py:105: Property: Invalid value for "CSS Fonts Module Level 3 @font-face properties/CSS Level 2.1" property: regular [7:5: font-weight]
2024-12-27 15:58:28 INFO bar_manager.py:46: Successfully loaded updated stylesheet and applied to all bars.
2024-12-27 15:58:28 ERROR errorhandler.py:105: Property: Invalid value for "CSS Level 2.1" property: 241, 235, 235 [6:5: color]
2024-12-27 15:58:28 ERROR errorhandler.py:105: Property: Invalid value for "CSS Fonts Module Level 3 @font-face properties/CSS Level 2.1" property: regular [7:5: font-weight]
2024-12-27 15:58:32 ERROR errorhandler.py:105: Property: Invalid value for "CSS Level 2.1" property: 241, 235, 235 [6:5: color]
2024-12-27 15:58:32 ERROR errorhandler.py:105: Property: Invalid value for "CSS Fonts Module Level 3 @font-face properties/CSS Level 2.1" property: regular [7:5: font-weight]
2024-12-27 15:58:51 ERROR errorhandler.py:105: Property: Invalid value for "CSS Level 2.1" property: 241, 235, 235 [6:5: color]
2024-12-27 15:58:51 ERROR errorhandler.py:105: Property: Invalid value for "CSS Fonts Module Level 3 @font-face properties/CSS Level 2.1" property: regular [7:5: font-weight]
2024-12-27 15:58:51 INFO bar_manager.py:46: Successfully loaded updated stylesheet and applied to all bars.
2024-12-27 15:58:51 ERROR errorhandler.py:105: Property: Invalid value for "CSS Level 2.1" property: 241, 235, 235 [6:5: color]
2024-12-27 15:58:51 ERROR errorhandler.py:105: Property: Invalid value for "CSS Fonts Module Level 3 @font-face properties/CSS Level 2.1" property: regular [7:5: font-weight]
2024-12-27 15:58:55 ERROR errorhandler.py:105: Property: Invalid value for "CSS Level 2.1" property: 241, 235, 235 [6:5: color]
2024-12-27 15:58:55 ERROR errorhandler.py:105: Property: Invalid value for "CSS Fonts Module Level 3 @font-face properties/CSS Level 2.1" property: regular [7:5: font-weight]
2024-12-27 15:58:55 INFO bar_manager.py:46: Successfully loaded updated stylesheet and applied to all bars.
2024-12-27 15:59:25 ERROR errorhandler.py:105: Property: Invalid value for "CSS Level 2.1" property: 241, 235, 235 [6:5: color]
2024-12-27 15:59:25 ERROR errorhandler.py:105: Property: Invalid value for "CSS Fonts Module Level 3 @font-face properties/CSS Level 2.1" property: regular [7:5: font-weight]
2024-12-27 15:59:25 INFO bar_manager.py:46: Successfully loaded updated stylesheet and applied to all bars.
2024-12-27 15:59:25 ERROR errorhandler.py:105: Property: Invalid value for "CSS Level 2.1" property: 241, 235, 235 [6:5: color]
2024-12-27 15:59:25 ERROR errorhandler.py:105: Property: Invalid value for "CSS Fonts Module Level 3 @font-face properties/CSS Level 2.1" property: regular [7:5: font-weight]
2024-12-27 16:06:54 INFO weather.py:158: Fetched new weather data at 2024-12-27 16:06:54.210980
2024-12-27 16:06:54 INFO weather.py:158: Fetched new weather data at 2024-12-27 16:06:54.620037
2024-12-27 16:16:54 INFO weather.py:158: Fetched new weather data at 2024-12-27 16:16:54.087747
2024-12-27 16:16:54 INFO weather.py:158: Fetched new weather data at 2024-12-27 16:16:54.619012
2024-12-27 16:22:09 WARNING event_listener.py:83: Pipe has been ended: (109, 'PeekNamedPipe', 'The pipe has been ended.')
2024-12-27 16:22:09 INFO event_listener.py:93: Attempting to reconnect...
2024-12-27 16:22:14 INFO event_listener.py:52: Created named pipe yasb-fe558893-c40e-11ef-979c-e848b8c82000
2024-12-27 16:22:14 INFO event_listener.py:106: Waiting for Komorebi to subscribe to named pipe yasb-fe558893-c40e-11ef-979c-e848b8c82000
2024-12-27 16:22:14 WARNING event_listener.py:111: Komorebi failed to subscribe named pipe. Waiting for subscription...
2024-12-27 16:26:54 INFO weather.py:158: Fetched new weather data at 2024-12-27 16:26:54.206206
2024-12-27 16:26:54 INFO weather.py:158: Fetched new weather data at 2024-12-27 16:26:54.617125
2024-12-27 16:36:54 INFO weather.py:158: Fetched new weather data at 2024-12-27 16:36:54.045956
2024-12-27 16:36:54 INFO weather.py:158: Fetched new weather data at 2024-12-27 16:36:54.616862
2024-12-27 16:46:54 INFO weather.py:158: Fetched new weather data at 2024-12-27 16:46:54.166659
2024-12-27 16:46:54 INFO weather.py:158: Fetched new weather data at 2024-12-27 16:46:54.615387
2024-12-27 16:56:54 INFO weather.py:158: Fetched new weather data at 2024-12-27 16:56:54.175802
2024-12-27 16:56:54 INFO weather.py:158: Fetched new weather data at 2024-12-27 16:56:54.573638
2024-12-27 17:06:54 INFO weather.py:158: Fetched new weather data at 2024-12-27 17:06:54.017753
2024-12-27 17:06:54 INFO weather.py:158: Fetched new weather data at 2024-12-27 17:06:54.462738
2024-12-27 17:06:59 ERROR errorhandler.py:105: Property: Invalid value for "CSS Level 2.1" property: 241, 235, 235 [6:5: color]
2024-12-27 17:06:59 ERROR errorhandler.py:105: Property: Invalid value for "CSS Fonts Module Level 3 @font-face properties/CSS Level 2.1" property: regular [7:5: font-weight]
2024-12-27 17:06:59 ERROR errorhandler.py:105: Property: Invalid value for "CSS Level 2.1" property: 241, 235, 235 [6:5: color]
2024-12-27 17:06:59 ERROR errorhandler.py:105: Property: Invalid value for "CSS Fonts Module Level 3 @font-face properties/CSS Level 2.1" property: regular [7:5: font-weight]
2024-12-27 17:06:59 ERROR errorhandler.py:105: Property: Invalid value for "CSS Level 2.1" property: 241, 235, 235 [6:5: color]
2024-12-27 17:06:59 ERROR errorhandler.py:105: Property: Invalid value for "CSS Fonts Module Level 3 @font-face properties/CSS Level 2.1" property: regular [7:5: font-weight]
2024-12-27 17:06:59 ERROR errorhandler.py:105: Property: Invalid value for "CSS Level 2.1" property: 241, 235, 235 [6:5: color]
2024-12-27 17:06:59 ERROR errorhandler.py:105: Property: Invalid value for "CSS Fonts Module Level 3 @font-face properties/CSS Level 2.1" property: regular [7:5: font-weight]
2024-12-27 17:06:59 ERROR errorhandler.py:105: Property: Invalid value for "CSS Level 2.1" property: 241, 235, 235 [6:5: color]
2024-12-27 17:06:59 ERROR errorhandler.py:105: Property: Invalid value for "CSS Fonts Module Level 3 @font-face properties/CSS Level 2.1" property: regular [7:5: font-weight]
2024-12-27 17:07:00 ERROR errorhandler.py:105: Property: Invalid value for "CSS Level 2.1" property: 241, 235, 235 [6:5: color]
2024-12-27 17:07:00 ERROR errorhandler.py:105: Property: Invalid value for "CSS Fonts Module Level 3 @font-face properties/CSS Level 2.1" property: regular [7:5: font-weight]
2024-12-27 17:07:00 ERROR errorhandler.py:105: Property: Invalid value for "CSS Level 2.1" property: 241, 235, 235 [6:5: color]
2024-12-27 17:07:00 ERROR errorhandler.py:105: Property: Invalid value for "CSS Fonts Module Level 3 @font-face properties/CSS Level 2.1" property: regular [7:5: font-weight]
2024-12-27 17:07:00 ERROR errorhandler.py:105: Property: Invalid value for "CSS Level 2.1" property: 241, 235, 235 [6:5: color]
2024-12-27 17:07:00 ERROR errorhandler.py:105: Property: Invalid value for "CSS Fonts Module Level 3 @font-face properties/CSS Level 2.1" property: regular [7:5: font-weight]
2024-12-27 17:07:01 ERROR errorhandler.py:105: Property: Invalid value for "CSS Level 2.1" property: 241, 235, 235 [6:5: color]
2024-12-27 17:07:01 ERROR errorhandler.py:105: Property: Invalid value for "CSS Fonts Module Level 3 @font-face properties/CSS Level 2.1" property: regular [7:5: font-weight]
2024-12-27 17:07:01 ERROR errorhandler.py:105: Property: Invalid value for "CSS Level 2.1" property: 241, 235, 235 [6:5: color]
2024-12-27 17:07:01 ERROR errorhandler.py:105: Property: Invalid value for "CSS Fonts Module Level 3 @font-face properties/CSS Level 2.1" property: regular [7:5: font-weight]
2024-12-27 17:07:01 ERROR errorhandler.py:105: Property: Invalid value for "CSS Level 2.1" property: 241, 235, 235 [6:5: color]
2024-12-27 17:07:01 ERROR errorhandler.py:105: Property: Invalid value for "CSS Fonts Module Level 3 @font-face properties/CSS Level 2.1" property: regular [7:5: font-weight]
2024-12-27 17:07:01 ERROR errorhandler.py:105: Property: Invalid value for "CSS Level 2.1" property: 241, 235, 235 [6:5: color]
2024-12-27 17:07:01 ERROR errorhandler.py:105: Property: Invalid value for "CSS Fonts Module Level 3 @font-face properties/CSS Level 2.1" property: regular [7:5: font-weight]
2024-12-27 17:07:01 ERROR errorhandler.py:105: Property: Invalid value for "CSS Level 2.1" property: 241, 235, 235 [6:5: color]
2024-12-27 17:07:01 ERROR errorhandler.py:105: Property: Invalid value for "CSS Fonts Module Level 3 @font-face properties/CSS Level 2.1" property: regular [7:5: font-weight]
2024-12-27 17:07:01 ERROR errorhandler.py:105: Property: Invalid value for "CSS Level 2.1" property: 241, 235, 235 [6:5: color]
2024-12-27 17:07:01 ERROR errorhandler.py:105: Property: Invalid value for "CSS Fonts Module Level 3 @font-face properties/CSS Level 2.1" property: regular [7:5: font-weight]
2024-12-27 17:07:03 ERROR errorhandler.py:105: Property: Invalid value for "CSS Level 2.1" property: 241, 235, 235 [6:5: color]
2024-12-27 17:07:03 ERROR errorhandler.py:105: Property: Invalid value for "CSS Fonts Module Level 3 @font-face properties/CSS Level 2.1" property: regular [7:5: font-weight]
2024-12-27 17:07:03 ERROR errorhandler.py:105: Property: Invalid value for "CSS Level 2.1" property: 241, 235, 235 [6:5: color]
2024-12-27 17:07:03 ERROR errorhandler.py:105: Property: Invalid value for "CSS Fonts Module Level 3 @font-face properties/CSS Level 2.1" property: regular [7:5: font-weight]
2024-12-27 17:07:03 ERROR errorhandler.py:105: Property: Invalid value for "CSS Level 2.1" property: 241, 235, 235 [6:5: color]
2024-12-27 17:07:03 ERROR errorhandler.py:105: Property: Invalid value for "CSS Fonts Module Level 3 @font-face properties/CSS Level 2.1" property: regular [7:5: font-weight]
2024-12-27 17:07:03 ERROR errorhandler.py:105: Property: Invalid value for "CSS Level 2.1" property: 241, 235, 235 [6:5: color]
2024-12-27 17:07:03 ERROR errorhandler.py:105: Property: Invalid value for "CSS Fonts Module Level 3 @font-face properties/CSS Level 2.1" property: regular [7:5: font-weight]
2024-12-27 17:07:03 ERROR errorhandler.py:105: Property: Invalid value for "CSS Level 2.1" property: 241, 235, 235 [6:5: color]
2024-12-27 17:07:03 ERROR errorhandler.py:105: Property: Invalid value for "CSS Fonts Module Level 3 @font-face properties/CSS Level 2.1" property: regular [7:5: font-weight]
2024-12-27 17:07:03 ERROR errorhandler.py:105: Property: Invalid value for "CSS Level 2.1" property: 241, 235, 235 [6:5: color]
2024-12-27 17:07:03 ERROR errorhandler.py:105: Property: Invalid value for "CSS Fonts Module Level 3 @font-face properties/CSS Level 2.1" property: regular [7:5: font-weight]
2024-12-27 17:16:53 INFO weather.py:158: Fetched new weather data at 2024-12-27 17:16:53.982858
2024-12-27 17:16:54 INFO weather.py:158: Fetched new weather data at 2024-12-27 17:16:54.368852
2024-12-27 17:26:53 INFO weather.py:158: Fetched new weather data at 2024-12-27 17:26:53.927625
2024-12-27 17:26:54 INFO weather.py:158: Fetched new weather data at 2024-12-27 17:26:54.287899
2024-12-27 17:36:53 INFO weather.py:158: Fetched new weather data at 2024-12-27 17:36:53.728939
2024-12-27 17:36:54 INFO weather.py:158: Fetched new weather data at 2024-12-27 17:36:54.226256
2024-12-27 17:46:53 INFO weather.py:158: Fetched new weather data at 2024-12-27 17:46:53.757340
2024-12-27 17:46:54 INFO weather.py:158: Fetched new weather data at 2024-12-27 17:46:54.170870
2024-12-27 17:56:53 INFO weather.py:158: Fetched new weather data at 2024-12-27 17:56:53.735686
2024-12-27 17:56:54 INFO weather.py:158: Fetched new weather data at 2024-12-27 17:56:54.125425
2024-12-27 18:06:53 INFO weather.py:158: Fetched new weather data at 2024-12-27 18:06:53.700404
2024-12-27 18:06:54 INFO weather.py:158: Fetched new weather data at 2024-12-27 18:06:54.086555
2024-12-27 18:16:53 INFO weather.py:158: Fetched new weather data at 2024-12-27 18:16:53.591878
2024-12-27 18:16:54 INFO weather.py:158: Fetched new weather data at 2024-12-27 18:16:54.053567
2024-12-27 18:17:05 ERROR errorhandler.py:105: Property: Invalid value for "CSS Level 2.1" property: 241, 235, 235 [6:5: color]
2024-12-27 18:17:05 ERROR errorhandler.py:105: Property: Invalid value for "CSS Fonts Module Level 3 @font-face properties/CSS Level 2.1" property: regular [7:5: font-weight]
2024-12-27 18:17:05 ERROR errorhandler.py:105: Property: Invalid value for "CSS Level 2.1" property: 241, 235, 235 [6:5: color]
2024-12-27 18:17:05 ERROR errorhandler.py:105: Property: Invalid value for "CSS Fonts Module Level 3 @font-face properties/CSS Level 2.1" property: regular [7:5: font-weight]
2024-12-27 18:17:06 ERROR errorhandler.py:105: Property: Invalid value for "CSS Level 2.1" property: 241, 235, 235 [6:5: color]
2024-12-27 18:17:06 ERROR errorhandler.py:105: Property: Invalid value for "CSS Fonts Module Level 3 @font-face properties/CSS Level 2.1" property: regular [7:5: font-weight]
2024-12-27 18:17:06 ERROR errorhandler.py:105: Property: Invalid value for "CSS Level 2.1" property: 241, 235, 235 [6:5: color]
2024-12-27 18:17:06 ERROR errorhandler.py:105: Property: Invalid value for "CSS Fonts Module Level 3 @font-face properties/CSS Level 2.1" property: regular [7:5: font-weight]
2024-12-27 18:17:06 ERROR errorhandler.py:105: Property: Invalid value for "CSS Level 2.1" property: 241, 235, 235 [6:5: color]
2024-12-27 18:17:06 ERROR errorhandler.py:105: Property: Invalid value for "CSS Fonts Module Level 3 @font-face properties/CSS Level 2.1" property: regular [7:5: font-weight]
2024-12-27 18:17:06 ERROR errorhandler.py:105: Property: Invalid value for "CSS Level 2.1" property: 241, 235, 235 [6:5: color]
2024-12-27 18:17:06 ERROR errorhandler.py:105: Property: Invalid value for "CSS Fonts Module Level 3 @font-face properties/CSS Level 2.1" property: regular [7:5: font-weight]
2024-12-27 18:17:06 ERROR errorhandler.py:105: Property: Invalid value for "CSS Level 2.1" property: 241, 235, 235 [6:5: color]
2024-12-27 18:17:06 ERROR errorhandler.py:105: Property: Invalid value for "CSS Fonts Module Level 3 @font-face properties/CSS Level 2.1" property: regular [7:5: font-weight]
2024-12-27 18:17:06 ERROR errorhandler.py:105: Property: Invalid value for "CSS Level 2.1" property: 241, 235, 235 [6:5: color]
2024-12-27 18:17:06 ERROR errorhandler.py:105: Property: Invalid value for "CSS Fonts Module Level 3 @font-face properties/CSS Level 2.1" property: regular [7:5: font-weight]
2024-12-28 10:48:04 INFO log.py:21: Yasb
2024-12-28 10:48:04 ERROR errorhandler.py:105: Property: Invalid value for "CSS Level 2.1" property: 241, 235, 235 [6:5: color]
2024-12-28 10:48:04 ERROR errorhandler.py:105: Property: Invalid value for "CSS Fonts Module Level 3 @font-face properties/CSS Level 2.1" property: regular [7:5: font-weight]
2024-12-28 10:48:05 DEBUG win32.py:58: Looking up time zone info from registry
2024-12-28 10:48:08 INFO weather.py:156: Fetched new weather data at 2024-12-28 10:48:08.015165
2024-12-28 10:48:08 DEBUG __init__.py:143: CoInitializeEx(None, 2)
2024-12-28 10:48:08 ERROR widget_builder.py:64: Failed to import widget with type yasb.microphone.MicrophoneWidget
Traceback (most recent call last):
  File "D:\a\yasb\yasb\src\core\utils\widget_builder.py", line 42, in _build_widget
  File "C:\hostedtoolcache\windows\Python\3.12.7\x64\Lib\importlib\__init__.py", line 90, in import_module
  File "<frozen importlib._bootstrap>", line 1387, in _gcd_import
  File "<frozen importlib._bootstrap>", line 1360, in _find_and_load
  File "<frozen importlib._bootstrap>", line 1324, in _find_and_load_unlocked
ModuleNotFoundError: No module named 'core.widgets.yasb.microphone'
2024-12-28 10:48:09 INFO weather.py:156: Fetched new weather data at 2024-12-28 10:48:09.082668
2024-12-28 10:48:09 ERROR widget_builder.py:64: Failed to import widget with type yasb.microphone.MicrophoneWidget
Traceback (most recent call last):
  File "D:\a\yasb\yasb\src\core\utils\widget_builder.py", line 42, in _build_widget
  File "C:\hostedtoolcache\windows\Python\3.12.7\x64\Lib\importlib\__init__.py", line 90, in import_module
  File "<frozen importlib._bootstrap>", line 1387, in _gcd_import
  File "<frozen importlib._bootstrap>", line 1360, in _find_and_load
  File "<frozen importlib._bootstrap>", line 1324, in _find_and_load_unlocked
ModuleNotFoundError: No module named 'core.widgets.yasb.microphone'
2024-12-28 10:48:09 INFO event_listener.py:52: Created named pipe yasb-06a0e2c9-c4ad-11ef-85d4-e848b8c82000
2024-12-28 10:48:09 INFO event_listener.py:106: Waiting for Komorebi to subscribe to named pipe yasb-06a0e2c9-c4ad-11ef-85d4-e848b8c82000
2024-12-28 10:48:09 WARNING event_listener.py:111: Komorebi failed to subscribe named pipe. Waiting for subscription...
2024-12-28 10:48:19 INFO watcher.py:39: Created file watcher for path C:\Users\jojat\.config\yasb
2024-12-28 10:48:19 DEBUG _windows.py:213: Starting (proactor: <_IocpProactor overlapped#=0 result#=0>)...
2024-12-28 10:48:19 DEBUG _windows.py:192: Thread started
2024-12-28 10:48:29 INFO tray.py:205: Exiting Application from tray...
2024-12-28 10:48:29 DEBUG _windows.py:218: Stopping worker thread...
2024-12-28 10:48:29 DEBUG _windows.py:201: Exiting thread
2024-12-28 10:48:29 DEBUG _windows.py:75: Closing
2024-12-28 10:49:24 INFO log.py:21: Yasb
2024-12-28 10:49:24 ERROR errorhandler.py:105: Property: Invalid value for "CSS Level 2.1" property: 241, 235, 235 [6:5: color]
2024-12-28 10:49:24 ERROR errorhandler.py:105: Property: Invalid value for "CSS Fonts Module Level 3 @font-face properties/CSS Level 2.1" property: regular [7:5: font-weight]
2024-12-28 10:49:24 DEBUG win32.py:58: Looking up time zone info from registry
2024-12-28 10:49:26 INFO weather.py:158: Fetched new weather data at 2024-12-28 10:49:26.732852
2024-12-28 10:49:27 DEBUG __init__.py:143: CoInitializeEx(None, 2)
2024-12-28 10:49:27 INFO weather.py:158: Fetched new weather data at 2024-12-28 10:49:27.967431
2024-12-28 10:49:28 INFO event_listener.py:52: Created named pipe yasb-35ad73b6-c4ad-11ef-a9d6-e848b8c82000
2024-12-28 10:49:28 INFO event_listener.py:106: Waiting for Komorebi to subscribe to named pipe yasb-35ad73b6-c4ad-11ef-a9d6-e848b8c82000
2024-12-28 10:49:28 INFO watcher.py:39: Created file watcher for path C:\Users\jojat\.config\yasb
2024-12-28 10:49:28 DEBUG _windows.py:213: Starting (proactor: <_IocpProactor overlapped#=0 result#=0>)...
2024-12-28 10:49:28 DEBUG _windows.py:192: Thread started
2024-12-28 10:49:28 INFO event_listener.py:118: Komorebi connected to named pipe: yasb-35ad73b6-c4ad-11ef-a9d6-e848b8c82000
2024-12-28 10:52:28 WARNING event_listener.py:83: Pipe has been ended: (109, 'PeekNamedPipe', 'The pipe has been ended.')
2024-12-28 10:52:28 INFO event_listener.py:93: Attempting to reconnect...
2024-12-28 10:52:33 INFO event_listener.py:52: Created named pipe yasb-35ad73b6-c4ad-11ef-a9d6-e848b8c82000
2024-12-28 10:52:33 INFO event_listener.py:106: Waiting for Komorebi to subscribe to named pipe yasb-35ad73b6-c4ad-11ef-a9d6-e848b8c82000
2024-12-28 10:52:33 WARNING event_listener.py:111: Komorebi failed to subscribe named pipe. Waiting for subscription...
2024-12-28 10:52:43 INFO event_listener.py:118: Komorebi connected to named pipe: yasb-35ad73b6-c4ad-11ef-a9d6-e848b8c82000
2024-12-28 10:59:26 INFO weather.py:158: Fetched new weather data at 2024-12-28 10:59:26.720447
2024-12-28 10:59:28 INFO weather.py:158: Fetched new weather data at 2024-12-28 10:59:28.259571
2024-12-28 11:01:37 WARNING event_listener.py:83: Pipe has been ended: (109, 'PeekNamedPipe', 'The pipe has been ended.')
2024-12-28 11:01:37 INFO event_listener.py:93: Attempting to reconnect...
2024-12-28 11:01:42 INFO event_listener.py:52: Created named pipe yasb-35ad73b6-c4ad-11ef-a9d6-e848b8c82000
2024-12-28 11:01:42 INFO event_listener.py:106: Waiting for Komorebi to subscribe to named pipe yasb-35ad73b6-c4ad-11ef-a9d6-e848b8c82000
2024-12-28 11:01:42 WARNING event_listener.py:111: Komorebi failed to subscribe named pipe. Waiting for subscription...
2024-12-28 11:09:26 INFO weather.py:158: Fetched new weather data at 2024-12-28 11:09:26.650664
2024-12-28 11:09:28 INFO weather.py:158: Fetched new weather data at 2024-12-28 11:09:28.213339
2024-12-28 11:14:47 INFO tray.py:202: Exiting Application from tray...
2024-12-28 11:14:47 DEBUG _windows.py:218: Stopping worker thread...
2024-12-28 11:14:47 DEBUG _windows.py:201: Exiting thread
2024-12-28 11:14:47 DEBUG _windows.py:75: Closing
2024-12-28 11:39:04 INFO log.py:21: Yasb
2024-12-28 11:39:04 ERROR errorhandler.py:105: Property: Invalid value for "CSS Level 2.1" property: 241, 235, 235 [6:5: color]
2024-12-28 11:39:04 ERROR errorhandler.py:105: Property: Invalid value for "CSS Fonts Module Level 3 @font-face properties/CSS Level 2.1" property: regular [7:5: font-weight]
2024-12-28 11:39:05 DEBUG win32.py:58: Looking up time zone info from registry
2024-12-28 11:39:07 INFO weather.py:156: Fetched new weather data at 2024-12-28 11:39:07.623579
2024-12-28 11:39:07 DEBUG __init__.py:143: CoInitializeEx(None, 2)
2024-12-28 11:39:07 ERROR widget_builder.py:64: Failed to import widget with type yasb.microphone.MicrophoneWidget
Traceback (most recent call last):
  File "D:\a\yasb\yasb\src\core\utils\widget_builder.py", line 42, in _build_widget
  File "C:\hostedtoolcache\windows\Python\3.12.7\x64\Lib\importlib\__init__.py", line 90, in import_module
  File "<frozen importlib._bootstrap>", line 1387, in _gcd_import
  File "<frozen importlib._bootstrap>", line 1360, in _find_and_load
  File "<frozen importlib._bootstrap>", line 1324, in _find_and_load_unlocked
ModuleNotFoundError: No module named 'core.widgets.yasb.microphone'
2024-12-28 11:39:08 INFO weather.py:156: Fetched new weather data at 2024-12-28 11:39:08.456067
2024-12-28 11:39:08 ERROR widget_builder.py:64: Failed to import widget with type yasb.microphone.MicrophoneWidget
Traceback (most recent call last):
  File "D:\a\yasb\yasb\src\core\utils\widget_builder.py", line 42, in _build_widget
  File "C:\hostedtoolcache\windows\Python\3.12.7\x64\Lib\importlib\__init__.py", line 90, in import_module
  File "<frozen importlib._bootstrap>", line 1387, in _gcd_import
  File "<frozen importlib._bootstrap>", line 1360, in _find_and_load
  File "<frozen importlib._bootstrap>", line 1324, in _find_and_load_unlocked
ModuleNotFoundError: No module named 'core.widgets.yasb.microphone'
2024-12-28 11:39:08 INFO event_listener.py:52: Created named pipe yasb-262a690a-c4b4-11ef-b19b-e848b8c82000
2024-12-28 11:39:08 INFO event_listener.py:106: Waiting for Komorebi to subscribe to named pipe yasb-262a690a-c4b4-11ef-b19b-e848b8c82000
2024-12-28 11:39:08 WARNING event_listener.py:111: Komorebi failed to subscribe named pipe. Waiting for subscription...
2024-12-28 11:39:12 INFO watcher.py:39: Created file watcher for path C:\Users\jojat\.config\yasb
2024-12-28 11:39:12 DEBUG _windows.py:213: Starting (proactor: <_IocpProactor overlapped#=0 result#=0>)...
2024-12-28 11:39:12 DEBUG _windows.py:192: Thread started
2024-12-28 11:39:17 INFO tray.py:205: Exiting Application from tray...
2024-12-28 11:39:17 DEBUG _windows.py:218: Stopping worker thread...
2024-12-28 11:39:17 DEBUG _windows.py:201: Exiting thread
2024-12-28 11:39:17 DEBUG _windows.py:75: Closing
2024-12-28 11:39:21 INFO log.py:21: Yasb
2024-12-28 11:39:21 ERROR errorhandler.py:105: Property: Invalid value for "CSS Level 2.1" property: 241, 235, 235 [6:5: color]
2024-12-28 11:39:21 ERROR errorhandler.py:105: Property: Invalid value for "CSS Fonts Module Level 3 @font-face properties/CSS Level 2.1" property: regular [7:5: font-weight]
2024-12-28 11:39:21 DEBUG win32.py:58: Looking up time zone info from registry
2024-12-28 11:39:22 INFO weather.py:158: Fetched new weather data at 2024-12-28 11:39:22.936692
2024-12-28 11:39:22 DEBUG __init__.py:143: CoInitializeEx(None, 2)
2024-12-28 11:39:23 INFO weather.py:158: Fetched new weather data at 2024-12-28 11:39:23.688920
2024-12-28 11:39:23 INFO event_listener.py:52: Created named pipe yasb-2f4503e9-c4b4-11ef-b871-e848b8c82000
2024-12-28 11:39:23 INFO event_listener.py:106: Waiting for Komorebi to subscribe to named pipe yasb-2f4503e9-c4b4-11ef-b871-e848b8c82000
2024-12-28 11:39:23 INFO watcher.py:39: Created file watcher for path C:\Users\jojat\.config\yasb
2024-12-28 11:39:23 DEBUG _windows.py:213: Starting (proactor: <_IocpProactor overlapped#=0 result#=0>)...
2024-12-28 11:39:23 DEBUG _windows.py:192: Thread started
2024-12-28 11:39:23 INFO event_listener.py:118: Komorebi connected to named pipe: yasb-2f4503e9-c4b4-11ef-b871-e848b8c82000
2024-12-28 11:41:16 INFO tray.py:202: Exiting Application from tray...
2024-12-28 11:41:16 DEBUG _windows.py:218: Stopping worker thread...
2024-12-28 11:41:16 DEBUG _windows.py:201: Exiting thread
2024-12-28 11:41:16 DEBUG _windows.py:75: Closing
2024-12-28 11:41:17 ERROR event_service.py:30: Failed to emit signal <bound PYQT_SIGNAL k_signal_update of ActiveLayoutWidget object at 0x0000022FB3A0D9F0>. Removing link to KomorebiEvent.KomorebiUpdate.
2024-12-28 11:41:19 INFO log.py:21: Yasb
2024-12-28 11:41:19 ERROR errorhandler.py:105: Property: Invalid value for "CSS Level 2.1" property: 241, 235, 235 [6:5: color]
2024-12-28 11:41:19 ERROR errorhandler.py:105: Property: Invalid value for "CSS Fonts Module Level 3 @font-face properties/CSS Level 2.1" property: regular [7:5: font-weight]
2024-12-28 11:41:19 DEBUG win32.py:58: Looking up time zone info from registry
2024-12-28 11:41:20 INFO weather.py:158: Fetched new weather data at 2024-12-28 11:41:20.064403
2024-12-28 11:41:20 DEBUG __init__.py:143: CoInitializeEx(None, 2)
2024-12-28 11:41:20 INFO weather.py:158: Fetched new weather data at 2024-12-28 11:41:20.644863
2024-12-28 11:41:20 INFO event_listener.py:52: Created named pipe yasb-74f979f0-c4b4-11ef-86bf-e848b8c82000
2024-12-28 11:41:20 INFO event_listener.py:106: Waiting for Komorebi to subscribe to named pipe yasb-74f979f0-c4b4-11ef-86bf-e848b8c82000
2024-12-28 11:41:20 INFO watcher.py:39: Created file watcher for path C:\Users\jojat\.config\yasb
2024-12-28 11:41:20 DEBUG _windows.py:213: Starting (proactor: <_IocpProactor overlapped#=0 result#=0>)...
2024-12-28 11:41:20 DEBUG _windows.py:192: Thread started
2024-12-28 11:41:20 INFO event_listener.py:118: Komorebi connected to named pipe: yasb-74f979f0-c4b4-11ef-86bf-e848b8c82000
2024-12-28 11:41:30 INFO tray.py:202: Exiting Application from tray...
2024-12-28 11:41:30 DEBUG _windows.py:218: Stopping worker thread...
2024-12-28 11:41:30 DEBUG _windows.py:201: Exiting thread
2024-12-28 11:41:30 DEBUG _windows.py:75: Closing
2024-12-28 11:41:30 ERROR event_service.py:30: Failed to emit signal <bound PYQT_SIGNAL k_signal_update of ActiveLayoutWidget object at 0x0000029661B2D9F0>. Removing link to KomorebiEvent.KomorebiUpdate.
2024-12-28 11:41:32 INFO log.py:21: Yasb
2024-12-28 11:41:32 ERROR errorhandler.py:105: Property: Invalid value for "CSS Level 2.1" property: 241, 235, 235 [6:5: color]
2024-12-28 11:41:32 ERROR errorhandler.py:105: Property: Invalid value for "CSS Fonts Module Level 3 @font-face properties/CSS Level 2.1" property: regular [7:5: font-weight]
2024-12-28 11:41:32 DEBUG win32.py:58: Looking up time zone info from registry
2024-12-28 11:41:32 INFO weather.py:156: Fetched new weather data at 2024-12-28 11:41:32.645809
2024-12-28 11:41:32 DEBUG __init__.py:143: CoInitializeEx(None, 2)
2024-12-28 11:41:32 ERROR widget_builder.py:64: Failed to import widget with type yasb.microphone.MicrophoneWidget
Traceback (most recent call last):
  File "D:\a\yasb\yasb\src\core\utils\widget_builder.py", line 42, in _build_widget
  File "C:\hostedtoolcache\windows\Python\3.12.7\x64\Lib\importlib\__init__.py", line 90, in import_module
  File "<frozen importlib._bootstrap>", line 1387, in _gcd_import
  File "<frozen importlib._bootstrap>", line 1360, in _find_and_load
  File "<frozen importlib._bootstrap>", line 1324, in _find_and_load_unlocked
ModuleNotFoundError: No module named 'core.widgets.yasb.microphone'
2024-12-28 11:41:33 INFO weather.py:156: Fetched new weather data at 2024-12-28 11:41:33.219579
2024-12-28 11:41:33 ERROR widget_builder.py:64: Failed to import widget with type yasb.microphone.MicrophoneWidget
Traceback (most recent call last):
  File "D:\a\yasb\yasb\src\core\utils\widget_builder.py", line 42, in _build_widget
  File "C:\hostedtoolcache\windows\Python\3.12.7\x64\Lib\importlib\__init__.py", line 90, in import_module
  File "<frozen importlib._bootstrap>", line 1387, in _gcd_import
  File "<frozen importlib._bootstrap>", line 1360, in _find_and_load
  File "<frozen importlib._bootstrap>", line 1324, in _find_and_load_unlocked
ModuleNotFoundError: No module named 'core.widgets.yasb.microphone'
2024-12-28 11:41:33 INFO event_listener.py:52: Created named pipe yasb-7c795e37-c4b4-11ef-b0ce-e848b8c82000
2024-12-28 11:41:33 INFO event_listener.py:106: Waiting for Komorebi to subscribe to named pipe yasb-7c795e37-c4b4-11ef-b0ce-e848b8c82000
2024-12-28 11:41:33 INFO event_listener.py:118: Komorebi connected to named pipe: yasb-7c795e37-c4b4-11ef-b0ce-e848b8c82000
2024-12-28 11:41:34 INFO watcher.py:39: Created file watcher for path C:\Users\jojat\.config\yasb
2024-12-28 11:41:34 DEBUG _windows.py:213: Starting (proactor: <_IocpProactor overlapped#=0 result#=0>)...
2024-12-28 11:41:34 DEBUG _windows.py:192: Thread started
2024-12-28 11:41:40 INFO tray.py:205: Exiting Application from tray...
2024-12-28 11:41:40 DEBUG _windows.py:218: Stopping worker thread...
2024-12-28 11:41:40 DEBUG _windows.py:201: Exiting thread
2024-12-28 11:41:40 DEBUG _windows.py:75: Closing
2024-12-28 11:42:29 INFO log.py:21: Yasb
2024-12-28 11:42:29 ERROR errorhandler.py:105: Property: Invalid value for "CSS Level 2.1" property: 241, 235, 235 [6:5: color]
2024-12-28 11:42:29 ERROR errorhandler.py:105: Property: Invalid value for "CSS Fonts Module Level 3 @font-face properties/CSS Level 2.1" property: regular [7:5: font-weight]
2024-12-28 11:42:29 DEBUG win32.py:58: Looking up time zone info from registry
2024-12-28 11:42:30 INFO weather.py:158: Fetched new weather data at 2024-12-28 11:42:30.057896
2024-12-28 11:42:30 DEBUG __init__.py:143: CoInitializeEx(None, 2)
2024-12-28 11:42:30 INFO weather.py:158: Fetched new weather data at 2024-12-28 11:42:30.668864
2024-12-28 11:42:30 INFO event_listener.py:52: Created named pipe yasb-9ebdbdf7-c4b4-11ef-8aa1-e848b8c82000
2024-12-28 11:42:30 INFO event_listener.py:106: Waiting for Komorebi to subscribe to named pipe yasb-9ebdbdf7-c4b4-11ef-8aa1-e848b8c82000
2024-12-28 11:42:30 INFO watcher.py:39: Created file watcher for path C:\Users\jojat\.config\yasb
2024-12-28 11:42:30 DEBUG _windows.py:213: Starting (proactor: <_IocpProactor overlapped#=0 result#=0>)...
2024-12-28 11:42:30 DEBUG _windows.py:192: Thread started
2024-12-28 11:42:31 INFO event_listener.py:118: Komorebi connected to named pipe: yasb-9ebdbdf7-c4b4-11ef-8aa1-e848b8c82000
2024-12-28 11:52:30 INFO weather.py:158: Fetched new weather data at 2024-12-28 11:52:30.238764
2024-12-28 11:52:30 INFO weather.py:158: Fetched new weather data at 2024-12-28 11:52:30.956935
2024-12-28 12:02:30 INFO weather.py:158: Fetched new weather data at 2024-12-28 12:02:30.168502
2024-12-28 12:02:30 INFO weather.py:158: Fetched new weather data at 2024-12-28 12:02:30.893042
2024-12-28 12:12:30 INFO weather.py:158: Fetched new weather data at 2024-12-28 12:12:30.109705
2024-12-28 12:12:30 INFO weather.py:158: Fetched new weather data at 2024-12-28 12:12:30.818829
2024-12-28 12:22:30 INFO weather.py:158: Fetched new weather data at 2024-12-28 12:22:30.064632
2024-12-28 12:22:30 INFO weather.py:158: Fetched new weather data at 2024-12-28 12:22:30.738453
2024-12-28 12:32:05 WARNING event_listener.py:83: Pipe has been ended: (109, 'PeekNamedPipe', 'The pipe has been ended.')
2024-12-28 12:32:05 INFO event_listener.py:93: Attempting to reconnect...
2024-12-28 12:32:08 INFO tray.py:202: Exiting Application from tray...
2024-12-28 12:32:08 DEBUG _windows.py:218: Stopping worker thread...
2024-12-28 12:32:08 DEBUG _windows.py:201: Exiting thread
2024-12-28 12:32:08 DEBUG _windows.py:75: Closing
2024-12-28 16:49:38 INFO log.py:21: Yasb
2024-12-28 16:49:38 ERROR errorhandler.py:105: Property: Invalid value for "CSS Level 2.1" property: 241, 235, 235 [6:5: color]
2024-12-28 16:49:38 ERROR errorhandler.py:105: Property: Invalid value for "CSS Fonts Module Level 3 @font-face properties/CSS Level 2.1" property: regular [7:5: font-weight]
2024-12-28 16:49:38 DEBUG win32.py:58: Looking up time zone info from registry
2024-12-28 16:49:40 INFO weather.py:158: Fetched new weather data at 2024-12-28 16:49:40.551597
2024-12-28 16:49:40 DEBUG __init__.py:143: CoInitializeEx(None, 2)
2024-12-28 16:49:41 INFO weather.py:158: Fetched new weather data at 2024-12-28 16:49:41.470183
2024-12-28 16:49:41 INFO event_listener.py:52: Created named pipe yasb-884bfc3d-c4df-11ef-b43e-e848b8c82000
2024-12-28 16:49:41 INFO event_listener.py:106: Waiting for Komorebi to subscribe to named pipe yasb-884bfc3d-c4df-11ef-b43e-e848b8c82000
2024-12-28 16:49:41 INFO watcher.py:39: Created file watcher for path C:\Users\jojat\.config\yasb
2024-12-28 16:49:41 DEBUG _windows.py:213: Starting (proactor: <_IocpProactor overlapped#=0 result#=0>)...
2024-12-28 16:49:41 DEBUG _windows.py:192: Thread started
2024-12-28 16:49:41 WARNING event_listener.py:111: Komorebi failed to subscribe named pipe. Waiting for subscription...
2024-12-28 16:50:32 INFO event_listener.py:118: Komorebi connected to named pipe: yasb-884bfc3d-c4df-11ef-b43e-e848b8c82000
2024-12-28 16:59:40 INFO weather.py:158: Fetched new weather data at 2024-12-28 16:59:40.511689
2024-12-28 16:59:41 INFO weather.py:158: Fetched new weather data at 2024-12-28 16:59:41.433949
2024-12-28 17:09:40 INFO weather.py:158: Fetched new weather data at 2024-12-28 17:09:40.491524
2024-12-28 17:09:41 INFO weather.py:158: Fetched new weather data at 2024-12-28 17:09:41.414473
2024-12-28 17:16:44 WARNING event_listener.py:83: Pipe has been ended: (109, 'PeekNamedPipe', 'The pipe has been ended.')
2024-12-28 17:16:44 INFO event_listener.py:93: Attempting to reconnect...
2024-12-29 10:04:37 INFO log.py:21: Yasb
2024-12-29 10:04:37 ERROR errorhandler.py:105: Property: Invalid value for "CSS Level 2.1" property: 241, 235, 235 [6:5: color]
2024-12-29 10:04:37 ERROR errorhandler.py:105: Property: Invalid value for "CSS Fonts Module Level 3 @font-face properties/CSS Level 2.1" property: regular [7:5: font-weight]
2024-12-29 10:04:37 DEBUG win32.py:58: Looking up time zone info from registry
2024-12-29 10:04:37 INFO weather.py:158: Fetched new weather data at 2024-12-29 10:04:37.677391
2024-12-29 10:04:37 DEBUG __init__.py:143: CoInitializeEx(None, 2)
2024-12-29 10:04:38 INFO weather.py:158: Fetched new weather data at 2024-12-29 10:04:38.340888
2024-12-29 10:04:38 INFO event_listener.py:52: Created named pipe yasb-1cef0044-c570-11ef-b744-e848b8c82000
2024-12-29 10:04:38 INFO event_listener.py:106: Waiting for Komorebi to subscribe to named pipe yasb-1cef0044-c570-11ef-b744-e848b8c82000
2024-12-29 10:04:38 INFO watcher.py:39: Created file watcher for path C:\Users\jojat\.config\yasb
2024-12-29 10:04:38 DEBUG _windows.py:213: Starting (proactor: <_IocpProactor overlapped#=0 result#=0>)...
2024-12-29 10:04:38 DEBUG _windows.py:192: Thread started
2024-12-29 10:04:39 WARNING event_listener.py:111: Komorebi failed to subscribe named pipe. Waiting for subscription...
2024-12-29 10:04:42 INFO tray.py:202: Exiting Application from tray...
2024-12-29 10:04:42 DEBUG _windows.py:218: Stopping worker thread...
2024-12-29 10:04:42 DEBUG _windows.py:201: Exiting thread
2024-12-29 10:04:42 DEBUG _windows.py:75: Closing
2025-01-04 08:43:21 INFO log.py:21: Yasb
2025-01-04 08:43:21 ERROR errorhandler.py:105: Property: Invalid value for "CSS Level 2.1" property: 241, 235, 235 [6:5: color]
2025-01-04 08:43:21 ERROR errorhandler.py:105: Property: Invalid value for "CSS Fonts Module Level 3 @font-face properties/CSS Level 2.1" property: regular [7:5: font-weight]
2025-01-04 08:43:21 DEBUG win32.py:58: Looking up time zone info from registry
2025-01-04 08:43:23 INFO weather.py:158: Fetched new weather data at 2025-01-04 08:43:23.541215
2025-01-04 08:43:23 DEBUG __init__.py:143: CoInitializeEx(None, 2)
2025-01-04 08:43:24 INFO weather.py:158: Fetched new weather data at 2025-01-04 08:43:24.378941
2025-01-04 08:43:24 INFO event_listener.py:52: Created named pipe yasb-c252d88a-ca1b-11ef-911f-e848b8c82000
2025-01-04 08:43:24 INFO event_listener.py:106: Waiting for Komorebi to subscribe to named pipe yasb-c252d88a-ca1b-11ef-911f-e848b8c82000
2025-01-04 08:43:24 INFO watcher.py:39: Created file watcher for path C:\Users\jojat\.config\yasb
2025-01-04 08:43:24 DEBUG _windows.py:213: Starting (proactor: <_IocpProactor overlapped#=0 result#=0>)...
2025-01-04 08:43:24 DEBUG _windows.py:192: Thread started
2025-01-04 08:43:24 WARNING event_listener.py:111: Komorebi failed to subscribe named pipe. Waiting for subscription...
2025-01-04 08:49:29 INFO bar_manager.py:64: Screens updated. Re-initialising all bars.
2025-01-04 08:49:29 INFO log.py:21: Yasb
2025-01-04 08:49:29 ERROR errorhandler.py:105: Property: Invalid value for "CSS Level 2.1" property: 241, 235, 235 [6:5: color]
2025-01-04 08:49:29 ERROR errorhandler.py:105: Property: Invalid value for "CSS Fonts Module Level 3 @font-face properties/CSS Level 2.1" property: regular [7:5: font-weight]
2025-01-04 08:49:29 DEBUG win32.py:58: Looking up time zone info from registry
2025-01-04 08:49:30 INFO weather.py:158: Fetched new weather data at 2025-01-04 08:49:30.048848
2025-01-04 08:49:30 DEBUG __init__.py:143: CoInitializeEx(None, 2)
2025-01-04 08:49:30 INFO event_listener.py:52: Created named pipe yasb-9c9c44af-ca1c-11ef-b9a7-e848b8c82000
2025-01-04 08:49:30 INFO event_listener.py:106: Waiting for Komorebi to subscribe to named pipe yasb-9c9c44af-ca1c-11ef-b9a7-e848b8c82000
2025-01-04 08:49:30 INFO watcher.py:39: Created file watcher for path C:\Users\jojat\.config\yasb
2025-01-04 08:49:30 DEBUG _windows.py:213: Starting (proactor: <_IocpProactor overlapped#=0 result#=0>)...
2025-01-04 08:49:30 DEBUG _windows.py:192: Thread started
2025-01-04 08:49:30 WARNING event_listener.py:111: Komorebi failed to subscribe named pipe. Waiting for subscription...
2025-01-04 08:49:31 INFO bar_manager.py:64: Screens updated. Re-initialising all bars.
2025-01-04 08:49:32 INFO log.py:21: Yasb
2025-01-04 08:49:32 ERROR errorhandler.py:105: Property: Invalid value for "CSS Level 2.1" property: 241, 235, 235 [6:5: color]
2025-01-04 08:49:32 ERROR errorhandler.py:105: Property: Invalid value for "CSS Fonts Module Level 3 @font-face properties/CSS Level 2.1" property: regular [7:5: font-weight]
2025-01-04 08:49:32 DEBUG win32.py:58: Looking up time zone info from registry
2025-01-04 08:49:32 INFO weather.py:158: Fetched new weather data at 2025-01-04 08:49:32.571810
2025-01-04 08:49:32 DEBUG __init__.py:143: CoInitializeEx(None, 2)
2025-01-04 08:49:33 INFO weather.py:158: Fetched new weather data at 2025-01-04 08:49:33.306739
2025-01-04 08:49:33 INFO event_listener.py:52: Created named pipe yasb-9e43b2b2-ca1c-11ef-ba47-e848b8c82000
2025-01-04 08:49:33 INFO event_listener.py:106: Waiting for Komorebi to subscribe to named pipe yasb-9e43b2b2-ca1c-11ef-ba47-e848b8c82000
2025-01-04 08:49:33 INFO watcher.py:39: Created file watcher for path C:\Users\jojat\.config\yasb
2025-01-04 08:49:33 DEBUG _windows.py:213: Starting (proactor: <_IocpProactor overlapped#=0 result#=0>)...
2025-01-04 08:49:33 DEBUG _windows.py:192: Thread started
2025-01-04 08:49:33 WARNING event_listener.py:111: Komorebi failed to subscribe named pipe. Waiting for subscription...
2025-01-04 08:49:36 INFO bar_manager.py:64: Screens updated. Re-initialising all bars.
2025-01-04 08:49:36 INFO log.py:21: Yasb
2025-01-04 08:49:36 ERROR errorhandler.py:105: Property: Invalid value for "CSS Level 2.1" property: 241, 235, 235 [6:5: color]
2025-01-04 08:49:36 ERROR errorhandler.py:105: Property: Invalid value for "CSS Fonts Module Level 3 @font-face properties/CSS Level 2.1" property: regular [7:5: font-weight]
2025-01-04 08:49:37 DEBUG win32.py:58: Looking up time zone info from registry
2025-01-04 08:49:37 INFO weather.py:158: Fetched new weather data at 2025-01-04 08:49:37.187944
2025-01-04 08:49:37 DEBUG __init__.py:143: CoInitializeEx(None, 2)
2025-01-04 08:49:37 INFO event_listener.py:52: Created named pipe yasb-a0cab74b-ca1c-11ef-8bf2-e848b8c82000
2025-01-04 08:49:37 INFO event_listener.py:106: Waiting for Komorebi to subscribe to named pipe yasb-a0cab74b-ca1c-11ef-8bf2-e848b8c82000
2025-01-04 08:49:37 INFO watcher.py:39: Created file watcher for path C:\Users\jojat\.config\yasb
2025-01-04 08:49:37 DEBUG _windows.py:213: Starting (proactor: <_IocpProactor overlapped#=0 result#=0>)...
2025-01-04 08:49:37 DEBUG _windows.py:192: Thread started
2025-01-04 08:49:37 WARNING event_listener.py:111: Komorebi failed to subscribe named pipe. Waiting for subscription...
2025-01-04 08:49:38 INFO bar_manager.py:64: Screens updated. Re-initialising all bars.
2025-01-04 08:49:39 INFO log.py:21: Yasb
2025-01-04 08:49:39 ERROR errorhandler.py:105: Property: Invalid value for "CSS Level 2.1" property: 241, 235, 235 [6:5: color]
2025-01-04 08:49:39 ERROR errorhandler.py:105: Property: Invalid value for "CSS Fonts Module Level 3 @font-face properties/CSS Level 2.1" property: regular [7:5: font-weight]
2025-01-04 08:49:39 DEBUG win32.py:58: Looking up time zone info from registry
2025-01-04 08:49:39 INFO weather.py:158: Fetched new weather data at 2025-01-04 08:49:39.515598
2025-01-04 08:49:39 DEBUG __init__.py:143: CoInitializeEx(None, 2)
2025-01-04 08:49:40 INFO weather.py:158: Fetched new weather data at 2025-01-04 08:49:40.354806
2025-01-04 08:49:40 INFO event_listener.py:52: Created named pipe yasb-a26fc718-ca1c-11ef-9d76-e848b8c82000
2025-01-04 08:49:40 INFO event_listener.py:106: Waiting for Komorebi to subscribe to named pipe yasb-a26fc718-ca1c-11ef-9d76-e848b8c82000
2025-01-04 08:49:40 INFO watcher.py:39: Created file watcher for path C:\Users\jojat\.config\yasb
2025-01-04 08:49:40 DEBUG _windows.py:213: Starting (proactor: <_IocpProactor overlapped#=0 result#=0>)...
2025-01-04 08:49:40 DEBUG _windows.py:192: Thread started
2025-01-04 08:49:40 WARNING event_listener.py:111: Komorebi failed to subscribe named pipe. Waiting for subscription...
2025-01-04 08:49:45 INFO bar_manager.py:64: Screens updated. Re-initialising all bars.
2025-01-04 08:49:46 INFO log.py:21: Yasb
2025-01-04 08:49:46 ERROR errorhandler.py:105: Property: Invalid value for "CSS Level 2.1" property: 241, 235, 235 [6:5: color]
2025-01-04 08:49:46 ERROR errorhandler.py:105: Property: Invalid value for "CSS Fonts Module Level 3 @font-face properties/CSS Level 2.1" property: regular [7:5: font-weight]
2025-01-04 08:49:46 DEBUG win32.py:58: Looking up time zone info from registry
2025-01-04 08:49:46 INFO weather.py:158: Fetched new weather data at 2025-01-04 08:49:46.627878
2025-01-04 08:49:46 DEBUG __init__.py:143: CoInitializeEx(None, 2)
2025-01-04 08:49:47 INFO weather.py:158: Fetched new weather data at 2025-01-04 08:49:47.477105
2025-01-04 08:49:47 INFO event_listener.py:52: Created named pipe yasb-a6ac7eb9-ca1c-11ef-94e8-e848b8c82000
2025-01-04 08:49:47 INFO event_listener.py:106: Waiting for Komorebi to subscribe to named pipe yasb-a6ac7eb9-ca1c-11ef-94e8-e848b8c82000
2025-01-04 08:49:47 INFO watcher.py:39: Created file watcher for path C:\Users\jojat\.config\yasb
2025-01-04 08:49:47 DEBUG _windows.py:213: Starting (proactor: <_IocpProactor overlapped#=0 result#=0>)...
2025-01-04 08:49:47 DEBUG _windows.py:192: Thread started
2025-01-04 08:49:47 WARNING event_listener.py:111: Komorebi failed to subscribe named pipe. Waiting for subscription...
2025-01-04 08:59:46 INFO weather.py:158: Fetched new weather data at 2025-01-04 08:59:46.747041
2025-01-04 08:59:47 INFO weather.py:158: Fetched new weather data at 2025-01-04 08:59:47.704951
2025-01-04 09:09:46 INFO weather.py:158: Fetched new weather data at 2025-01-04 09:09:46.686918
2025-01-04 09:09:47 INFO weather.py:158: Fetched new weather data at 2025-01-04 09:09:47.622321
2025-01-04 09:19:46 INFO weather.py:158: Fetched new weather data at 2025-01-04 09:19:46.604707
2025-01-04 09:19:47 INFO weather.py:158: Fetched new weather data at 2025-01-04 09:19:47.522546
2025-01-04 09:29:46 INFO weather.py:158: Fetched new weather data at 2025-01-04 09:29:46.610910
2025-01-04 09:29:47 INFO weather.py:158: Fetched new weather data at 2025-01-04 09:29:47.478623
2025-01-04 09:39:46 INFO weather.py:158: Fetched new weather data at 2025-01-04 09:39:46.333356
2025-01-04 09:39:47 INFO weather.py:158: Fetched new weather data at 2025-01-04 09:39:47.297460
2025-01-04 09:49:46 INFO weather.py:158: Fetched new weather data at 2025-01-04 09:49:46.449983
2025-01-04 09:49:47 INFO weather.py:158: Fetched new weather data at 2025-01-04 09:49:47.476883
2025-01-04 09:59:46 INFO weather.py:158: Fetched new weather data at 2025-01-04 09:59:46.499779
2025-01-04 09:59:47 INFO weather.py:158: Fetched new weather data at 2025-01-04 09:59:47.247014
2025-01-04 10:09:46 INFO weather.py:158: Fetched new weather data at 2025-01-04 10:09:46.281166
2025-01-04 10:09:47 INFO weather.py:158: Fetched new weather data at 2025-01-04 10:09:47.306963
2025-01-04 10:19:46 INFO weather.py:158: Fetched new weather data at 2025-01-04 10:19:46.366374
2025-01-04 10:19:47 INFO weather.py:158: Fetched new weather data at 2025-01-04 10:19:47.321882
2025-01-04 10:29:46 INFO weather.py:158: Fetched new weather data at 2025-01-04 10:29:46.456040
2025-01-04 10:29:47 INFO weather.py:158: Fetched new weather data at 2025-01-04 10:29:47.418375
2025-01-04 10:39:46 INFO weather.py:158: Fetched new weather data at 2025-01-04 10:39:46.425072
2025-01-04 10:39:47 INFO weather.py:158: Fetched new weather data at 2025-01-04 10:39:47.255030
2025-01-04 10:49:46 INFO weather.py:158: Fetched new weather data at 2025-01-04 10:49:46.394162
2025-01-04 10:49:47 INFO weather.py:158: Fetched new weather data at 2025-01-04 10:49:47.341115
2025-01-04 10:59:46 INFO weather.py:158: Fetched new weather data at 2025-01-04 10:59:46.199165
2025-01-04 10:59:47 INFO weather.py:158: Fetched new weather data at 2025-01-04 10:59:47.285014
2025-01-04 11:09:46 INFO weather.py:158: Fetched new weather data at 2025-01-04 11:09:46.403370
2025-01-04 11:09:47 INFO weather.py:158: Fetched new weather data at 2025-01-04 11:09:47.352299
2025-01-04 11:19:46 INFO weather.py:158: Fetched new weather data at 2025-01-04 11:19:46.238944
2025-01-04 11:19:47 INFO weather.py:158: Fetched new weather data at 2025-01-04 11:19:47.173116
2025-01-04 11:26:05 INFO tray.py:202: Exiting Application from tray...
2025-01-04 11:26:05 DEBUG _windows.py:218: Stopping worker thread...
2025-01-04 11:26:05 DEBUG _windows.py:201: Exiting thread
2025-01-04 11:26:05 DEBUG _windows.py:75: Closing
2025-01-06 09:11:10 INFO log.py:21: Yasb
2025-01-06 09:11:10 ERROR errorhandler.py:105: Property: Invalid value for "CSS Level 2.1" property: 241, 235, 235 [6:5: color]
2025-01-06 09:11:10 ERROR errorhandler.py:105: Property: Invalid value for "CSS Fonts Module Level 3 @font-face properties/CSS Level 2.1" property: regular [7:5: font-weight]
2025-01-06 09:11:11 DEBUG win32.py:58: Looking up time zone info from registry
2025-01-06 09:11:12 INFO weather.py:158: Fetched new weather data at 2025-01-06 09:11:12.784240
2025-01-06 09:11:12 DEBUG __init__.py:143: CoInitializeEx(None, 2)
2025-01-06 09:11:13 INFO weather.py:158: Fetched new weather data at 2025-01-06 09:11:13.571240
2025-01-06 09:11:13 INFO event_listener.py:52: Created named pipe yasb-fa1c6637-cbb1-11ef-a12b-e848b8c82000
2025-01-06 09:11:13 INFO event_listener.py:106: Waiting for Komorebi to subscribe to named pipe yasb-fa1c6637-cbb1-11ef-a12b-e848b8c82000
2025-01-06 09:11:13 INFO watcher.py:39: Created file watcher for path C:\Users\jojat\.config\yasb
2025-01-06 09:11:13 DEBUG _windows.py:213: Starting (proactor: <_IocpProactor overlapped#=0 result#=0>)...
2025-01-06 09:11:13 DEBUG _windows.py:192: Thread started
2025-01-06 09:11:13 INFO event_listener.py:118: Komorebi connected to named pipe: yasb-fa1c6637-cbb1-11ef-a12b-e848b8c82000
2025-01-06 09:11:36 WARNING event_listener.py:83: Pipe has been ended: (109, 'PeekNamedPipe', 'The pipe has been ended.')
2025-01-06 09:11:36 INFO event_listener.py:93: Attempting to reconnect...
2025-01-06 09:11:41 INFO event_listener.py:52: Created named pipe yasb-fa1c6637-cbb1-11ef-a12b-e848b8c82000
2025-01-06 09:11:41 INFO event_listener.py:106: Waiting for Komorebi to subscribe to named pipe yasb-fa1c6637-cbb1-11ef-a12b-e848b8c82000
2025-01-06 09:11:41 WARNING event_listener.py:111: Komorebi failed to subscribe named pipe. Waiting for subscription...
2025-01-06 09:11:51 INFO event_listener.py:118: Komorebi connected to named pipe: yasb-fa1c6637-cbb1-11ef-a12b-e848b8c82000
2025-01-06 09:21:12 INFO weather.py:158: Fetched new weather data at 2025-01-06 09:21:12.749284
2025-01-06 09:21:13 INFO weather.py:158: Fetched new weather data at 2025-01-06 09:21:13.533263
2025-01-06 09:31:12 INFO weather.py:158: Fetched new weather data at 2025-01-06 09:31:12.720080
2025-01-06 09:31:13 INFO weather.py:158: Fetched new weather data at 2025-01-06 09:31:13.500615
2025-01-06 09:41:12 INFO weather.py:158: Fetched new weather data at 2025-01-06 09:41:12.701849
2025-01-06 09:41:13 INFO weather.py:158: Fetched new weather data at 2025-01-06 09:41:13.481063
2025-01-06 09:51:12 INFO weather.py:158: Fetched new weather data at 2025-01-06 09:51:12.684378
2025-01-06 09:51:13 INFO weather.py:158: Fetched new weather data at 2025-01-06 09:51:13.463763
2025-01-06 10:01:12 INFO weather.py:158: Fetched new weather data at 2025-01-06 10:01:12.668418
2025-01-06 10:01:13 INFO weather.py:158: Fetched new weather data at 2025-01-06 10:01:13.448894
2025-01-06 10:11:12 INFO weather.py:158: Fetched new weather data at 2025-01-06 10:11:12.659137
2025-01-06 10:11:13 INFO weather.py:158: Fetched new weather data at 2025-01-06 10:11:13.437675
2025-01-06 10:21:12 INFO weather.py:158: Fetched new weather data at 2025-01-06 10:21:12.647988
2025-01-06 10:21:13 INFO weather.py:158: Fetched new weather data at 2025-01-06 10:21:13.428195
2025-01-06 10:31:12 INFO weather.py:158: Fetched new weather data at 2025-01-06 10:31:12.637097
2025-01-06 10:31:13 INFO weather.py:158: Fetched new weather data at 2025-01-06 10:31:13.418537
2025-01-06 10:40:48 INFO tray.py:202: Exiting Application from tray...
2025-01-06 10:40:48 DEBUG _windows.py:218: Stopping worker thread...
2025-01-06 10:40:48 DEBUG _windows.py:201: Exiting thread
2025-01-06 10:40:48 DEBUG _windows.py:75: Closing
